#1,"SwitchBot スイッチボット スマートプラグ Wi-Fi コンセント  タイマー 遠隔操作 音声コントロール Alexa Google Home IFTTT Siriに対応
        ",https://www.amazon.co.jp/SwitchBot-%E3%82%B9%E3%82%A4%E3%83%83%E3%83%81%E3%83%9C%E3%83%83%E3%83%88-%E3%82%B9%E3%83%9E%E3%83%BC%E3%83%88%E3%83%97%E3%83%A9%E3%82%B0-%E9%9F%B3%E5%A3%B0%E3%82%B3%E3%83%B3%E3%83%88%E3%83%AD%E3%83%BC%E3%83%AB-Siri%E3%81%AB%E5%AF%BE%E5%BF%9C/dp/B07TVSGJT4?_encoding=UTF8&psc=1
#2,"Amazon純正 スマートプラグ (Works with Alexa認定)
        ",https://www.amazon.co.jp/Amazon%E7%B4%94%E6%AD%A3-%E3%82%B9%E3%83%9E%E3%83%BC%E3%83%88%E3%83%97%E3%83%A9%E3%82%B0-Works-with-Alexa%E8%AA%8D%E5%AE%9A/dp/B07V1PZFXY?_encoding=UTF8&psc=1
#3,"【広耳 日本国内検品】マスク 100枚入 個包装 耳痛くならない 不織布 三層構造 使い捨て プリーツ型マスク
        ",https://www.amazon.co.jp/%E6%97%A5%E6%9C%AC%E5%9B%BD%E5%86%85%E6%A4%9C%E5%93%81%E3%80%91%E3%83%9E%E3%82%B9%E3%82%AF-100%E6%9E%9A%E5%85%A5-%E8%80%B3%E7%97%9B%E3%81%8F%E3%81%AA%E3%82%89%E3%81%AA%E3%81%84-%E4%B8%89%E5%B1%A4%E6%A7%8B%E9%80%A0-%E3%83%97%E3%83%AA%E3%83%BC%E3%83%84%E5%9E%8B%E3%83%9E%E3%82%B9%E3%82%AF/dp/B087PF2643?_encoding=UTF8&psc=1
#4,"OTOKU 両面テープ 魔法テープ テープ 超強力 のり残らず 繰り返し はがせる 防水 強力 滑り止め 洗濯可能 多機能 多サイズ 家庭 オフィス 寮 学校 会社 工業用など (3cmx0.2cmx1m)
        ",https://www.amazon.co.jp/OTOKU-%E4%B8%A1%E9%9D%A2%E3%83%86%E3%83%BC%E3%83%97-%E9%AD%94%E6%B3%95%E3%83%86%E3%83%BC%E3%83%97-%E3%81%AE%E3%82%8A%E6%AE%8B%E3%82%89%E3%81%9A-3cmx0-2cmx1m/dp/B07ZFCHR8X?_encoding=UTF8&psc=1
#5,"Echo Show 5 (エコーショー5) スクリーン付きスマートスピーカー with Alexa、サンドストーン + Nature スマートリモコン Remo 3
        ",https://www.amazon.co.jp/%E3%82%B9%E3%82%AF%E3%83%AA%E3%83%BC%E3%83%B3%E4%BB%98%E3%81%8D%E3%82%B9%E3%83%9E%E3%83%BC%E3%83%88%E3%82%B9%E3%83%94%E3%83%BC%E3%82%AB%E3%83%BC-Alexa%E3%80%81%E3%82%B5%E3%83%B3%E3%83%89%E3%82%B9%E3%83%88%E3%83%BC%E3%83%B3-Nature-%E3%82%B9%E3%83%9E%E3%83%BC%E3%83%88%E3%83%AA%E3%83%A2%E3%82%B3%E3%83%B3-Remo/dp/B08F2XP41Q?_encoding=UTF8&psc=1
#6,"YAMAMOTO(山本光学) スタンダードモデル YF-800S くもり止め超軽量フェイスシールドグラス 本体セット(フレーム1本+レンズ3枚入り)
        ",https://www.amazon.co.jp/%E5%B1%B1%E6%9C%AC%E5%85%89%E5%AD%A6-YF800S-%E3%82%B9%E3%83%AF%E3%83%B3-%E8%B6%85%E8%BB%BD%E9%87%8F%E3%82%B0%E3%83%A9%E3%82%B9%E3%82%B7%E3%83%BC%E3%83%AB%E3%83%89YF-800-S/dp/B000W9C3AY?_encoding=UTF8&psc=1
#7,"【4層 マスク 50枚 日本再度検品済】不織布 99%カットフィルター採用 ベトナム製 大人用サイズ 使い捨て プリーツ型 | 50枚（50枚入×1箱）
        ",https://www.amazon.co.jp/%E6%97%A5%E6%9C%AC%E5%86%8D%E5%BA%A6%E6%A4%9C%E5%93%81%E6%B8%88%E3%80%91%E4%B8%8D%E7%B9%94%E5%B8%83-99-%E3%82%AB%E3%83%83%E3%83%88%E3%83%95%E3%82%A3%E3%83%AB%E3%82%BF%E3%83%BC%E6%8E%A1%E7%94%A8-%E3%83%99%E3%83%88%E3%83%8A%E3%83%A0%E8%A3%BD-%E5%A4%A7%E4%BA%BA%E7%94%A8%E3%82%B5%E3%82%A4%E3%82%BA-50%E6%9E%9A%EF%BC%8850%E6%9E%9A%E5%85%A5%C3%971%E7%AE%B1%EF%BC%89/dp/B08CXL629R?_encoding=UTF8&psc=1
#8,"タニタ キッチンスケール はかり 料理 デジタル 1kg 0.5g単位 ストーンホワイト KJ-114 SWH すぐにピタッとはかれる
        ",https://www.amazon.co.jp/%E3%82%BF%E3%83%8B%E3%82%BF-%E3%82%AD%E3%83%83%E3%83%81%E3%83%B3%E3%82%B9%E3%82%B1%E3%83%BC%E3%83%AB-0-5g%E5%8D%98%E4%BD%8D-%E3%82%B9%E3%83%88%E3%83%BC%E3%83%B3%E3%83%9B%E3%83%AF%E3%82%A4%E3%83%88-%E3%81%99%E3%81%90%E3%81%AB%E3%83%94%E3%82%BF%E3%83%83%E3%81%A8%E3%81%AF%E3%81%8B%E3%82%8C%E3%82%8B/dp/B087C3K94F?_encoding=UTF8&psc=1
#9,"TOAMIT SKS 東亜産業 非接触式電子温度計 遠赤外線 非接触温度計インセカンズ inSeconds 50回記録
        ",https://www.amazon.co.jp/TOAMIT-%E9%9D%9E%E6%8E%A5%E8%A7%A6%E5%BC%8F%E9%9B%BB%E5%AD%90%E6%B8%A9%E5%BA%A6%E8%A8%88-%E9%9D%9E%E6%8E%A5%E8%A7%A6%E6%B8%A9%E5%BA%A6%E8%A8%88%E3%82%A4%E3%83%B3%E3%82%BB%E3%82%AB%E3%83%B3%E3%82%BA-inSeconds-50%E5%9B%9E%E8%A8%98%E9%8C%B2/dp/B08KY4C95X?_encoding=UTF8&psc=1
#10,"ニチバン 布テープ 50mm×25m巻 121-50 黄土
        ",https://www.amazon.co.jp/%E3%83%8B%E3%83%81%E3%83%90%E3%83%B3-%E5%B8%83%E3%83%86%E3%83%BC%E3%83%97-50mm%C3%9725m%E5%B7%BB-121-50-%E9%BB%84%E5%9C%9F/dp/B001GR4C5U?_encoding=UTF8&psc=1
#11,"耐熱 手袋 キャンプグローブ レザーグローブ BBQ 耐熱グローブ アウトドア用 作業革手袋 MLS301
        ",https://www.amazon.co.jp/%E3%82%AD%E3%83%A3%E3%83%B3%E3%83%97%E3%82%B0%E3%83%AD%E3%83%BC%E3%83%96-%E3%83%AC%E3%82%B6%E3%83%BC%E3%82%B0%E3%83%AD%E3%83%BC%E3%83%96-%E8%80%90%E7%86%B1%E3%82%B0%E3%83%AD%E3%83%BC%E3%83%96-%E3%82%A2%E3%82%A6%E3%83%88%E3%83%89%E3%82%A2%E7%94%A8-MLS301/dp/B07P9VJ8HC?_encoding=UTF8&psc=1
#12,"TOAMIT SKS 東亜産業 非接触温度計 inSeconds
        ",https://www.amazon.co.jp/TOAMIT-SKS-%E6%9D%B1%E4%BA%9C%E7%94%A3%E6%A5%AD-%E9%9D%9E%E6%8E%A5%E8%A7%A6%E6%B8%A9%E5%BA%A6%E8%A8%88-inSeconds/dp/B08KH4N31H?_encoding=UTF8&psc=1
#13,"立体3層不織布マスク ふつうサイズ(大人用) 50枚入り プラタ mask-50wh
        ",https://www.amazon.co.jp/%E7%AB%8B%E4%BD%933%E5%B1%A4%E4%B8%8D%E7%B9%94%E5%B8%83%E3%83%9E%E3%82%B9%E3%82%AF-%E3%81%B5%E3%81%A4%E3%81%86%E3%82%B5%E3%82%A4%E3%82%BA-50%E6%9E%9A%E5%85%A5%E3%82%8A-%E3%83%97%E3%83%A9%E3%82%BF-mask-50wh/dp/B08CV3KFM5?_encoding=UTF8&psc=1
#14,"【日本製マスク】 前田工繊 スプリトップ 不織布三層マスク 50枚入×1箱
        ",https://www.amazon.co.jp/%E3%80%90%E6%97%A5%E6%9C%AC%E8%A3%BD%E3%83%9E%E3%82%B9%E3%82%AF%E3%80%91-%E5%89%8D%E7%94%B0%E5%B7%A5%E7%B9%8A-%E3%82%B9%E3%83%97%E3%83%AA%E3%83%88%E3%83%83%E3%83%97-%E4%B8%8D%E7%B9%94%E5%B8%83%E4%B8%89%E5%B1%A4%E3%83%9E%E3%82%B9%E3%82%AF-50%E6%9E%9A%E5%85%A5%C3%971%E7%AE%B1/dp/B08B5TFXHD?_encoding=UTF8&psc=1
#15,"ショーワグローブ 【パウダーフリー】No.882 ニトリスト・タッチ 100枚入 ブルー Sサイズ 1函
        ",https://www.amazon.co.jp/%E3%82%B7%E3%83%A7%E3%83%BC%E3%83%AF%E3%82%B0%E3%83%AD%E3%83%BC%E3%83%96-NO882S-%E3%82%B7%E3%83%A7%E3%83%BC%E3%83%AF-%E3%83%8B%E3%83%88%E3%83%AA%E3%82%B9%E3%83%88%E3%83%BB%E3%82%BF%E3%83%83%E3%83%81%E6%89%8B%E8%A2%8B-No-882/dp/B009KI64XK?_encoding=UTF8&psc=1
#16,"【日本メーカー保証】 unifiss 透明 シールド マスク 洗える 個別包装 10枚入り マウスシールド クリアマスク
        ",https://www.amazon.co.jp/%E3%80%90%E6%97%A5%E6%9C%AC%E3%83%A1%E3%83%BC%E3%82%AB%E3%83%BC%E4%BF%9D%E8%A8%BC%E3%80%91-unifiss-10%E6%9E%9A%E5%85%A5%E3%82%8A-%E3%83%9E%E3%82%A6%E3%82%B9%E3%82%B7%E3%83%BC%E3%83%AB%E3%83%89-%E3%82%AF%E3%83%AA%E3%82%A2%E3%83%9E%E3%82%B9%E3%82%AF/dp/B08KJBJ7L1?_encoding=UTF8&psc=1
#17,"ユニ・チャーム 超立体マスク ふつう 50枚入
        ",https://www.amazon.co.jp/%E8%B6%85%E7%AB%8B%E4%BD%93%E3%83%9E%E3%82%B9%E3%82%AF-%E3%83%A6%E3%83%8B%E3%83%BB%E3%83%81%E3%83%A3%E3%83%BC%E3%83%A0-%E3%81%B5%E3%81%A4%E3%81%86-50%E6%9E%9A%E5%85%A5/dp/B018S17Y4W?_encoding=UTF8&psc=1
#18,"【セット買い】ニチバン セロテープ 大巻 10巻入 12mm×35m CT405AP-12 & 両面テープ ナイスタック 一般タイプ 15mm×20m NW-15
        ",https://www.amazon.co.jp/%E3%80%90%E3%82%BB%E3%83%83%E3%83%88%E8%B2%B7%E3%81%84%E3%80%91%E3%83%8B%E3%83%81%E3%83%90%E3%83%B3-12mm%C3%9735m-CT405AP-12-%E3%83%8A%E3%82%A4%E3%82%B9%E3%82%BF%E3%83%83%E3%82%AF-15mm%C3%9720m/dp/B08R9H3TVB?_encoding=UTF8&psc=1
#19,"ショーワグローブ 【防寒手袋】No282防寒テムレス Mサイズ 1双
        ",https://www.amazon.co.jp/%E3%82%B7%E3%83%A7%E3%83%BC%E3%83%AF%E3%82%B0%E3%83%AD%E3%83%BC%E3%83%96-Showaglove-NO282M-%E3%80%90%E9%98%B2%E5%AF%92%E6%89%8B%E8%A2%8B%E3%80%91No282%E9%98%B2%E5%AF%92%E3%83%86%E3%83%A0%E3%83%AC%E3%82%B9-M%E3%82%B5%E3%82%A4%E3%82%BA/dp/B007PLDRAC?_encoding=UTF8&psc=1
#20,"3M ワンタッチベルト 12.7mm×3m ブラック NC-2232R3 & しっかりつくクッションゴム 7.9x2.2mm 丸形 22粒 CS-01【セット買い】
        ",https://www.amazon.co.jp/3M-12-7mm%C3%973m-NC-2232R3-%E3%81%97%E3%81%A3%E3%81%8B%E3%82%8A%E3%81%A4%E3%81%8F%E3%82%AF%E3%83%83%E3%82%B7%E3%83%A7%E3%83%B3%E3%82%B4%E3%83%A0-CS-01%E3%80%90%E3%82%BB%E3%83%83%E3%83%88%E8%B2%B7%E3%81%84%E3%80%91/dp/B08KK2CQD7?_encoding=UTF8&psc=1
#21,"TP-Link WiFiスマートプラグ 2個セット 遠隔操作 Echo シリーズ / Googleホーム / LINE Clova 対応 音声コントロール ハブ不要 3年保証 HS105P2
        ",https://www.amazon.co.jp/TP-Link-WiFi%E3%82%B9%E3%83%9E%E3%83%BC%E3%83%88%E3%83%97%E3%83%A9%E3%82%B0-Google%E3%83%9B%E3%83%BC%E3%83%A0%E5%AF%BE%E5%BF%9C-%E9%9F%B3%E5%A3%B0%E3%82%B3%E3%83%B3%E3%83%88%E3%83%AD%E3%83%BC%E3%83%AB-HS105P2/dp/B07FY4GDDQ?_encoding=UTF8&psc=1
#22,"LOCTITE(ロックタイト) 超強力防水スプレー 布・革 420ml DBS-420
        ",https://www.amazon.co.jp/LOCTITE-%E3%83%AD%E3%83%83%E3%82%AF%E3%82%BF%E3%82%A4%E3%83%88-%E8%B6%85%E5%BC%B7%E5%8A%9B%E9%98%B2%E6%B0%B4%E3%82%B9%E3%83%97%E3%83%AC%E3%83%BC-420ml-DBS-420/dp/B001LO0F2M?_encoding=UTF8&psc=1
#23,"ファブリーズ 除菌消臭スプレー 布用 無香料 アルコール成分入り 詰め替え 320mL
        ",https://www.amazon.co.jp/%E3%83%95%E3%82%A1%E3%83%96%E3%83%AA%E3%83%BC%E3%82%BA-%E9%99%A4%E8%8F%8C%E6%B6%88%E8%87%AD%E3%82%B9%E3%83%97%E3%83%AC%E3%83%BC-%E3%82%A2%E3%83%AB%E3%82%B3%E3%83%BC%E3%83%AB%E6%88%90%E5%88%86%E5%85%A5%E3%82%8A-%E8%A9%B0%E3%82%81%E6%9B%BF%E3%81%88-320mL/dp/B084268GTX?_encoding=UTF8&psc=1
#24,"【Amazon限定ブランド】フェイスシールド 飛沫防止 ガード メガネ マスク 高透明度 ハイグレード 保護シールド 曇り止め 超軽量 呼吸しやすい 髪型崩れない グラスタイプ 業務用 5枚セット
        ",https://www.amazon.co.jp/%E3%80%90Amazon%E9%99%90%E5%AE%9A%E3%83%96%E3%83%A9%E3%83%B3%E3%83%89%E3%80%91%E3%83%95%E3%82%A7%E3%82%A4%E3%82%B9%E3%82%B7%E3%83%BC%E3%83%AB%E3%83%89-%E3%83%8F%E3%82%A4%E3%82%B0%E3%83%AC%E3%83%BC%E3%83%89-%E4%BF%9D%E8%AD%B7%E3%82%B7%E3%83%BC%E3%83%AB%E3%83%89-%E5%91%BC%E5%90%B8%E3%81%97%E3%82%84%E3%81%99%E3%81%84-%E9%AB%AA%E5%9E%8B%E5%B4%A9%E3%82%8C%E3%81%AA%E3%81%84/dp/B08L81C5HR?_encoding=UTF8&psc=1
#25,"3Mスコッチ超強力両面テーププレミアゴールドスーパー多用途粗面KPR-12
        ",https://www.amazon.co.jp/3M-%E3%82%B9%E3%83%AA%E3%83%BC%E3%82%A8%E3%83%A0-KPR-12-3M%E3%82%B9%E3%82%B3%E3%83%83%E3%83%81%E8%B6%85%E5%BC%B7%E5%8A%9B%E4%B8%A1%E9%9D%A2%E3%83%86%E3%83%BC%E3%83%97%E3%83%97%E3%83%AC%E3%83%9F%E3%82%A2%E3%82%B4%E3%83%BC%E3%83%AB%E3%83%89%E3%82%B9%E3%83%BC%E3%83%91%E3%83%BC%E5%A4%9A%E7%94%A8%E9%80%94%E7%B2%97%E9%9D%A2KPR-12/dp/B003CYFPL0?_encoding=UTF8&psc=1
#26,"【セット買い】3M スコッチ ガムテープ 梱包テープ 軽く引き出せるタイプ 48mm×20m カッター付 6巻パック 145DN-AM & スコッチ ガムテープ 梱包テープ 中軽量用 48mm×50m 8巻パック 313 8PN
        ",https://www.amazon.co.jp/%E3%80%90%E3%82%BB%E3%83%83%E3%83%88%E8%B2%B7%E3%81%84%E3%80%913M-%E8%BB%BD%E3%81%8F%E5%BC%95%E3%81%8D%E5%87%BA%E3%81%9B%E3%82%8B%E3%82%BF%E3%82%A4%E3%83%97-48mm%C3%9720m-145DN-AM-48mm%C3%9750m/dp/B08R9GMKSB?_encoding=UTF8&psc=1
#27,"スコッチ 超強力接着剤 プレミアゴールド スーパー多用途2 透明 100g
        ",https://www.amazon.co.jp/3M-%E3%82%B9%E3%83%AA%E3%83%BC%E3%82%A8%E3%83%A0-%E3%83%97%E3%83%AC%E3%83%9F%E3%82%A2%E3%82%B4%E3%83%BC%E3%83%AB%E3%83%89-%E8%B6%85%E5%BC%B7%E5%8A%9B%E6%8E%A5%E7%9D%80%E5%89%A4%E3%82%B9%E3%83%BC%E3%83%91%E3%83%BC%E5%A4%9A%E7%94%A8%E9%80%94-9079/dp/B07D43NHPT?_encoding=UTF8&psc=1
#28,"エーモン 三角停止板 国家公安委員会認定品(認定番号 交F16-2) 6640 & 非常信号灯 国土交通省 保安基準認定品 車検対応 (防水性能IPX3相当) 6726【セット買い】
        ",https://www.amazon.co.jp/%E3%82%A8%E3%83%BC%E3%83%A2%E3%83%B3-%E5%9B%BD%E5%AE%B6%E5%85%AC%E5%AE%89%E5%A7%94%E5%93%A1%E4%BC%9A%E8%AA%8D%E5%AE%9A%E5%93%81-%E4%BF%9D%E5%AE%89%E5%9F%BA%E6%BA%96%E8%AA%8D%E5%AE%9A%E5%93%81-%E9%98%B2%E6%B0%B4%E6%80%A7%E8%83%BDIPX3%E7%9B%B8%E5%BD%93-6726%E3%80%90%E3%82%BB%E3%83%83%E3%83%88%E8%B2%B7%E3%81%84%E3%80%91/dp/B081H117PP?_encoding=UTF8&psc=1
#29,"【業務用 衣料用洗剤】アタック 消臭ストロング ジェル 4Kg(花王プロフェッショナルシリーズ)
        ",https://www.amazon.co.jp/%E3%80%90%E6%A5%AD%E5%8B%99%E7%94%A8-%E8%A1%A3%E6%96%99%E7%94%A8%E6%B4%97%E5%89%A4%E3%80%91%E3%82%A2%E3%82%BF%E3%83%83%E3%82%AF-%E6%B6%88%E8%87%AD%E3%82%B9%E3%83%88%E3%83%AD%E3%83%B3%E3%82%B0%E3%82%B8%E3%82%A7%E3%83%AB-4Kg-%E8%8A%B1%E7%8E%8B%E3%83%97%E3%83%AD%E3%83%95%E3%82%A7%E3%83%83%E3%82%B7%E3%83%A7%E3%83%8A%E3%83%AB%E3%82%B7%E3%83%AA%E3%83%BC%E3%82%BA/dp/B00Y7EV5FY?_encoding=UTF8&psc=1
#30,"ニトムズ 強力 結露 吸水テ-プ 30 シルバ- カビ防止 幅3cm×長さ4m 1巻入 E1010
        ",https://www.amazon.co.jp/%E3%83%8B%E3%83%88%E3%83%A0%E3%82%BA-%E5%BC%B7%E5%8A%9B%E7%B5%90%E9%9C%B2%E5%90%B8%E6%B0%B4%E3%83%86%E3%83%BC%E3%83%9730-%E3%82%B7%E3%83%AB%E3%83%90%E3%83%BC-%E7%B4%844-5mm%C3%9730mm%C3%974m-E1010/dp/B0018NKZTE?_encoding=UTF8&psc=1
#31,"TRUSCO 薄型折りたたみコンテナ ダークブルー 30L ロックフタ付 TRC30B
        ",https://www.amazon.co.jp/TRUSCO-%E8%96%84%E5%9E%8B%E6%8A%98%E3%82%8A%E3%81%9F%E3%81%9F%E3%81%BF%E3%82%B3%E3%83%B3%E3%83%86%E3%83%8A-%E3%83%80%E3%83%BC%E3%82%AF%E3%83%96%E3%83%AB%E3%83%BC-%E3%83%AD%E3%83%83%E3%82%AF%E3%83%95%E3%82%BF%E4%BB%98-TRC30B/dp/B003CFKLLS?_encoding=UTF8&psc=1
#32,"3M マスキングテープ 243J Plus 6mm×18M 20巻パック (243J 6)
        ",https://www.amazon.co.jp/3M-%E3%83%9E%E3%82%B9%E3%82%AD%E3%83%B3%E3%82%B0%E3%83%86%E3%83%BC%E3%83%97-243J-6mm%C3%9718M-20%E5%B7%BB%E3%83%91%E3%83%83%E3%82%AF/dp/B00GRUJ63E?_encoding=UTF8&psc=1
#33,"dretec(ドリテック) 超音波洗浄機 メガネ 時計 貴金属 入れ歯 シェーバー 花粉対策 ソニクリア UC-500WT(ホワイト)
        ",https://www.amazon.co.jp/dretec-%E3%83%89%E3%83%AA%E3%83%86%E3%83%83%E3%82%AF-%E8%B6%85%E9%9F%B3%E6%B3%A2%E6%B4%97%E6%B5%84%E6%A9%9F-%E3%82%B7%E3%82%A7%E3%83%BC%E3%83%90%E3%83%BC-UC-500WT/dp/B0765VW965?_encoding=UTF8&psc=1
#34,"COYUI 期間限定 1M【超強力魔法テープ】テープ 両面テープ 魔法両面テープ ナノテープ ナノマジックテープ 魔法のテープ 魔法テープ 魔法の両面テープ 超強力魔法テープ マジックテープ強力 マジックテープ 両面テープ超強力はがせる 超強力両面テープ はがせる両面テープ 両面テープはがせる 滑り止めテープ 透明テープ 超強力魔法テープ 超強力魔法テープ 超強力魔法テープ 超強力魔法テープ 超強力魔法テープ 多機能テープ のり残らず 耐熱 家庭 オフィス 寮 学校 会社 工業用など (3cm×0.2cm×1M)
        ",https://www.amazon.co.jp/COYUI-1M%E3%80%90%E8%B6%85%E5%BC%B7%E5%8A%9B%E9%AD%94%E6%B3%95%E3%83%86%E3%83%BC%E3%83%97%E3%80%91%E3%83%86%E3%83%BC%E3%83%97-%E3%83%8A%E3%83%8E%E3%83%9E%E3%82%B8%E3%83%83%E3%82%AF%E3%83%86%E3%83%BC%E3%83%97-%E4%B8%A1%E9%9D%A2%E3%83%86%E3%83%BC%E3%83%97%E8%B6%85%E5%BC%B7%E5%8A%9B%E3%81%AF%E3%81%8C%E3%81%9B%E3%82%8B-3cm%C3%970-2cm%C3%971M/dp/B08NB467HQ?_encoding=UTF8&psc=1
#35,"【Amazon.co.jp 限定】エーモン 検電テスター(光と音タイプ) 通電確認+極性確認 (1547)
        ",https://www.amazon.co.jp/%E3%80%90Amazon-co-jp-%E9%99%90%E5%AE%9A%E3%80%91%E3%82%A8%E3%83%BC%E3%83%A2%E3%83%B3-%E6%A4%9C%E9%9B%BB%E3%83%86%E3%82%B9%E3%82%BF%E3%83%BC-%E5%85%89%E3%81%A8%E9%9F%B3%E3%82%BF%E3%82%A4%E3%83%97-%E9%80%9A%E9%9B%BB%E7%A2%BA%E8%AA%8D/dp/B07X8DWWN5?_encoding=UTF8&psc=1
#36,"軍手 防刃 防刃手袋 作業用 手袋 作業グローブ 切れない手袋 耐切創手袋
        ",https://www.amazon.co.jp/%E4%BD%9C%E6%A5%AD%E3%82%B0%E3%83%AD%E3%83%BC%E3%83%96-%E5%88%87%E3%82%8C%E3%81%AA%E3%81%84%E6%89%8B%E8%A2%8B-%E8%80%90%E5%88%87%E5%89%B5%E6%89%8B%E8%A2%8B-%E9%9B%BB%E5%8B%95%E3%81%AE%E3%81%93%E3%81%8E%E3%82%8A-%E9%98%B2%E5%88%83%EF%BC%9A%EF%BC%95%E7%B4%9A%EF%BC%89/dp/B085WM6V55?_encoding=UTF8&psc=1
#37,"寺岡製作所 包装用 P-カットテープ 50mm×25m No.4102 透明
        ",https://www.amazon.co.jp/%E5%AF%BA%E5%B2%A1%E8%A3%BD%E4%BD%9C%E6%89%80-%E9%A4%8A%E7%94%9F%E3%83%86%E3%83%BC%E3%83%97-P-%E3%82%AB%E3%83%83%E3%83%88%E3%83%86%E3%83%BC%E3%83%97-50mm%C3%9725m-No-4102/dp/B00FKPY03I?_encoding=UTF8&psc=1
#38,"東京防音 洗濯機用防振ゴム TW-660 ニューしずか
        ",https://www.amazon.co.jp/%E6%9D%B1%E4%BA%AC%E9%98%B2%E9%9F%B3-TW-660-%E6%B4%97%E6%BF%AF%E6%A9%9F%E7%94%A8%E9%98%B2%E6%8C%AF%E3%82%B4%E3%83%A0-%E3%83%8B%E3%83%A5%E3%83%BC%E3%81%97%E3%81%9A%E3%81%8B/dp/B0091FZRJ4?_encoding=UTF8&psc=1
#39,"【業務用 塩素系除菌漂白剤】キッチン泡ハイター つけかえ用 1000ml(花王プロフェッショナルシリーズ)
        ",https://www.amazon.co.jp/%E3%80%90%E6%A5%AD%E5%8B%99%E7%94%A8-%E5%A1%A9%E7%B4%A0%E7%B3%BB%E9%99%A4%E8%8F%8C%E6%BC%82%E7%99%BD%E5%89%A4%E3%80%91%E3%82%AD%E3%83%83%E3%83%81%E3%83%B3%E6%B3%A1%E3%83%8F%E3%82%A4%E3%82%BF%E3%83%BC-%E3%81%A4%E3%81%91%E3%81%8B%E3%81%88%E7%94%A8-1000ml-%E8%8A%B1%E7%8E%8B%E3%83%97%E3%83%AD%E3%83%95%E3%82%A7%E3%83%83%E3%82%B7%E3%83%A7%E3%83%8A%E3%83%AB%E3%82%B7%E3%83%AA%E3%83%BC%E3%82%BA/dp/B002D17HA0?_encoding=UTF8&psc=1
#40,"ニチバン ラミオフ再生紙クラフトテープ 50mm×50m巻 3105-50 黄土
        ",https://www.amazon.co.jp/%E3%83%8B%E3%83%81%E3%83%90%E3%83%B3-%E3%83%A9%E3%83%9F%E3%82%AA%E3%83%95%E5%86%8D%E7%94%9F%E7%B4%99%E3%82%AF%E3%83%A9%E3%83%95%E3%83%88%E3%83%86%E3%83%BC%E3%83%97-50mm%C3%9750m%E5%B7%BB-3105-50-%E9%BB%84%E5%9C%9F/dp/B002P92H3M?_encoding=UTF8&psc=1
#41,"サラヤ アルペット手指消毒用1L 41257
        ",https://www.amazon.co.jp/%E3%82%B5%E3%83%A9%E3%83%A4-SARAYA-41257-%E3%82%A2%E3%83%AB%E3%83%9A%E3%83%83%E3%83%88%E6%89%8B%E6%8C%87%E6%B6%88%E6%AF%92%E7%94%A81L/dp/B00B4TB06Y?_encoding=UTF8&psc=1
#42,"3M スコッチ室内ドア浴室戸あたりV型テープ2本 茶 EN-54BR
        ",https://www.amazon.co.jp/3M-%E3%82%B9%E3%83%AA%E3%83%BC%E3%82%A8%E3%83%A0-EN-54BR-%E3%82%B9%E3%82%B3%E3%83%83%E3%83%81%E5%AE%A4%E5%86%85%E3%83%89%E3%82%A2%E6%B5%B4%E5%AE%A4%E6%88%B8%E3%81%82%E3%81%9F%E3%82%8AV%E5%9E%8B%E3%83%86%E3%83%BC%E3%83%972%E6%9C%AC-%E8%8C%B6/dp/B004UCGSQ4?_encoding=UTF8&psc=1
#43,"ニトムズ はがせる両面テープ 強力接着用 簡単 のり残りしない 室内 幅10mm×長さ10m×厚さ 0.16mm 1巻入 T3831
        ",https://www.amazon.co.jp/%E3%83%8B%E3%83%88%E3%83%A0%E3%82%BA-%E3%81%AF%E3%81%8C%E3%81%9B%E3%82%8B%E4%B8%A1%E9%9D%A2%E3%83%86%E3%83%BC%E3%83%97-%E5%BC%B7%E5%8A%9B%E6%8E%A5%E7%9D%80%E7%94%A8-T3831-10mmX10m/dp/B005V56AWQ?_encoding=UTF8&psc=1
#44,"【Amazon Alexa認定】ゴウサンド(Gosund) スマートプラグ Wi-Fiスマートコンセント コンセントタイマー 遠隔操作 Alexa/Google Home/Echo 対応 音声コントロール ハブ不要 1個
        ",https://www.amazon.co.jp/%E3%80%90Amazon-Alexa%E8%AA%8D%E5%AE%9A%E3%80%91%E3%82%B4%E3%82%A6%E3%82%B5%E3%83%B3%E3%83%89-Gosund-%E3%82%B9%E3%83%9E%E3%83%BC%E3%83%88%E3%83%97%E3%83%A9%E3%82%B0-gs-wp6-1/dp/B07X691W31?_encoding=UTF8&psc=1
#45,"3M スコッチ ガムテープ 梱包テープ 重量用 48mm×50m カッター付 315DSN
        ",https://www.amazon.co.jp/3M-%E3%82%AC%E3%83%A0%E3%83%86%E3%83%BC%E3%83%97-%E6%A2%B1%E5%8C%85%E3%83%86%E3%83%BC%E3%83%97-48mm%C3%9750m-315DSN/dp/B005R18Q2Q?_encoding=UTF8&psc=1
#46,"ショーワグローブ 【パウダーフリー】No.881 ニトリスト・フィット 100枚入 ブルー SSサイズ 1函
        ",https://www.amazon.co.jp/%E3%82%B7%E3%83%A7%E3%83%BC%E3%83%AF%E3%82%B0%E3%83%AD%E3%83%BC%E3%83%96-%E3%80%90%E3%83%91%E3%82%A6%E3%83%80%E3%83%BC%E3%83%95%E3%83%AA%E3%83%BC%E3%80%91No-881-%E3%83%8B%E3%83%88%E3%83%AA%E3%82%B9%E3%83%88%E3%83%BB%E3%83%95%E3%82%A3%E3%83%83%E3%83%88-100%E6%9E%9A%E5%85%A5-SS%E3%82%B5%E3%82%A4%E3%82%BA/dp/B00BES4OYU?_encoding=UTF8&psc=1
#47,"【 日本製 】 酒井化学 #400SS 300mm×10m 緩衝材 ロール ミナパック 紙管なし 【 高品質ポリエチレン製 エアキャップ 】
        ",https://www.amazon.co.jp/400SS-300mm%C3%9710m-%E3%83%9F%E3%83%8A%E3%83%91%E3%83%83%E3%82%AF-%E9%AB%98%E5%93%81%E8%B3%AA%E3%83%9D%E3%83%AA%E3%82%A8%E3%83%81%E3%83%AC%E3%83%B3%E8%A3%BD-%E3%82%A8%E3%82%A2%E3%82%AD%E3%83%A3%E3%83%83%E3%83%97/dp/B072QTBXPN?_encoding=UTF8&psc=1
#48,"ユタカ #3000ODグリーンシート 1.8mx1.8m OGS01
        ",https://www.amazon.co.jp/%E3%83%A6%E3%82%BF%E3%82%AB%E3%83%A1%E3%82%A4%E3%82%AF-Yutakamake-OGS01-3000OD%E3%82%B0%E3%83%AA%E3%83%BC%E3%83%B3%E3%82%B7%E3%83%BC%E3%83%88-1-8mx1-8m/dp/B00I4KQM3C?_encoding=UTF8&psc=1
#49,"鬼ピタ 両面テープ 魔法のテープ 超強力 1m はがせる魔法テープ 透明 日本ブランド[正規品]
        ",https://www.amazon.co.jp/%E9%AC%BC%E3%83%94%E3%82%BF-%E4%B8%A1%E9%9D%A2%E3%83%86%E3%83%BC%E3%83%97-%E9%AD%94%E6%B3%95%E3%81%AE%E3%83%86%E3%83%BC%E3%83%97-%E3%81%AF%E3%81%8C%E3%81%9B%E3%82%8B%E9%AD%94%E6%B3%95%E3%83%86%E3%83%BC%E3%83%97-%E6%97%A5%E6%9C%AC%E3%83%96%E3%83%A9%E3%83%B3%E3%83%89/dp/B08HMPB3PX?_encoding=UTF8&psc=1
#50,"【Amazon Alexa認定 スマートプラグ】meross WiFi スマートコンセント(4個入り ) Echo Alexa/Google ホーム/IFTTT対応 遠隔操作 スケジュール設定 ハブ不要
        ",https://www.amazon.co.jp/%E3%80%90Amazon-Alexa%E8%AA%8D%E5%AE%9A%E3%80%91Meross-%E3%82%B9%E3%83%9E%E3%83%BC%E3%83%88%E3%83%97%E3%83%A9%E3%82%B0-Google-MSS110JP/dp/B07Q3N9FCJ?_encoding=UTF8&psc=1
