#1,"自分の頭で考える日本の論点 (幻冬舎新書)
        ",https://www.amazon.co.jp/%E8%87%AA%E5%88%86%E3%81%AE%E9%A0%AD%E3%81%A7%E8%80%83%E3%81%88%E3%82%8B%E6%97%A5%E6%9C%AC%E3%81%AE%E8%AB%96%E7%82%B9-%E5%B9%BB%E5%86%AC%E8%88%8E%E6%96%B0%E6%9B%B8-%E5%87%BA%E5%8F%A3-%E6%B2%BB%E6%98%8E/dp/4344986059?_encoding=UTF8&psc=1
#2,"星ひとみの天星術
        ",https://www.amazon.co.jp/%E6%98%9F%E3%81%B2%E3%81%A8%E3%81%BF%E3%81%AE%E5%A4%A9%E6%98%9F%E8%A1%93-%E6%98%9F-%E3%81%B2%E3%81%A8%E3%81%BF/dp/4344037448?_encoding=UTF8&psc=1
#3,"フィギュアスケートマガジン2020-2021 Vol.2 全日本選手権特集号 (B.B.MOOK1515)
        ",https://www.amazon.co.jp/%E3%83%95%E3%82%A3%E3%82%AE%E3%83%A5%E3%82%A2%E3%82%B9%E3%82%B1%E3%83%BC%E3%83%88%E3%83%9E%E3%82%AC%E3%82%B8%E3%83%B32020-2021-vol-2%E5%85%A8%E6%97%A5%E6%9C%AC%E9%81%B8%E6%89%8B%E6%A8%A9%E7%89%B9%E9%9B%86%E5%8F%B7/dp/4583626576?_encoding=UTF8&psc=1
#4,"2021年用共通テスト予想問題パック
        ",https://www.amazon.co.jp/2021%E5%B9%B4%E7%94%A8%E5%85%B1%E9%80%9A%E3%83%86%E3%82%B9%E3%83%88%E4%BA%88%E6%83%B3%E5%95%8F%E9%A1%8C%E3%83%91%E3%83%83%E3%82%AF-Z%E4%BC%9A%E7%B7%A8%E9%9B%86%E9%83%A8/dp/4865313613?_encoding=UTF8&psc=1
#5,"スマホ脳 (新潮新書)
        ",https://www.amazon.co.jp/%E3%82%B9%E3%83%9E%E3%83%9B%E8%84%B3-%E6%96%B0%E6%BD%AE%E6%96%B0%E6%9B%B8-%E3%82%A2%E3%83%B3%E3%83%87%E3%82%B7%E3%83%A5%E3%83%BB%E3%83%8F%E3%83%B3%E3%82%BB%E3%83%B3/dp/4106108828?_encoding=UTF8&psc=1
#6,"あつまれ どうぶつの森 完全攻略本+超カタログ
        ",https://www.amazon.co.jp/%E3%81%82%E3%81%A4%E3%81%BE%E3%82%8C-%E3%81%A9%E3%81%86%E3%81%B6%E3%81%A4%E3%81%AE%E6%A3%AE-%E5%AE%8C%E5%85%A8%E6%94%BB%E7%95%A5%E6%9C%AC-%E8%B6%85%E3%82%AB%E3%82%BF%E3%83%AD%E3%82%B0-%E3%83%8B%E3%83%B3%E3%83%86%E3%83%B3%E3%83%89%E3%83%BC%E3%83%89%E3%83%AA%E3%83%BC%E3%83%A0%E7%B7%A8%E9%9B%86%E9%83%A8/dp/4198651019?_encoding=UTF8&psc=1
#7,"えんとつ町のプペル
        ",https://www.amazon.co.jp/%E3%81%88%E3%82%93%E3%81%A8%E3%81%A4%E7%94%BA%E3%81%AE%E3%83%97%E3%83%9A%E3%83%AB-%E3%81%AB%E3%81%97%E3%81%AE-%E3%81%82%E3%81%8D%E3%81%B2%E3%82%8D/dp/4344030168?_encoding=UTF8&psc=1
#8,"人新世の「資本論」 (集英社新書)
        ",https://www.amazon.co.jp/%E4%BA%BA%E6%96%B0%E4%B8%96%E3%81%AE%E3%80%8C%E8%B3%87%E6%9C%AC%E8%AB%96%E3%80%8D-%E9%9B%86%E8%8B%B1%E7%A4%BE%E6%96%B0%E6%9B%B8-%E6%96%8E%E8%97%A4-%E5%B9%B8%E5%B9%B3/dp/4087211355?_encoding=UTF8&psc=1
#9,"さばいていくっ! きまぐれクック流 魚さばきの楽しみ方
        ",https://www.amazon.co.jp/%E3%81%95%E3%81%B0%E3%81%84%E3%81%A6%E3%81%84%E3%81%8F%E3%81%A3-%E3%81%8D%E3%81%BE%E3%81%90%E3%82%8C%E3%82%AF%E3%83%83%E3%82%AF%E6%B5%81-%E9%AD%9A%E3%81%95%E3%81%B0%E3%81%8D%E3%81%AE%E6%A5%BD%E3%81%97%E3%81%BF%E6%96%B9-%E3%81%8D%E3%81%BE%E3%81%90%E3%82%8C%E3%82%AF%E3%83%83%E3%82%AF/dp/4046050284?_encoding=UTF8&psc=1
#10,"ゲッターズ飯田の五星三心占い2021完全版
        ",https://www.amazon.co.jp/%E3%82%B2%E3%83%83%E3%82%BF%E3%83%BC%E3%82%BA%E9%A3%AF%E7%94%B0%E3%81%AE%E4%BA%94%E6%98%9F%E4%B8%89%E5%BF%83%E5%8D%A0%E3%81%842021%E5%AE%8C%E5%85%A8%E7%89%88-%E3%82%B2%E3%83%83%E3%82%BF%E3%83%BC%E3%82%BA-%E9%A3%AF%E7%94%B0/dp/4344037014?_encoding=UTF8&psc=1
#11,"少数株主のための非上場株式を高価売却する方法
        ",https://www.amazon.co.jp/%E5%B0%91%E6%95%B0%E6%A0%AA%E4%B8%BB%E3%81%AE%E3%81%9F%E3%82%81%E3%81%AE%E9%9D%9E%E4%B8%8A%E5%A0%B4%E6%A0%AA%E5%BC%8F%E3%82%92%E9%AB%98%E4%BE%A1%E5%A3%B2%E5%8D%B4%E3%81%99%E3%82%8B%E6%96%B9%E6%B3%95-%E5%96%9C%E5%A4%9A-%E6%B4%B2%E5%B1%B1/dp/4344928342?_encoding=UTF8&psc=1
#12,"NHK 100分 de 名著 カール・マルクス『資本論』 2021年1月 (NHK100分de名著)
        ",https://www.amazon.co.jp/NHK-100%E5%88%86-%E3%82%AB%E3%83%BC%E3%83%AB%E3%83%BB%E3%83%9E%E3%83%AB%E3%82%AF%E3%82%B9%E3%80%8E%E8%B3%87%E6%9C%AC%E8%AB%96%E3%80%8F-2021%E5%B9%B41%E6%9C%88-NHK100%E5%88%86de%E5%90%8D%E8%91%97/dp/4142231219?_encoding=UTF8&psc=1
#13,"本当の自由を手に入れる お金の大学
        ",https://www.amazon.co.jp/%E6%9C%AC%E5%BD%93%E3%81%AE%E8%87%AA%E7%94%B1%E3%82%92%E6%89%8B%E3%81%AB%E5%85%A5%E3%82%8C%E3%82%8B-%E3%81%8A%E9%87%91%E3%81%AE%E5%A4%A7%E5%AD%A6-%E4%B8%A1-%E3%83%AA%E3%83%99%E5%A4%A7%E5%AD%A6%E9%95%B7/dp/4023318787?_encoding=UTF8&psc=1
#14,"独学大全 絶対に「学ぶこと」をあきらめたくない人のための55の技法
        ",https://www.amazon.co.jp/%E7%8B%AC%E5%AD%A6%E5%A4%A7%E5%85%A8-%E7%B5%B6%E5%AF%BE%E3%81%AB%E3%80%8C%E5%AD%A6%E3%81%B6%E3%81%93%E3%81%A8%E3%80%8D%E3%82%92%E3%81%82%E3%81%8D%E3%82%89%E3%82%81%E3%81%9F%E3%81%8F%E3%81%AA%E3%81%84%E4%BA%BA%E3%81%AE%E3%81%9F%E3%82%81%E3%81%AE55%E3%81%AE%E6%8A%80%E6%B3%95-%E8%AA%AD%E6%9B%B8%E7%8C%BF/dp/4478108536?_encoding=UTF8&psc=1
#15,"ほんの一手間で劇的に変わるHTML&CSSとWebデザイン実践講座
        ",https://www.amazon.co.jp/%E3%81%BB%E3%82%93%E3%81%AE%E4%B8%80%E6%89%8B%E9%96%93%E3%81%A7%E5%8A%87%E7%9A%84%E3%81%AB%E5%A4%89%E3%82%8F%E3%82%8BHTML-CSS%E3%81%A8Web%E3%83%87%E3%82%B6%E3%82%A4%E3%83%B3%E5%AE%9F%E8%B7%B5%E8%AC%9B%E5%BA%A7-Mana/dp/4815606145?_encoding=UTF8&psc=1
#16,"日本映画navi vol.91 ★表紙:岡田准一 ★ピンナップ:大倉忠義、末澤誠也/松村北斗 (NIKKO MOOK)
        ",https://www.amazon.co.jp/%E6%97%A5%E6%9C%AC%E6%98%A0%E7%94%BBnavi-vol-91-%E2%98%85%E8%A1%A8%E7%B4%99-%E2%98%85%E3%83%94%E3%83%B3%E3%83%8A%E3%83%83%E3%83%97-%E5%A4%A7%E5%80%89%E5%BF%A0%E7%BE%A9%E3%80%81%E6%9C%AB%E6%BE%A4%E8%AA%A0%E4%B9%9F/dp/4819152394?_encoding=UTF8&psc=1
#17,"ビジネスの未来 エコノミーにヒューマニティを取り戻す
        ",https://www.amazon.co.jp/%E3%83%93%E3%82%B8%E3%83%8D%E3%82%B9%E3%81%AE%E6%9C%AA%E6%9D%A5-%E3%82%A8%E3%82%B3%E3%83%8E%E3%83%9F%E3%83%BC%E3%81%AB%E3%83%92%E3%83%A5%E3%83%BC%E3%83%9E%E3%83%8B%E3%83%86%E3%82%A3%E3%82%92%E5%8F%96%E3%82%8A%E6%88%BB%E3%81%99-%E5%B1%B1%E5%8F%A3-%E5%91%A8/dp/4833423936?_encoding=UTF8&psc=1
#18,"野良犬の値段
        ",https://www.amazon.co.jp/%E9%87%8E%E8%89%AF%E7%8A%AC%E3%81%AE%E5%80%A4%E6%AE%B5-%E7%99%BE%E7%94%B0-%E5%B0%9A%E6%A8%B9/dp/434403726X?_encoding=UTF8&psc=1
#19,"1日1話、読めば心が熱くなる365人の仕事の教科書
        ",https://www.amazon.co.jp/1%E6%97%A51%E8%A9%B1%E3%80%81%E8%AA%AD%E3%82%81%E3%81%B0%E5%BF%83%E3%81%8C%E7%86%B1%E3%81%8F%E3%81%AA%E3%82%8B365%E4%BA%BA%E3%81%AE%E4%BB%95%E4%BA%8B%E3%81%AE%E6%95%99%E7%A7%91%E6%9B%B8-%E8%97%A4%E5%B0%BE%E7%A7%80%E6%98%AD/dp/4800912474?_encoding=UTF8&psc=1
#20,"大学入学共通テスト実戦パッケージ問題 2021青パック (大学入試完全対策シリーズ)
        ",https://www.amazon.co.jp/%E5%A4%A7%E5%AD%A6%E5%85%A5%E5%AD%A6%E5%85%B1%E9%80%9A%E3%83%86%E3%82%B9%E3%83%88%E5%AE%9F%E6%88%A6%E3%83%91%E3%83%83%E3%82%B1%E3%83%BC%E3%82%B8%E5%95%8F%E9%A1%8C-2021%E9%9D%92%E3%83%91%E3%83%83%E3%82%AF-%E5%A4%A7%E5%AD%A6%E5%85%A5%E8%A9%A6%E5%AE%8C%E5%85%A8%E5%AF%BE%E7%AD%96%E3%82%B7%E3%83%AA%E3%83%BC%E3%82%BA-%E9%A7%BF%E5%8F%B0%E4%BA%88%E5%82%99%E5%AD%A6%E6%A0%A1/dp/4796163840?_encoding=UTF8&psc=1
#21,"モンテッソーリ教育・レッジョ・エミリア教育を知り尽くした オックスフォード児童発達学博士が語る 自分でできる子に育つ ほめ方 叱り方 3歳 〜 12歳 の子ども対象
        ",https://www.amazon.co.jp/%E3%83%A2%E3%83%B3%E3%83%86%E3%83%83%E3%82%BD%E3%83%BC%E3%83%AA%E6%95%99%E8%82%B2%E3%83%BB%E3%83%AC%E3%83%83%E3%82%B8%E3%83%A7%E3%83%BB%E3%82%A8%E3%83%9F%E3%83%AA%E3%82%A2%E6%95%99%E8%82%B2%E3%82%92%E7%9F%A5%E3%82%8A%E5%B0%BD%E3%81%8F%E3%81%97%E3%81%9F-%E3%82%AA%E3%83%83%E3%82%AF%E3%82%B9%E3%83%95%E3%82%A9%E3%83%BC%E3%83%89%E5%85%90%E7%AB%A5%E7%99%BA%E9%81%94%E5%AD%A6%E5%8D%9A%E5%A3%AB%E3%81%8C%E8%AA%9E%E3%82%8B-%E8%87%AA%E5%88%86%E3%81%A7%E3%81%A7%E3%81%8D%E3%82%8B%E5%AD%90%E3%81%AB%E8%82%B2%E3%81%A4-%E3%81%BB%E3%82%81%E6%96%B9-%E3%81%AE%E5%AD%90%E3%81%A9%E3%82%82%E5%AF%BE%E8%B1%A1/dp/479932599X?_encoding=UTF8&psc=1
#22,"ゲッターズ飯田の五星三心占い2021 金の時計座
        ",https://www.amazon.co.jp/%E3%82%B2%E3%83%83%E3%82%BF%E3%83%BC%E3%82%BA%E9%A3%AF%E7%94%B0%E3%81%AE%E4%BA%94%E6%98%9F%E4%B8%89%E5%BF%83%E5%8D%A0%E3%81%842021-%E9%87%91%E3%81%AE%E6%99%82%E8%A8%88%E5%BA%A7-%E3%82%B2%E3%83%83%E3%82%BF%E3%83%BC%E3%82%BA%E9%A3%AF%E7%94%B0/dp/4022517077?_encoding=UTF8&psc=1
#23,"教場 (小学館文庫)
        ",https://www.amazon.co.jp/%E6%95%99%E5%A0%B4-%E5%B0%8F%E5%AD%A6%E9%A4%A8%E6%96%87%E5%BA%AB-%E9%95%B7%E5%B2%A1-%E5%BC%98%E6%A8%B9/dp/4094062408?_encoding=UTF8&psc=1
#24,"公式TOEIC Listening & Reading 問題集 7
        ",https://www.amazon.co.jp/%E5%85%AC%E5%BC%8FTOEIC-Listening-Reading-%E5%95%8F%E9%A1%8C%E9%9B%86-7/dp/490603361X?_encoding=UTF8&psc=1
#25,"ゴミ人間 日本中から笑われた夢がある
        ",https://www.amazon.co.jp/%E3%82%B4%E3%83%9F%E4%BA%BA%E9%96%93-%E6%97%A5%E6%9C%AC%E4%B8%AD%E3%81%8B%E3%82%89%E7%AC%91%E3%82%8F%E3%82%8C%E3%81%9F%E5%A4%A2%E3%81%8C%E3%81%82%E3%82%8B-%E8%A5%BF%E9%87%8E-%E4%BA%AE%E5%BB%A3/dp/4048968920?_encoding=UTF8&psc=1
#26,"ももたろう (笑本おかしばなし)
        ",https://www.amazon.co.jp/%E3%82%82%E3%82%82%E3%81%9F%E3%82%8D%E3%81%86-%E7%AC%91%E6%9C%AC%E3%81%8A%E3%81%8B%E3%81%97%E3%81%B0%E3%81%AA%E3%81%97-%E3%82%AC%E3%82%BF%E3%83%AD%E3%83%BC%E2%98%86%E3%83%9E%E3%83%B3/dp/4416620608?_encoding=UTF8&psc=1
#27,"齊藤京子1st写真集 とっておきの恋人
        ",https://www.amazon.co.jp/%E9%BD%8A%E8%97%A4%E4%BA%AC%E5%AD%901st%E5%86%99%E7%9C%9F%E9%9B%86-%E3%81%A8%E3%81%A3%E3%81%A6%E3%81%8A%E3%81%8D%E3%81%AE%E6%81%8B%E4%BA%BA-%E9%BD%8A%E8%97%A4-%E4%BA%AC%E5%AD%90/dp/4391154978?_encoding=UTF8&psc=1
#28,"さあ、才能(じぶん)に目覚めよう 新版 ストレングス・ファインダー2.0
        ",https://www.amazon.co.jp/%E3%81%95%E3%81%82%E3%80%81%E6%89%8D%E8%83%BD-%E3%81%98%E3%81%B6%E3%82%93-%E3%81%AB%E7%9B%AE%E8%A6%9A%E3%82%81%E3%82%88%E3%81%86-%E6%96%B0%E7%89%88-%E3%82%B9%E3%83%88%E3%83%AC%E3%83%B3%E3%82%B0%E3%82%B9%E3%83%BB%E3%83%95%E3%82%A1%E3%82%A4%E3%83%B3%E3%83%80%E3%83%BC2-0/dp/4532321433?_encoding=UTF8&psc=1
#29,"鬼滅の刃 塗絵帳 -蒼-
        ",https://www.amazon.co.jp/%E9%AC%BC%E6%BB%85%E3%81%AE%E5%88%83-%E5%A1%97%E7%B5%B5%E5%B8%B3-%E8%92%BC-%E5%90%BE%E5%B3%A0-%E5%91%BC%E4%B8%96%E6%99%B4/dp/4087900258?_encoding=UTF8&psc=1
#30,"JR上野駅公園口 (河出文庫)
        ",https://www.amazon.co.jp/JR%E4%B8%8A%E9%87%8E%E9%A7%85%E5%85%AC%E5%9C%92%E5%8F%A3-%E6%B2%B3%E5%87%BA%E6%96%87%E5%BA%AB-%E6%9F%B3-%E7%BE%8E%E9%87%8C/dp/4309415083?_encoding=UTF8&psc=1
#31,"百田尚樹の日本国憲法 (祥伝社新書)
        ",https://www.amazon.co.jp/%E7%99%BE%E7%94%B0%E5%B0%9A%E6%A8%B9%E3%81%AE%E6%97%A5%E6%9C%AC%E5%9B%BD%E6%86%B2%E6%B3%95-%E7%A5%A5%E4%BC%9D%E7%A4%BE%E6%96%B0%E6%9B%B8-%E7%99%BE%E7%94%B0-%E5%B0%9A%E6%A8%B9/dp/4396116195?_encoding=UTF8&psc=1
#32,"【ビジネス書大賞2020 大賞受賞作】FACTFULNESS(ファクトフルネス) 10の思い込みを乗り越え、データを基に世界を正しく見る習慣
        ",https://www.amazon.co.jp/FACTFULNESS-%E3%83%95%E3%82%A1%E3%82%AF%E3%83%88%E3%83%95%E3%83%AB%E3%83%8D%E3%82%B9-10%E3%81%AE%E6%80%9D%E3%81%84%E8%BE%BC%E3%81%BF%E3%82%92%E4%B9%97%E3%82%8A%E8%B6%8A%E3%81%88%E3%80%81%E3%83%87%E3%83%BC%E3%82%BF%E3%82%92%E5%9F%BA%E3%81%AB%E4%B8%96%E7%95%8C%E3%82%92%E6%AD%A3%E3%81%97%E3%81%8F%E8%A6%8B%E3%82%8B%E7%BF%92%E6%85%A3-%E3%83%8F%E3%83%B3%E3%82%B9%E3%83%BB%E3%83%AD%E3%82%B9%E3%83%AA%E3%83%B3%E3%82%B0/dp/4822289605?_encoding=UTF8&psc=1
#33,"マンガ版 ちょっとだけ・こっそり・素早く「言い返す」技術 (単行本)
        ",https://www.amazon.co.jp/%E3%83%9E%E3%83%B3%E3%82%AC%E7%89%88-%E3%81%A1%E3%82%87%E3%81%A3%E3%81%A8%E3%81%A0%E3%81%91%E3%83%BB%E3%81%93%E3%81%A3%E3%81%9D%E3%82%8A%E3%83%BB%E7%B4%A0%E6%97%A9%E3%81%8F%E3%80%8C%E8%A8%80%E3%81%84%E8%BF%94%E3%81%99%E3%80%8D%E6%8A%80%E8%A1%93-%E5%8D%98%E8%A1%8C%E6%9C%AC-%E3%82%86%E3%81%86%E3%81%8D%E3%82%86%E3%81%86/dp/4837928331?_encoding=UTF8&psc=1
#34,"鬼滅の刃 塗絵帳 -紅-
        ",https://www.amazon.co.jp/%E9%AC%BC%E6%BB%85%E3%81%AE%E5%88%83-%E5%A1%97%E7%B5%B5%E5%B8%B3-%E7%B4%85-%E5%90%BE%E5%B3%A0-%E5%91%BC%E4%B8%96%E6%99%B4/dp/4087900266?_encoding=UTF8&psc=1
#35,"誰もが人を動かせる! あなたの人生を変えるリーダーシップ革命
        ",https://www.amazon.co.jp/%E8%AA%B0%E3%82%82%E3%81%8C%E4%BA%BA%E3%82%92%E5%8B%95%E3%81%8B%E3%81%9B%E3%82%8B-%E3%81%82%E3%81%AA%E3%81%9F%E3%81%AE%E4%BA%BA%E7%94%9F%E3%82%92%E5%A4%89%E3%81%88%E3%82%8B%E3%83%AA%E3%83%BC%E3%83%80%E3%83%BC%E3%82%B7%E3%83%83%E3%83%97%E9%9D%A9%E5%91%BD-%E6%A3%AE%E5%B2%A1%E6%AF%85/dp/429610800X?_encoding=UTF8&psc=1
#36,"教場0 刑事指導官・風間公親 (小学館文庫)
        ",https://www.amazon.co.jp/%E6%95%99%E5%A0%B40-%E5%88%91%E4%BA%8B%E6%8C%87%E5%B0%8E%E5%AE%98%E3%83%BB%E9%A2%A8%E9%96%93%E5%85%AC%E8%A6%AA-%E5%B0%8F%E5%AD%A6%E9%A4%A8%E6%96%87%E5%BA%AB-%E9%95%B7%E5%B2%A1-%E5%BC%98%E6%A8%B9/dp/4094067108?_encoding=UTF8&psc=1
#37,"教場 (2) (小学館文庫)
        ",https://www.amazon.co.jp/%E6%95%99%E5%A0%B4-2-%E5%B0%8F%E5%AD%A6%E9%A4%A8%E6%96%87%E5%BA%AB-%E9%95%B7%E5%B2%A1-%E5%BC%98%E6%A8%B9/dp/4094064796?_encoding=UTF8&psc=1
#38,"ゲッターズ飯田の五星三心占い2021 銀の鳳凰座
        ",https://www.amazon.co.jp/%E3%82%B2%E3%83%83%E3%82%BF%E3%83%BC%E3%82%BA%E9%A3%AF%E7%94%B0%E3%81%AE%E4%BA%94%E6%98%9F%E4%B8%89%E5%BF%83%E5%8D%A0%E3%81%842021-%E9%8A%80%E3%81%AE%E9%B3%B3%E5%87%B0%E5%BA%A7-%E3%82%B2%E3%83%83%E3%82%BF%E3%83%BC%E3%82%BA%E9%A3%AF%E7%94%B0/dp/4022517069?_encoding=UTF8&psc=1
#39,"ゲッターズ飯田の五星三心占い2021 銀の時計座
        ",https://www.amazon.co.jp/%E3%82%B2%E3%83%83%E3%82%BF%E3%83%BC%E3%82%BA%E9%A3%AF%E7%94%B0%E3%81%AE%E4%BA%94%E6%98%9F%E4%B8%89%E5%BF%83%E5%8D%A0%E3%81%842021-%E9%8A%80%E3%81%AE%E6%99%82%E8%A8%88%E5%BA%A7-%E3%82%B2%E3%83%83%E3%82%BF%E3%83%BC%E3%82%BA%E9%A3%AF%E7%94%B0/dp/4022517085?_encoding=UTF8&psc=1
#40,"「会社四季報」業界地図 2021年版
        ",https://www.amazon.co.jp/%E3%80%8C%E4%BC%9A%E7%A4%BE%E5%9B%9B%E5%AD%A3%E5%A0%B1%E3%80%8D%E6%A5%AD%E7%95%8C%E5%9C%B0%E5%9B%B3-2021%E5%B9%B4%E7%89%88-%E6%9D%B1%E6%B4%8B%E7%B5%8C%E6%B8%88%E6%96%B0%E5%A0%B1%E7%A4%BE/dp/449297329X?_encoding=UTF8&psc=1
#41,"幼なじみ 新・居眠り磐音 (文春文庫 さ 63-74 新・居眠り磐音)
        ",https://www.amazon.co.jp/%E5%B9%BC%E3%81%AA%E3%81%98%E3%81%BF-%E6%96%B0%E3%83%BB%E5%B1%85%E7%9C%A0%E3%82%8A%E7%A3%90%E9%9F%B3-%E6%96%87%E6%98%A5%E6%96%87%E5%BA%AB-%E3%81%95-63-74/dp/4167916215?_encoding=UTF8&psc=1
#42,"TOEIC L & R TEST 出る単特急 金のフレーズ (TOEIC TEST 特急シリーズ)
        ",https://www.amazon.co.jp/TOEIC-TEST-%E5%87%BA%E3%82%8B%E5%8D%98%E7%89%B9%E6%80%A5-%E9%87%91%E3%81%AE%E3%83%95%E3%83%AC%E3%83%BC%E3%82%BA-%E7%89%B9%E6%80%A5%E3%82%B7%E3%83%AA%E3%83%BC%E3%82%BA/dp/4023315680?_encoding=UTF8&psc=1
#43,"「風の時代」に自分を最適化する方法 220年ぶりに変わる世界の星を読む
        ",https://www.amazon.co.jp/%E3%80%8C%E9%A2%A8%E3%81%AE%E6%99%82%E4%BB%A3%E3%80%8D%E3%81%AB%E8%87%AA%E5%88%86%E3%82%92%E6%9C%80%E9%81%A9%E5%8C%96%E3%81%99%E3%82%8B%E6%96%B9%E6%B3%95-220%E5%B9%B4%E3%81%B6%E3%82%8A%E3%81%AB%E5%A4%89%E3%82%8F%E3%82%8B%E4%B8%96%E7%95%8C%E3%81%AE%E6%98%9F%E3%82%92%E8%AA%AD%E3%82%80-yuji/dp/4065213134?_encoding=UTF8&psc=1
#44,"くもんなぜなぜカレンダー2021年版 ([カレンダー])
        ",https://www.amazon.co.jp/%E3%81%8F%E3%82%82%E3%82%93%E3%81%AA%E3%81%9C%E3%81%AA%E3%81%9C%E3%82%AB%E3%83%AC%E3%83%B3%E3%83%80%E3%83%BC2021%E5%B9%B4%E7%89%88-%E3%82%AB%E3%83%AC%E3%83%B3%E3%83%80%E3%83%BC/dp/4774331376?_encoding=UTF8&psc=1
#45,"嫌われる勇気―――自己啓発の源流「アドラー」の教え
        ",https://www.amazon.co.jp/%E5%AB%8C%E3%82%8F%E3%82%8C%E3%82%8B%E5%8B%87%E6%B0%97%E2%80%95%E2%80%95%E2%80%95%E8%87%AA%E5%B7%B1%E5%95%93%E7%99%BA%E3%81%AE%E6%BA%90%E6%B5%81%E3%80%8C%E3%82%A2%E3%83%89%E3%83%A9%E3%83%BC%E3%80%8D%E3%81%AE%E6%95%99%E3%81%88-%E5%B2%B8%E8%A6%8B-%E4%B8%80%E9%83%8E/dp/4478025819?_encoding=UTF8&psc=1
#46,"共通テスト対策問題集 マーク式実戦問題編　国語 2021 (大学入試完全対策シリーズ)
        ",https://www.amazon.co.jp/%E5%85%B1%E9%80%9A%E3%83%86%E3%82%B9%E3%83%88%E5%AF%BE%E7%AD%96%E5%95%8F%E9%A1%8C%E9%9B%86-%E3%83%9E%E3%83%BC%E3%82%AF%E5%BC%8F%E5%AE%9F%E6%88%A6%E5%95%8F%E9%A1%8C%E7%B7%A8-%E5%9B%BD%E8%AA%9E-2021-%E5%A4%A7%E5%AD%A6%E5%85%A5%E8%A9%A6%E5%AE%8C%E5%85%A8%E5%AF%BE%E7%AD%96%E3%82%B7%E3%83%AA%E3%83%BC%E3%82%BA-%E5%85%A8%E5%9B%BD%E5%85%A5%E8%A9%A6%E6%A8%A1%E8%A9%A6%E3%82%BB%E3%83%B3%E3%82%BF%E3%83%BC/dp/4796163549?_encoding=UTF8&psc=1
#47,"免疫力が10割 腸内環境と自律神経を整えれば病気知らず
        ",https://www.amazon.co.jp/%E5%85%8D%E7%96%AB%E5%8A%9B%E3%81%8C10%E5%89%B2-%E8%85%B8%E5%86%85%E7%92%B0%E5%A2%83%E3%81%A8%E8%87%AA%E5%BE%8B%E7%A5%9E%E7%B5%8C%E3%82%92%E6%95%B4%E3%81%88%E3%82%8C%E3%81%B0%E7%97%85%E6%B0%97%E7%9F%A5%E3%82%89%E3%81%9A-%E5%B0%8F%E6%9E%97-%E5%BC%98%E5%B9%B8/dp/4833440296?_encoding=UTF8&psc=1
#48,"2025年を制覇する破壊的企業 (SB新書)
        ",https://www.amazon.co.jp/2025%E5%B9%B4%E3%82%92%E5%88%B6%E8%A6%87%E3%81%99%E3%82%8B%E7%A0%B4%E5%A3%8A%E7%9A%84%E4%BC%81%E6%A5%AD-SB%E6%96%B0%E6%9B%B8-%E5%B1%B1%E6%9C%AC%E5%BA%B7%E6%AD%A3/dp/4815607591?_encoding=UTF8&psc=1
#49,"運動ゼロ空腹ゼロでもみるみる痩せる ガチ速“脂""ダイエット
        ",https://www.amazon.co.jp/%E9%81%8B%E5%8B%95%E3%82%BC%E3%83%AD%E7%A9%BA%E8%85%B9%E3%82%BC%E3%83%AD%E3%81%A7%E3%82%82%E3%81%BF%E3%82%8B%E3%81%BF%E3%82%8B%E7%97%A9%E3%81%9B%E3%82%8B-%E3%82%AC%E3%83%81%E9%80%9F%E2%80%9C%E8%84%82-%E3%83%80%E3%82%A4%E3%82%A8%E3%83%83%E3%83%88-%E9%87%91%E6%A3%AE-%E9%87%8D%E6%A8%B9/dp/4594085199?_encoding=UTF8&psc=1
#50,"今日の治療薬2021: 解説と便覧
        ",https://www.amazon.co.jp/%E4%BB%8A%E6%97%A5%E3%81%AE%E6%B2%BB%E7%99%82%E8%96%AC2021-%E8%A7%A3%E8%AA%AC%E3%81%A8%E4%BE%BF%E8%A6%A7-%E6%B5%A6%E9%83%A8-%E6%99%B6%E5%A4%AB/dp/4524228489?_encoding=UTF8&psc=1
