#1,"【Amazon.co.jp 限定】エーモン 電源ソケット DC12V/24V60W以下 ヒューズ電源タイプ (1542)
        ",https://www.amazon.co.jp/%E3%80%90Amazon-co-jp-%E9%99%90%E5%AE%9A%E3%80%91%E3%82%A8%E3%83%BC%E3%83%A2%E3%83%B3-%E9%9B%BB%E6%BA%90%E3%82%BD%E3%82%B1%E3%83%83%E3%83%88-24V60W%E4%BB%A5%E4%B8%8B-%E3%83%92%E3%83%A5%E3%83%BC%E3%82%BA%E9%9B%BB%E6%BA%90%E3%82%BF%E3%82%A4%E3%83%97/dp/B07VDK17G1?_encoding=UTF8&psc=1
#2,"2020日本語改善版 FMトランスミッター Bluetooth5.0 Siri Voice Assistant 高音質 QC3.0急速充電 車載FMトランスミッター 車載充電器 2ポート 対応 12V-24V車対応 LEDディスプレイ ハンズフリー通話 バッテリー電圧測定 日本語説明書 18ヶ月保証
        ",https://www.amazon.co.jp/2020%E6%97%A5%E6%9C%AC%E8%AA%9E%E6%94%B9%E5%96%84%E7%89%88-FM%E3%83%88%E3%83%A9%E3%83%B3%E3%82%B9%E3%83%9F%E3%83%83%E3%82%BF%E3%83%BC-Bluetooth5-0-%E8%BB%8A%E8%BC%89FM%E3%83%88%E3%83%A9%E3%83%B3%E3%82%B9%E3%83%9F%E3%83%83%E3%82%BF%E3%83%BC-12V-24V%E8%BB%8A%E5%AF%BE%E5%BF%9C/dp/B082HTNVBR?_encoding=UTF8&psc=1
#3,"Anker PowerDrive 2 Alloy（24W 2ポートカーチャージャー)【PowerIQ搭載 / コンパクトサイズ】iPhone、Android、IQOS対応 (シルバー)
        ",https://www.amazon.co.jp/Anker-PowerPort-%E3%80%90%E6%8A%98%E3%82%8A%E7%95%B3%E3%81%BF%E5%BC%8F%E3%83%97%E3%83%A9%E3%82%B0%E6%90%AD%E8%BC%89-PowerIQ%E6%90%AD%E8%BC%89-%E6%97%85%E8%A1%8C%E3%81%AB%E6%9C%80%E9%81%A9%E3%80%91iPhone/dp/B07PPF2Z7J?_encoding=UTF8&psc=1
#4,"KURE ［ 呉工業 ］ シリコンスプレ （４２０ｍｌ） [ For Mechanical Maintenance ] 潤滑・離系剤 [ 工具箱の必需品 ] [ KURE ] [ 品番 ] 1046 & 5-56 (320ml) 多用途・多機能防錆・潤滑剤 [ 品番 ] 1004【セット買い】
        ",https://www.amazon.co.jp/KURE-%E5%91%89%E5%B7%A5%E6%A5%AD-Maintenance-%E5%A4%9A%E7%94%A8%E9%80%94%E3%83%BB%E5%A4%9A%E6%A9%9F%E8%83%BD%E9%98%B2%E9%8C%86%E3%83%BB%E6%BD%A4%E6%BB%91%E5%89%A4-1004%E3%80%90%E3%82%BB%E3%83%83%E3%83%88%E8%B2%B7%E3%81%84%E3%80%91/dp/B08L3Q7CWW?_encoding=UTF8&psc=1
#5,"AutoSock(オートソック) 「布製タイヤすべり止め」 オートソックスタンダード ASKY09
        ",https://www.amazon.co.jp/AutoSock-%E3%82%AA%E3%83%BC%E3%83%88%E3%82%BD%E3%83%83%E3%82%AF-%E3%80%8C%E5%B8%83%E8%A3%BD%E3%82%BF%E3%82%A4%E3%83%A4%E3%81%99%E3%81%B9%E3%82%8A%E6%AD%A2%E3%82%81%E3%80%8D-%E3%82%AA%E3%83%BC%E3%83%88%E3%82%BD%E3%83%83%E3%82%AF%E3%82%B9%E3%82%BF%E3%83%B3%E3%83%80%E3%83%BC%E3%83%89-ASKY09/dp/B0012UOTM2?_encoding=UTF8&psc=1
#6,"【Amazon.co.jp限定】 エーモン ポイパック(廃油処理箱) 2.5L (1603)
        ",https://www.amazon.co.jp/%E3%80%90Amazon-co-jp%E9%99%90%E5%AE%9A%E3%80%91-%E3%82%A8%E3%83%BC%E3%83%A2%E3%83%B3-%E3%83%9D%E3%82%A4%E3%83%91%E3%83%83%E3%82%AF-%E5%BB%83%E6%B2%B9%E5%87%A6%E7%90%86%E7%AE%B1-4928/dp/B07FXKH6DX?_encoding=UTF8&psc=1
#7,"ワコーズ F-1 フューエルワン ガソリン(2サイクル・4サイクル)・ディーゼル兼用洗浄系燃料添加剤 200ml F101 & STC-A スーパータイヤコート A410 480ml A410 [HTRC3]【セット買い】
        ",https://www.amazon.co.jp/%E3%83%AF%E3%82%B3%E3%83%BC%E3%82%BA-%E3%83%95%E3%83%A5%E3%83%BC%E3%82%A8%E3%83%AB%E3%83%AF%E3%83%B3-2%E3%82%B5%E3%82%A4%E3%82%AF%E3%83%AB%E3%83%BB4%E3%82%B5%E3%82%A4%E3%82%AF%E3%83%AB-%E3%83%BB%E3%83%87%E3%82%A3%E3%83%BC%E3%82%BC%E3%83%AB%E5%85%BC%E7%94%A8%E6%B4%97%E6%B5%84%E7%B3%BB%E7%87%83%E6%96%99%E6%B7%BB%E5%8A%A0%E5%89%A4-%E3%82%B9%E3%83%BC%E3%83%91%E3%83%BC%E3%82%BF%E3%82%A4%E3%83%A4%E3%82%B3%E3%83%BC%E3%83%88/dp/B08L3NWVQ2?_encoding=UTF8&psc=1
#8,"BOSCH (ボッシュ)PSバッテリー 国産車 充電制御車バッテリー PSR-40B19L
        ",https://www.amazon.co.jp/BOSCH-%E3%83%9C%E3%83%83%E3%82%B7%E3%83%A5-%E5%9B%BD%E7%94%A3%E8%BB%8A%E7%94%A8%E3%83%90%E3%83%83%E3%83%86%E3%83%AA%E3%83%BC-Battery-PSR-40B19L/dp/B018GF4RVI?_encoding=UTF8&psc=1
#9,"Panasonic ( パナソニック ) 国産車バッテリー Blue Battery カオス 標準車(充電制御車)用 N-100D23L/C7
        ",https://www.amazon.co.jp/Panasonic-%E3%83%91%E3%83%8A%E3%82%BD%E3%83%8B%E3%83%83%E3%82%AF-%E5%9B%BD%E7%94%A3%E8%BB%8A%E3%83%90%E3%83%83%E3%83%86%E3%83%AA%E3%83%BC-N-100D23L-C7/dp/B07JQ1C6QN?_encoding=UTF8&psc=1
#10,"BOSCH (ボッシュ)ハイテックプレミアム 国産車 充電制御車/標準車 バッテリー HTP-60B19L
        ",https://www.amazon.co.jp/%E3%83%9C%E3%83%83%E3%82%B7%E3%83%A5-%E5%9B%BD%E7%94%A3%E8%BB%8A%E3%83%90%E3%83%83%E3%83%86%E3%83%AA%E3%83%BC-%E5%85%85%E9%9B%BB%E5%88%B6%E5%BE%A1%E8%BB%8A%E5%AF%BE%E5%BF%9C-Hightec-HTP-60B19L/dp/B01APDNMJM?_encoding=UTF8&psc=1
#11,"メルテックプラス 全自動パルスバッテリー充電器 (ファミリーバイク・オートバイ) 12V専用 定格0.75A バッテリー診断機能付 維持充電(トリクル充電)方式 長期保証3年 Meltec MP-200
        ",https://www.amazon.co.jp/%E3%83%A1%E3%83%AB%E3%83%86%E3%83%83%E3%82%AF%E3%83%97%E3%83%A9%E3%82%B9-%E5%85%A8%E8%87%AA%E5%8B%95%E3%83%91%E3%83%AB%E3%82%B9%E3%83%90%E3%83%83%E3%83%86%E3%83%AA%E3%83%BC%E5%85%85%E9%9B%BB%E5%99%A8-%E3%83%95%E3%82%A1%E3%83%9F%E3%83%AA%E3%83%BC%E3%83%90%E3%82%A4%E3%82%AF%E3%83%BB%E3%82%AA%E3%83%BC%E3%83%88%E3%83%90%E3%82%A4-%E3%83%90%E3%83%83%E3%83%86%E3%83%AA%E3%83%BC%E8%A8%BA%E6%96%AD%E6%A9%9F%E8%83%BD%E4%BB%98-MP-200/dp/B07X3CT167?_encoding=UTF8&psc=1
#12,"【コーティング車向けおすすめ洗車セット】Surluster(シュアラスター) カーシャンプー1000、ウォッシンググローブ、水滴拭き取りクロス
        ",https://www.amazon.co.jp/%E3%80%90%E3%82%B3%E3%83%BC%E3%83%86%E3%82%A3%E3%83%B3%E3%82%B0%E8%BB%8A%E5%90%91%E3%81%91%E3%81%8A%E3%81%99%E3%81%99%E3%82%81%E6%B4%97%E8%BB%8A%E3%82%BB%E3%83%83%E3%83%88%E3%80%91Surluster-%E3%82%B7%E3%83%A5%E3%82%A2%E3%83%A9%E3%82%B9%E3%82%BF%E3%83%BC-%E3%82%AB%E3%83%BC%E3%82%B7%E3%83%A3%E3%83%B3%E3%83%97%E3%83%BC1000%E3%80%81%E3%82%A6%E3%82%A9%E3%83%83%E3%82%B7%E3%83%B3%E3%82%B0%E3%82%B0%E3%83%AD%E3%83%BC%E3%83%96%E3%80%81%E6%B0%B4%E6%BB%B4%E6%8B%AD%E3%81%8D%E5%8F%96%E3%82%8A%E3%82%AF%E3%83%AD%E3%82%B9/dp/B01NBN3NT5?_encoding=UTF8&psc=1
#13,"KURE(呉工業) 【ケース販売】 コンタクトスプレー(300ml)×20本 接点復活剤 4989115995653
        ",https://www.amazon.co.jp/KURE-%E5%91%89%E5%B7%A5%E6%A5%AD-%E3%80%90%E3%82%B1%E3%83%BC%E3%82%B9%E8%B2%A9%E5%A3%B2%E3%80%91-%E3%82%B3%E3%83%B3%E3%82%BF%E3%82%AF%E3%83%88%E3%82%B9%E3%83%97%E3%83%AC%E3%83%BC-4989115995653/dp/B01KJIHVF4?_encoding=UTF8&psc=1
#14,"デンソー(DENSO) カーエアコン用フィルター クリーンエアフィルター DCC1001 (014535-0820) 高除塵 PM2.5対策 抗菌・防カビ 抗ウイルス 脱臭 ※車種適合確認要
        ",https://www.amazon.co.jp/%E3%83%87%E3%83%B3%E3%82%BD%E3%83%BC-DENSO-%E3%82%AB%E3%83%BC%E3%82%A8%E3%82%A2%E3%82%B3%E3%83%B3%E7%94%A8%E3%83%95%E3%82%A3%E3%83%AB%E3%82%BF%E3%83%BC-DCC1001-%E2%80%BB%E5%BF%85%E3%81%9A%E8%BB%8A%E7%A8%AE%E5%88%A5%E9%81%A9%E5%90%88%E3%82%92%E3%81%94%E7%A2%BA%E8%AA%8D%E4%B8%8B%E3%81%95%E3%81%84/dp/B000M7B05U?_encoding=UTF8&psc=1
#15,"【令和進化版】DesertWest 車載ホルダー 片手操作 2in1 スマホホルダー 粘着ゲル吸盤＆エアコン吹き出し口式兼用 スマホスタンド 車 携帯ホルダー iphone 車載ホルダー 取り付け簡単 360度回転 伸縮アーム ワンタッチ 手帳型ケース対応 自由調節/日本語説明書付き/4-7インチ全機種対応 iPhone/Samsung/Sony/LG/Huawei など (ブラック)
        ",https://www.amazon.co.jp/%E3%80%902019%E9%80%B2%E5%8C%96%E7%89%88%E3%80%91DesertWest-%E7%B2%98%E7%9D%80%E3%82%B2%E3%83%AB%E5%90%B8%E7%9B%A4%EF%BC%86%E3%82%A8%E3%82%A2%E3%82%B3%E3%83%B3%E5%90%B9%E3%81%8D%E5%87%BA%E3%81%97%E5%8F%A3%E5%BC%8F%E5%85%BC%E7%94%A8-%E6%89%8B%E5%B8%B3%E5%9E%8B%E3%82%B1%E3%83%BC%E3%82%B9%E5%AF%BE%E5%BF%9C-%E6%97%A5%E6%9C%AC%E8%AA%9E%E8%AA%AC%E6%98%8E%E6%9B%B8%E4%BB%98%E3%81%8D-4-7%E3%82%A4%E3%83%B3%E3%83%81%E5%85%A8%E6%A9%9F%E7%A8%AE%E5%AF%BE%E5%BF%9C/dp/B07RDHB3N6?_encoding=UTF8&psc=1
#16,"【2020最新版・超暗視型ドラレコ】 ドライブレコーダー 前後カメラ Sony IMX294センサー 32GB SDカード付き 170度広角 360度回転 駐車監視 常時録画 暗視機能 動体検知 上書き録画 G-sensor HDR/WDR技術 ドラレコ LED信号機対策 日本語説明書付き
        ",https://www.amazon.co.jp/%E3%80%902020%E6%9C%80%E6%96%B0%E7%89%88%E3%83%BB%E8%B6%85%E6%9A%97%E8%A6%96%E5%9E%8B%E3%83%89%E3%83%A9%E3%83%AC%E3%82%B3%E3%80%91-%E3%83%89%E3%83%A9%E3%82%A4%E3%83%96%E3%83%AC%E3%82%B3%E3%83%BC%E3%83%80%E3%83%BC-IMX294%E3%82%BB%E3%83%B3%E3%82%B5%E3%83%BC-G-sensor-LED%E4%BF%A1%E5%8F%B7%E6%A9%9F%E5%AF%BE%E7%AD%96/dp/B084L13W4C?_encoding=UTF8&psc=1
#17,"カストロール エンジンオイル EDGE 5W-40 4L 4輪ガソリン/ディーゼル車両用全合成油 Castrol
        ",https://www.amazon.co.jp/%E3%82%AB%E3%82%B9%E3%83%88%E3%83%AD%E3%83%BC%E3%83%AB-%E3%82%A8%E3%83%B3%E3%82%B8%E3%83%B3%E3%82%AA%E3%82%A4%E3%83%AB-4%E8%BC%AA%E3%82%AC%E3%82%BD%E3%83%AA%E3%83%B3-%E3%83%87%E3%82%A3%E3%83%BC%E3%82%BC%E3%83%AB%E8%BB%8A%E4%B8%A1%E7%94%A8%E5%85%A8%E5%90%88%E6%88%90%E6%B2%B9-Castrol/dp/B003U3LU0S?_encoding=UTF8&psc=1
#18,"KURE(呉工業) 【ケース販売】 5-56 320ml×20本 多用途・多機能防錆・潤滑剤 4989115994434
        ",https://www.amazon.co.jp/KURE-%E5%91%89%E5%B7%A5%E6%A5%AD-320ml%C3%9720%E6%9C%AC-%E5%A4%9A%E7%94%A8%E9%80%94%E3%83%BB%E5%A4%9A%E6%A9%9F%E8%83%BD%E9%98%B2%E9%8C%86%E3%83%BB%E6%BD%A4%E6%BB%91%E5%89%A4-4989115994434/dp/B01KJII0LS?_encoding=UTF8&psc=1
#19,"TYRE GRIP [ タイヤグリップ ] スプレー式タイヤチェーン [HTRC2.1]
        ",https://www.amazon.co.jp/TYRE-GRIP-%E3%82%BF%E3%82%A4%E3%83%A4%E3%82%B0%E3%83%AA%E3%83%83%E3%83%97-%E3%82%B9%E3%83%97%E3%83%AC%E3%83%BC%E5%BC%8F%E3%82%BF%E3%82%A4%E3%83%A4%E3%83%81%E3%82%A7%E3%83%BC%E3%83%B3-HTRC2-1/dp/B002WBEPRO?_encoding=UTF8&psc=1
#20,"スプレー式タイヤチェーン ノルウエー製オリジナルSnow Grip
        ",https://www.amazon.co.jp/Snow-Grip-%E3%82%B9%E3%83%97%E3%83%AC%E3%83%BC%E5%BC%8F%E3%82%BF%E3%82%A4%E3%83%A4%E3%83%81%E3%82%A7%E3%83%BC%E3%83%B3-%E3%83%8E%E3%83%AB%E3%82%A6%E3%82%A8%E3%83%BC%E8%A3%BD%E3%82%AA%E3%83%AA%E3%82%B8%E3%83%8A%E3%83%ABSnow/dp/B00QTCF9Z4?_encoding=UTF8&psc=1
#21,"JAPAN AVE.(ジャパンアベニュー) 意匠取得 FMトランスミッター Bluetooth 5.0 高音質 (ATSチップ搭載) iPhone 急速充電 USB ×3口 / AUX IN・OUT 2way 有線接続 / 12-24V カーチャージャー シガーソケット SmartBC アプリ 無償提供 JA996 [メーカー1年保証]
        ",https://www.amazon.co.jp/FM%E3%83%88%E3%83%A9%E3%83%B3%E3%82%B9%E3%83%9F%E3%83%83%E3%82%BF%E3%83%BC-Bluetooth-ATS%E3%83%81%E3%83%83%E3%83%97%E6%90%AD%E8%BC%89-JA996-%E3%83%A1%E3%83%BC%E3%82%AB%E3%83%BC1%E5%B9%B4%E4%BF%9D%E8%A8%BC/dp/B01KT5CWVU?_encoding=UTF8&psc=1
#22,"アイリスオーヤマ リンサークリーナー 染み抜き 布製品洗浄機 水と空気の力で汚れを吸い取る 温水対応 コンパクト 掃除機 RNS-300
        ",https://www.amazon.co.jp/%E3%82%A2%E3%82%A4%E3%83%AA%E3%82%B9%E3%82%AA%E3%83%BC%E3%83%A4%E3%83%9E-%E3%83%90%E3%82%AD%E3%83%A5%E3%83%BC%E3%83%A0-%E3%82%AF%E3%83%AA%E3%83%BC%E3%83%8A%E3%83%BC-%E3%82%B3%E3%83%B3%E3%83%91%E3%82%AF%E3%83%88-RNS-300/dp/B07ZQGDHP2?_encoding=UTF8&psc=1
#23,"プロスタッフ 洗車用品 ガラス系コーティング剤 CCウォーターゴールド お試しサイズ 70ml S165
        ",https://www.amazon.co.jp/%E3%83%97%E3%83%AD%E3%82%B9%E3%82%BF%E3%83%83%E3%83%95-Prostaff-S165-PROSTAFF-%E3%82%B3%E3%83%BC%E3%83%86%E3%82%A3%E3%83%B3%E3%82%B0%E5%89%A4CC%E3%82%A6%E3%82%A9%E3%83%BC%E3%82%BF%E3%83%BC%E3%82%B4%E3%83%BC%E3%83%AB%E3%83%89%E3%81%8A%E8%A9%A6%E3%81%97%E3%82%B5%E3%82%A4%E3%82%BA70mlS165/dp/B07XG75GBK?_encoding=UTF8&psc=1
#24,"【Amazon.co.jp 限定】エーモン 内張りはがし ポリプロピレン製ソフトタイプ (1427)
        ",https://www.amazon.co.jp/%E3%80%90Amazon-co-jp-%E9%99%90%E5%AE%9A%E3%80%91%E3%82%A8%E3%83%BC%E3%83%A2%E3%83%B3-%E5%86%85%E5%BC%B5%E3%82%8A%E3%81%AF%E3%81%8C%E3%81%97-%E3%83%9D%E3%83%AA%E3%83%97%E3%83%AD%E3%83%94%E3%83%AC%E3%83%B3%E8%A3%BD%E3%82%BD%E3%83%95%E3%83%88%E3%82%BF%E3%82%A4%E3%83%97-4935/dp/B07NWHDTZG?_encoding=UTF8&psc=1
#25,"BOSCH(ボッシュ) 国産車用 オールシーズン対応 フラットワイパー 340mm エアロツインJ-フィット AJ34
        ",https://www.amazon.co.jp/Bosch-%E3%83%9C%E3%83%83%E3%82%B7%E3%83%A5-%E5%9B%BD%E7%94%A3%E8%BB%8A%E7%94%A8%E3%83%AF%E3%82%A4%E3%83%91%E3%83%BC-%E3%82%A8%E3%82%A2%E3%83%AD%E3%83%84%E3%82%A4%E3%83%B3J-%E3%83%95%E3%82%A3%E3%83%83%E3%83%88-AJ34/dp/B077T3SNZB?_encoding=UTF8&psc=1
#26,"プロスタッフ 洗車用品 ガラスクリーナー キイロビン 100ｇ 油膜&被膜落とし スポンジ付き A-01
        ",https://www.amazon.co.jp/%E3%83%97%E3%83%AD%E3%82%B9%E3%82%BF%E3%83%83%E3%83%95-%E3%82%AC%E3%83%A9%E3%82%B9%E3%82%AF%E3%83%AA%E3%83%BC%E3%83%8A%E3%83%BC-%E3%82%AD%E3%82%A4%E3%83%AD%E3%83%93%E3%83%B3-%E8%A2%AB%E8%86%9C%E8%90%BD%E3%81%A8%E3%81%97-%E3%82%B9%E3%83%9D%E3%83%B3%E3%82%B8%E4%BB%98%E3%81%8D/dp/B0897WSML1?_encoding=UTF8&psc=1
#27,"エーモン 静音計画 静音セット 2690
        ",https://www.amazon.co.jp/%E3%82%A8%E3%83%BC%E3%83%A2%E3%83%B3-amon-2690-%E9%9D%99%E9%9F%B3%E8%A8%88%E7%94%BB-%E9%9D%99%E9%9F%B3%E3%82%BB%E3%83%83%E3%83%88/dp/B003J9UR98?_encoding=UTF8&psc=1
#28,"エーモン 三角停止板 国家公安委員会認定品(認定番号 交F16-2) 6640 & 非常信号灯 国土交通省 保安基準認定品 車検対応 (防水性能IPX3相当) 6726【セット買い】
        ",https://www.amazon.co.jp/%E3%82%A8%E3%83%BC%E3%83%A2%E3%83%B3-%E5%9B%BD%E5%AE%B6%E5%85%AC%E5%AE%89%E5%A7%94%E5%93%A1%E4%BC%9A%E8%AA%8D%E5%AE%9A%E5%93%81-%E4%BF%9D%E5%AE%89%E5%9F%BA%E6%BA%96%E8%AA%8D%E5%AE%9A%E5%93%81-%E9%98%B2%E6%B0%B4%E6%80%A7%E8%83%BDIPX3%E7%9B%B8%E5%BD%93-6726%E3%80%90%E3%82%BB%E3%83%83%E3%83%88%E8%B2%B7%E3%81%84%E3%80%91/dp/B081H117PP?_encoding=UTF8&psc=1
#29,"【2020最新 業界初モデル正規品】AUXITO H4 Hi/Lo LEDヘッドライト 車用 3年品質保証 新基準車検対応 ZES LEDチップ搭載 驚異の純正ハロゲンサイズ登場 99％車種対応 高輝度12000LM(6000LM*2) 6500K 12V車対応(ハイブリッド車・EV車対応) 定電流回路搭載 長寿命 高速回転冷却ファン付け 放熱性抜群 静音 瞬間起動 光軸調整フリー 2個入り ホワイト - M3H4
        ",https://www.amazon.co.jp/%E6%A5%AD%E7%95%8C%E5%88%9D%E3%83%A2%E3%83%87%E3%83%AB%E6%AD%A3%E8%A6%8F%E5%93%81%E3%80%91AUXITO-%E9%A9%9A%E7%95%B0%E3%81%AE%E7%B4%94%E6%AD%A3%E3%83%8F%E3%83%AD%E3%82%B2%E3%83%B3%E3%82%B5%E3%82%A4%E3%82%BA%E7%99%BB%E5%A0%B4-%E9%AB%98%E8%BC%9D%E5%BA%A612000LM-%E3%83%8F%E3%82%A4%E3%83%96%E3%83%AA%E3%83%83%E3%83%89%E8%BB%8A%E3%83%BBEV%E8%BB%8A%E5%AF%BE%E5%BF%9C-%E9%AB%98%E9%80%9F%E5%9B%9E%E8%BB%A2%E5%86%B7%E5%8D%B4%E3%83%95%E3%82%A1%E3%83%B3%E4%BB%98%E3%81%91/dp/B07TYZL287?_encoding=UTF8&psc=1
#30,"Arteck ジャンプスターター 12V車用エンジンスターター 8000mAh ポータブル充電器最大800A LED緊急ライト搭載 スマホ急速充電器 24ヶ月保証付【日本語取扱説明書付き】
        ",https://www.amazon.co.jp/Arteck-12V%E8%BB%8A%E7%94%A8%E3%82%A8%E3%83%B3%E3%82%B8%E3%83%B3%E3%82%B9%E3%82%BF%E3%83%BC%E3%82%BF%E3%83%BC-%E3%83%9D%E3%83%BC%E3%82%BF%E3%83%96%E3%83%AB%E5%85%85%E9%9B%BB%E5%99%A8%E6%9C%80%E5%A4%A7300A-LED%E7%B7%8A%E6%80%A5%E3%83%A9%E3%82%A4%E3%83%88%E6%90%AD%E8%BC%89-24%E3%83%B6%E6%9C%88%E4%BF%9D%E8%A8%BC%E4%BB%98%E3%80%90%E6%97%A5%E6%9C%AC%E8%AA%9E%E5%8F%96%E6%89%B1%E8%AA%AC%E6%98%8E%E6%9B%B8%E4%BB%98%E3%81%8D%E3%80%91/dp/B0842NBFNS?_encoding=UTF8&psc=1
#31,"エーモン 配線コード 0.2sq 4m 赤 2800
        ",https://www.amazon.co.jp/%E3%82%A8%E3%83%BC%E3%83%A2%E3%83%B3-%E9%85%8D%E7%B7%9A%E3%82%B3%E3%83%BC%E3%83%89-0-2sq-4m-2800/dp/B00366BWJI?_encoding=UTF8&psc=1
#32,"【販売ルート限定品】カーメイト ブラング 車用 芳香剤 噴霧式フレグランスディフューザー 専用 エッセンシャルオイル グッドナイト DH315
        ",https://www.amazon.co.jp/%E3%80%90%E8%B2%A9%E5%A3%B2%E3%83%AB%E3%83%BC%E3%83%88%E9%99%90%E5%AE%9A%E5%93%81%E3%80%91%E3%82%AB%E3%83%BC%E3%83%A1%E3%82%A4%E3%83%88-%E5%99%B4%E9%9C%A7%E5%BC%8F%E3%83%95%E3%83%AC%E3%82%B0%E3%83%A9%E3%83%B3%E3%82%B9%E3%83%87%E3%82%A3%E3%83%95%E3%83%A5%E3%83%BC%E3%82%B6%E3%83%BC-%E3%82%A8%E3%83%83%E3%82%BB%E3%83%B3%E3%82%B7%E3%83%A3%E3%83%AB%E3%82%AA%E3%82%A4%E3%83%AB-%E3%82%B0%E3%83%83%E3%83%89%E3%83%8A%E3%82%A4%E3%83%88-DH315/dp/B08G4KT1FH?_encoding=UTF8&psc=1
#33,"エーモン メモリーバックアップ 1686 & 【Amazon.co.jp限定】 エーモン ポイパック(廃油処理箱) 4.5L 4929【セット買い】
        ",https://www.amazon.co.jp/%E3%82%A8%E3%83%BC%E3%83%A2%E3%83%B3-%E3%83%A1%E3%83%A2%E3%83%AA%E3%83%BC%E3%83%90%E3%83%83%E3%82%AF%E3%82%A2%E3%83%83%E3%83%97-%E3%80%90Amazon-co-jp%E9%99%90%E5%AE%9A%E3%80%91-%E3%83%9D%E3%82%A4%E3%83%91%E3%83%83%E3%82%AF-4929%E3%80%90%E3%82%BB%E3%83%83%E3%83%88%E8%B2%B7%E3%81%84%E3%80%91/dp/B081GZN9F1?_encoding=UTF8&psc=1
#34,"カストロール エンジンオイル POWER1 4T 10W-40 4L 二輪車4サイクルエンジン用部分合成油 MA Castrol
        ",https://www.amazon.co.jp/%E3%82%AB%E3%82%B9%E3%83%88%E3%83%AD%E3%83%BC%E3%83%AB-%E3%82%A8%E3%83%B3%E3%82%B8%E3%83%B3%E3%82%AA%E3%82%A4%E3%83%AB-POWER1-%E4%BA%8C%E8%BC%AA%E8%BB%8A4%E3%82%B5%E3%82%A4%E3%82%AF%E3%83%AB%E3%82%A8%E3%83%B3%E3%82%B8%E3%83%B3%E7%94%A8%E9%83%A8%E5%88%86%E5%90%88%E6%88%90%E6%B2%B9-Castrol/dp/B001EFC4FE?_encoding=UTF8&psc=1
#35,"Kaedear(カエディア) バイク スマホ ホルダー バイク用 【 クイックホールド 】 携帯ホルダー スマホ 携帯 スマートフォン アルミ製 バーマウント ミラー マウント 360度回転 原付 オートバイ 自転車 (black, ショートマウント)
        ",https://www.amazon.co.jp/Kaedear-%E3%82%B9%E3%83%9E%E3%83%9B%E3%83%9B%E3%83%AB%E3%83%80%E3%83%BC-%E3%82%AF%E3%82%A4%E3%83%83%E3%82%AF%E3%83%9B%E3%83%BC%E3%83%AB%E3%83%89-%E3%82%B9%E3%82%BF%E3%83%B3%E3%83%89iphone-android/dp/B083SP2KX8?_encoding=UTF8&psc=1
#36,"【Amazon.co.jp限定】エーモン 音楽計画 デッドニングキット スピーカー周辺簡単モデル 4800 制振材増量+内張りはがしセット
        ",https://www.amazon.co.jp/%E3%80%90Amazon-co-jp%E9%99%90%E5%AE%9A%E3%80%91%E3%82%A8%E3%83%BC%E3%83%A2%E3%83%B3-%E3%83%87%E3%83%83%E3%83%89%E3%83%8B%E3%83%B3%E3%82%B0%E3%82%AD%E3%83%83%E3%83%88-%E3%82%B9%E3%83%94%E3%83%BC%E3%82%AB%E3%83%BC%E5%91%A8%E8%BE%BA%E7%B0%A1%E5%8D%98%E3%83%A2%E3%83%87%E3%83%AB-4800-%E5%86%85%E5%BC%B5%E3%82%8A%E3%81%AF%E3%81%8C%E3%81%97%E3%82%BB%E3%83%83%E3%83%88/dp/B071ZMKDLM?_encoding=UTF8&psc=1
#37,"TAIWAN YUASA [ 台湾ユアサ ] シールド型 バイク用バッテリー [YT4L-BS高性能版] YTX4L-BS
        ",https://www.amazon.co.jp/TAIWAN-YUASA-%E5%8F%B0%E6%B9%BE%E3%83%A6%E3%82%A2%E3%82%B5-YT4L-BS%E9%AB%98%E6%80%A7%E8%83%BD%E7%89%88-YTX4L-BS/dp/B00B6XM27E?_encoding=UTF8&psc=1
#38,"【Amazon.co.jp 限定】エーモン 検電テスター(光と音タイプ) 通電確認+極性確認 (1547)
        ",https://www.amazon.co.jp/%E3%80%90Amazon-co-jp-%E9%99%90%E5%AE%9A%E3%80%91%E3%82%A8%E3%83%BC%E3%83%A2%E3%83%B3-%E6%A4%9C%E9%9B%BB%E3%83%86%E3%82%B9%E3%82%BF%E3%83%BC-%E5%85%89%E3%81%A8%E9%9F%B3%E3%82%BF%E3%82%A4%E3%83%97-%E9%80%9A%E9%9B%BB%E7%A2%BA%E8%AA%8D/dp/B07X8DWWN5?_encoding=UTF8&psc=1
#39,"コミネ(KOMINE) バイク用 ネオプレーンハンドルウォーマー/ハンドルカバー ソリッドブラック/レッド フリー AK-021 345
        ",https://www.amazon.co.jp/%E3%82%B3%E3%83%9F%E3%83%8D-KOMINE-%E3%83%8D%E3%82%AA%E3%83%97%E3%83%AC%E3%83%B3%E3%83%8F%E3%83%B3%E3%83%89%E3%83%AB%E3%82%A6%E3%82%A9%E3%83%BC%E3%83%9E%E3%83%BC-09-021-AK-021/dp/B07W5NCKZH?_encoding=UTF8&psc=1
#40,"シュアラスター ガソリン添加剤 [エンジン内を洗浄してよみがえる加速感] ループ パワーショット SurLuster LP-14 LP-14 & ウォッシングスポンジ [キズ防止 2層構造] SurLuster S-70【セット買い】
        ",https://www.amazon.co.jp/%E3%82%B7%E3%83%A5%E3%82%A2%E3%83%A9%E3%82%B9%E3%82%BF%E3%83%BC-%E3%82%A8%E3%83%B3%E3%82%B8%E3%83%B3%E5%86%85%E3%82%92%E6%B4%97%E6%B5%84%E3%81%97%E3%81%A6%E3%82%88%E3%81%BF%E3%81%8C%E3%81%88%E3%82%8B%E5%8A%A0%E9%80%9F%E6%84%9F-SurLuster-%E3%82%A6%E3%82%A9%E3%83%83%E3%82%B7%E3%83%B3%E3%82%B0%E3%82%B9%E3%83%9D%E3%83%B3%E3%82%B8-S-70%E3%80%90%E3%82%BB%E3%83%83%E3%83%88%E8%B2%B7%E3%81%84%E3%80%91/dp/B08MV7Y4SC?_encoding=UTF8&psc=1
#41,"【Amazon.co.jp限定】 エーモン 配線ガイド(フレックスタイプ) 全長約1m (1161)
        ",https://www.amazon.co.jp/%E3%80%90Amazon-co-jp%E9%99%90%E5%AE%9A%E3%80%91-%E3%82%A8%E3%83%BC%E3%83%A2%E3%83%B3-%E9%85%8D%E7%B7%9A%E3%82%AC%E3%82%A4%E3%83%89-%E3%83%95%E3%83%AC%E3%83%83%E3%82%AF%E3%82%B9%E3%82%BF%E3%82%A4%E3%83%97-4931/dp/B07MVC9MX5?_encoding=UTF8&psc=1
#42,"古河薬品工業(KYK) 解氷スプレートリガー 500ml [HTRC3] 22-040
        ",https://www.amazon.co.jp/%E5%8F%A4%E6%B2%B3%E8%96%AC%E5%93%81%E5%B7%A5%E6%A5%AD-KYK-%E8%A7%A3%E6%B0%B7%E3%82%B9%E3%83%97%E3%83%AC%E3%83%BC%E3%83%88%E3%83%AA%E3%82%AC%E3%83%BC-500ml-HTRC3/dp/B006B07RYU?_encoding=UTF8&psc=1
#43,"シュアラスター コーティング剤 [高撥水] ゼロドロップバリューパック 280ml×2本 SurLuster S-114 & コーティング剤 [親水] ゼロウォーターバリューパック 280ml×2本 SurLuster S-109【セット買い】
        ",https://www.amazon.co.jp/%E3%82%B7%E3%83%A5%E3%82%A2%E3%83%A9%E3%82%B9%E3%82%BF%E3%83%BC-%E3%82%BC%E3%83%AD%E3%83%89%E3%83%AD%E3%83%83%E3%83%97%E3%83%90%E3%83%AA%E3%83%A5%E3%83%BC%E3%83%91%E3%83%83%E3%82%AF-SurLuster-%E3%82%BC%E3%83%AD%E3%82%A6%E3%82%A9%E3%83%BC%E3%82%BF%E3%83%BC%E3%83%90%E3%83%AA%E3%83%A5%E3%83%BC%E3%83%91%E3%83%83%E3%82%AF-S-109%E3%80%90%E3%82%BB%E3%83%83%E3%83%88%E8%B2%B7%E3%81%84%E3%80%91/dp/B08BPS6KNB?_encoding=UTF8&psc=1
#44,"【令和２年モデル】ドライブレコーダー 前後カメラ 1296ＰフルHD 32GBカード付き Sony 1/2.7型CMOSセンサー 170度広角 夜間撮影 エンジンON/OFF 自動緊急録画 駐車監視 動体検知 リバース連動 上書き録画 G-sensor HDR/WDR技術 ドラレコ 車載カメラ LED信号機対策 高温保護 操作簡単 日本語説明書 ブラック
        ",https://www.amazon.co.jp/%E3%80%90%E4%BB%A4%E5%92%8C%EF%BC%92%E5%B9%B4%E3%83%A2%E3%83%87%E3%83%AB%E3%80%91%E3%83%89%E3%83%A9%E3%82%A4%E3%83%96%E3%83%AC%E3%82%B3%E3%83%BC%E3%83%80%E3%83%BC-1296%EF%BC%B0%E3%83%95%E3%83%ABHD-32GB%E3%82%AB%E3%83%BC%E3%83%89%E4%BB%98%E3%81%8D-2-7%E5%9E%8BCMOS%E3%82%BB%E3%83%B3%E3%82%B5%E3%83%BC-G-sensor/dp/B08LD12GVY?_encoding=UTF8&psc=1
#45,"エーモン 防水ギボシ端子セット (防水性能IPX3相当) 0.5-0.85sq 2895
        ",https://www.amazon.co.jp/%E3%82%A8%E3%83%BC%E3%83%A2%E3%83%B3-%E9%98%B2%E6%B0%B4%E3%82%AE%E3%83%9C%E3%82%B7%E7%AB%AF%E5%AD%90%E3%82%BB%E3%83%83%E3%83%88-%E9%98%B2%E6%B0%B4%E6%80%A7%E8%83%BDIPX3%E7%9B%B8%E5%BD%93-0-5-0-85sq-2895/dp/B01LCLV2WK?_encoding=UTF8&psc=1
#46,"AUXITO T10 LED アンバー 2個入り サイドウインカー LEDランプ キャンセラー内蔵 3014LED24個 イエロー ルームランプ 30000時間寿命 ポジション/カーテシー/トランクランプ 12V 1年品質保証
        ",https://www.amazon.co.jp/AUXITO-%E3%82%B5%E3%82%A4%E3%83%89%E3%82%A6%E3%82%A4%E3%83%B3%E3%82%AB%E3%83%BC-%E3%82%AD%E3%83%A3%E3%83%B3%E3%82%BB%E3%83%A9%E3%83%BC%E5%86%85%E8%94%B5-3014LED24%E5%80%8B-30000%E6%99%82%E9%96%93%E5%AF%BF%E5%91%BD/dp/B07CXLJ4X4?_encoding=UTF8&psc=1
#47,"シュアラスター ウォッシングスポンジ [キズ防止 2層構造] SurLuster S-70
        ",https://www.amazon.co.jp/%E3%82%B7%E3%83%A5%E3%82%A2%E3%83%A9%E3%82%B9%E3%82%BF%E3%83%BC-%E3%82%A6%E3%82%A9%E3%83%83%E3%82%B7%E3%83%B3%E3%82%B0%E3%82%B9%E3%83%9D%E3%83%B3%E3%82%B8-%E3%82%AD%E3%82%BA%E9%98%B2%E6%AD%A2-SurLuster-S-70/dp/B003UQFPHO?_encoding=UTF8&psc=1
#48,"エーモン AODEA(オーディア) アンテナ変換コード スバル車用 約0.5m 2066
        ",https://www.amazon.co.jp/%E3%82%A8%E3%83%BC%E3%83%A2%E3%83%B3-AODEA-%E3%82%AA%E3%83%BC%E3%83%87%E3%82%A3%E3%82%A2-%E3%82%A2%E3%83%B3%E3%83%86%E3%83%8A%E5%A4%89%E6%8F%9B%E3%82%B3%E3%83%BC%E3%83%89-2066/dp/B001JC22J0?_encoding=UTF8&psc=1
#49,"シュアラスター マイクロファイバークロス [拭き取り・仕上げ用万能クロス] SurLuster S-132 & ウォッシングスポンジ [キズ防止 2層構造] SurLuster S-70【セット買い】
        ",https://www.amazon.co.jp/%E3%82%B7%E3%83%A5%E3%82%A2%E3%83%A9%E3%82%B9%E3%82%BF%E3%83%BC-%E3%83%9E%E3%82%A4%E3%82%AF%E3%83%AD%E3%83%95%E3%82%A1%E3%82%A4%E3%83%90%E3%83%BC%E3%82%AF%E3%83%AD%E3%82%B9-%E6%8B%AD%E3%81%8D%E5%8F%96%E3%82%8A%E3%83%BB%E4%BB%95%E4%B8%8A%E3%81%92%E7%94%A8%E4%B8%87%E8%83%BD%E3%82%AF%E3%83%AD%E3%82%B9-%E3%82%A6%E3%82%A9%E3%83%83%E3%82%B7%E3%83%B3%E3%82%B0%E3%82%B9%E3%83%9D%E3%83%B3%E3%82%B8-S-70%E3%80%90%E3%82%BB%E3%83%83%E3%83%88%E8%B2%B7%E3%81%84%E3%80%91/dp/B08L3Q71NL?_encoding=UTF8&psc=1
#50,"シュアラスター コーティング剤 [親水] ゼロウォーターバリューパック 280ml×2本 SurLuster S-109
        ",https://www.amazon.co.jp/%E3%82%B7%E3%83%A5%E3%82%A2%E3%83%A9%E3%82%B9%E3%82%BF%E3%83%BC-%E3%82%BC%E3%83%AD%E3%82%A6%E3%82%A9%E3%83%BC%E3%82%BF%E3%83%BC%E3%83%90%E3%83%AA%E3%83%A5%E3%83%BC%E3%83%91%E3%83%83%E3%82%AF-280ml%C3%972%E6%9C%AC-SurLuster-S-109/dp/B06WVPGT4B?_encoding=UTF8&psc=1
