#1,"桃太郎電鉄 ~昭和 平成 令和も定番! ~
        ",https://www.amazon.co.jp/%E6%A1%83%E5%A4%AA%E9%83%8E%E9%9B%BB%E9%89%84-%E6%98%AD%E5%92%8C-%E5%B9%B3%E6%88%90-%E4%BB%A4%E5%92%8C%E3%82%82%E5%AE%9A%E7%95%AA/dp/B08DD1F4RP?_encoding=UTF8&psc=1
#2,"Nintendo Switch 本体 (ニンテンドースイッチ) Joy-Con(L) ネオンブルー/(R) ネオンレッド
        ",https://www.amazon.co.jp/Nintendo-Switch-%E3%83%8B%E3%83%B3%E3%83%86%E3%83%B3%E3%83%89%E3%83%BC%E3%82%B9%E3%82%A4%E3%83%83%E3%83%81-%E3%83%8D%E3%82%AA%E3%83%B3%E3%83%96%E3%83%AB%E3%83%BC-%E3%83%90%E3%83%83%E3%83%86%E3%83%AA%E3%83%BC%E6%8C%81%E7%B6%9A%E6%99%82%E9%96%93%E3%81%8C%E9%95%B7%E3%81%8F%E3%81%AA%E3%81%A3%E3%81%9F%E3%83%A2%E3%83%87%E3%83%AB/dp/B07WXL5YPW?_encoding=UTF8&psc=1
#3,"Logicool G ゲーミングヘッドセット 有線 G433BK 高音質 7.1ch Dolby 3.5mm usb 軽量 ノイズキャンセリング 単一性 着脱式マイク PS5 PS4 PC Switch Xbox スマホ 国内正規品
        ",https://www.amazon.co.jp/%E3%82%B2%E3%83%BC%E3%83%9F%E3%83%B3%E3%82%B0%E3%83%98%E3%83%83%E3%83%89%E3%82%BB%E3%83%83%E3%83%88-%E3%83%AD%E3%82%B8%E3%82%AF%E3%83%BC%E3%83%AB-G433BK-Nintendo-Switch/dp/B071GBFYT4?_encoding=UTF8&psc=1
#4,"あつまれ どうぶつの森 -Switch
        ",https://www.amazon.co.jp/%E4%BB%BB%E5%A4%A9%E5%A0%82-%E3%81%82%E3%81%A4%E3%81%BE%E3%82%8C-%E3%81%A9%E3%81%86%E3%81%B6%E3%81%A4%E3%81%AE%E6%A3%AE-Switch/dp/B084HPGQ9W?_encoding=UTF8&psc=1
#5,"Nintendo Switch 本体 (ニンテンドースイッチ) Joy-Con(L)/(R) グレー
        ",https://www.amazon.co.jp/Nintendo-Switch-%E3%83%8B%E3%83%B3%E3%83%86%E3%83%B3%E3%83%89%E3%83%BC%E3%82%B9%E3%82%A4%E3%83%83%E3%83%81-Joy-%E3%83%90%E3%83%83%E3%83%86%E3%83%AA%E3%83%BC%E6%8C%81%E7%B6%9A%E6%99%82%E9%96%93%E3%81%8C%E9%95%B7%E3%81%8F%E3%81%AA%E3%81%A3%E3%81%9F%E3%83%A2%E3%83%87%E3%83%AB/dp/B07WS7BZYF?_encoding=UTF8&psc=1
#6,"Switch コントローラー [2020最新] 無線 HD振動 小型6軸ジャイロセンサー搭載 スイッチコントローラーTURBO連射機能付き ジャイロセンサー Bluetooth接続 任天堂 スイッチの全てシステムに対応 任天堂 Nintendo Switch 対応 日本語取扱説明書
        ",https://www.amazon.co.jp/%E5%B0%8F%E5%9E%8B6%E8%BB%B8%E3%82%B8%E3%83%A3%E3%82%A4%E3%83%AD%E3%82%BB%E3%83%B3%E3%82%B5%E3%83%BC%E6%90%AD%E8%BC%89-%E3%82%B9%E3%82%A4%E3%83%83%E3%83%81%E3%82%B3%E3%83%B3%E3%83%88%E3%83%AD%E3%83%BC%E3%83%A9%E3%83%BCTURBO%E9%80%A3%E5%B0%84%E6%A9%9F%E8%83%BD%E4%BB%98%E3%81%8D-%E3%82%B8%E3%83%A3%E3%82%A4%E3%83%AD%E3%82%BB%E3%83%B3%E3%82%B5%E3%83%BC-Bluetooth%E6%8E%A5%E7%B6%9A-%E3%82%B9%E3%82%A4%E3%83%83%E3%83%81%E3%81%AE%E5%85%A8%E3%81%A6%E3%82%B7%E3%82%B9%E3%83%86%E3%83%A0%E3%81%AB%E5%AF%BE%E5%BF%9C/dp/B07V5DY94M?_encoding=UTF8&psc=1
#7,"マリオカート8 デラックス - Switch
        ",https://www.amazon.co.jp/%E4%BB%BB%E5%A4%A9%E5%A0%82-%E3%83%9E%E3%83%AA%E3%82%AA%E3%82%AB%E3%83%BC%E3%83%888-%E3%83%87%E3%83%A9%E3%83%83%E3%82%AF%E3%82%B9-Switch/dp/B01N12G06K?_encoding=UTF8&psc=1
#8,"大乱闘スマッシュブラザーズ SPECIAL - Switch
        ",https://www.amazon.co.jp/%E4%BB%BB%E5%A4%A9%E5%A0%82-%E5%A4%A7%E4%B9%B1%E9%97%98%E3%82%B9%E3%83%9E%E3%83%83%E3%82%B7%E3%83%A5%E3%83%96%E3%83%A9%E3%82%B6%E3%83%BC%E3%82%BA-SPECIAL-Switch/dp/B07FDW61HX?_encoding=UTF8&psc=1
#9,"リングフィット アドベンチャー -Switch
        ",https://www.amazon.co.jp/%E4%BB%BB%E5%A4%A9%E5%A0%82-%E3%83%AA%E3%83%B3%E3%82%B0%E3%83%95%E3%82%A3%E3%83%83%E3%83%88-%E3%82%A2%E3%83%89%E3%83%99%E3%83%B3%E3%83%81%E3%83%A3%E3%83%BC-Switch/dp/B07XV8VSZT?_encoding=UTF8&psc=1
#10,"Minecraft (マインクラフト) - Switch
        ",https://www.amazon.co.jp/%E3%83%9E%E3%82%A4%E3%82%AF%E3%83%AD%E3%82%BD%E3%83%95%E3%83%88-Minecraft-%E3%83%9E%E3%82%A4%E3%83%B3%E3%82%AF%E3%83%A9%E3%83%95%E3%83%88-Switch/dp/B07D131MS4?_encoding=UTF8&psc=1
#11,"Fit Boxing 2 -リズム&エクササイズ- -Switch
        ",https://www.amazon.co.jp/Fit-Boxing-%E3%83%AA%E3%82%BA%E3%83%A0-%E3%82%A8%E3%82%AF%E3%82%B5%E3%82%B5%E3%82%A4%E3%82%BA-Switch/dp/B08JH3K59H?_encoding=UTF8&psc=1
#12,"【任天堂純正品】Joy-Con(L) ブルー/(R) ネオンイエロー
        ",https://www.amazon.co.jp/Joy-Con-L-%E3%83%96%E3%83%AB%E3%83%BC-R-%E3%83%8D%E3%82%AA%E3%83%B3%E3%82%A4%E3%82%A8%E3%83%AD%E3%83%BC/dp/B07VCHKRVC?_encoding=UTF8&psc=1
#13,"ゼルダ無双 厄災の黙示録 -Switch
        ",https://www.amazon.co.jp/%E3%82%B3%E3%83%BC%E3%82%A8%E3%83%BC%E3%83%86%E3%82%AF%E3%83%A2%E3%82%B2%E3%83%BC%E3%83%A0%E3%82%B9-%E3%82%BC%E3%83%AB%E3%83%80%E7%84%A1%E5%8F%8C-%E5%8E%84%E7%81%BD%E3%81%AE%E9%BB%99%E7%A4%BA%E9%8C%B2-Switch/dp/B08HSPBMTY?_encoding=UTF8&psc=1
#14,"モンスターハンターライズ -Switch (【数量限定特典】「オトモガルク」と「オトモアイルー」の重ね着装備など 同梱)
        ",https://www.amazon.co.jp/%E3%82%AB%E3%83%97%E3%82%B3%E3%83%B3-%E3%83%A2%E3%83%B3%E3%82%B9%E3%82%BF%E3%83%BC%E3%83%8F%E3%83%B3%E3%82%BF%E3%83%BC%E3%83%A9%E3%82%A4%E3%82%BA-Switch-%E3%80%90%E6%95%B0%E9%87%8F%E9%99%90%E5%AE%9A%E7%89%B9%E5%85%B8%E3%80%91%E3%80%8C%E3%82%AA%E3%83%88%E3%83%A2%E3%82%AC%E3%83%AB%E3%82%AF%E3%80%8D%E3%81%A8%E3%80%8C%E3%82%AA%E3%83%88%E3%83%A2%E3%82%A2%E3%82%A4%E3%83%AB%E3%83%BC%E3%80%8D%E3%81%AE%E9%87%8D%E3%81%AD%E7%9D%80%E8%A3%85%E5%82%99%E3%81%AA%E3%81%A9-%E5%90%8C%E6%A2%B1/dp/B08JYXS4VW?_encoding=UTF8&psc=1
#15,"３枚入り Switch 用 保護 ガラスフィルム スイッチ ブルーライトカット 日本硝子素材 強靭9H 3Dラウンドエッジ加工 撥水撥油 指紋防止 飛散防止 貼付道具付 ピタ貼り 自己吸着 気泡防止
        ",https://www.amazon.co.jp/Nintendo-Switch%E7%94%A8-%E4%BB%BB%E5%A4%A9%E5%A0%82%E3%83%8B%E3%83%B3%E3%83%86%E3%83%B3%E3%83%89%E3%83%BC-%E3%83%96%E3%83%AB%E3%83%BC%E3%83%A9%E3%82%A4%E3%83%88%E3%82%AB%E3%83%83%E3%83%88-3D%E3%83%A9%E3%82%A6%E3%83%B3%E3%83%89%E3%82%A8%E3%83%83%E3%82%B8%E5%8A%A0%E5%B7%A5/dp/B083FBFQ7T?_encoding=UTF8&psc=1
#16,"モンスターハンターライズ -Switch (【数量限定特典】「オトモガルク」と「オトモアイルー」の重ね着装備など&【Amazon.co.jp限定】モンスターハンターライズ タンブラー オトモ/モンスター 同梱)
        ",https://www.amazon.co.jp/%E3%83%A2%E3%83%B3%E3%82%B9%E3%82%BF%E3%83%BC%E3%83%8F%E3%83%B3%E3%82%BF%E3%83%BC%E3%83%A9%E3%82%A4%E3%82%BA-Switch-%E3%80%90%E6%95%B0%E9%87%8F%E9%99%90%E5%AE%9A%E7%89%B9%E5%85%B8%E3%80%91%E3%80%8C%E3%82%AA%E3%83%88%E3%83%A2%E3%82%AC%E3%83%AB%E3%82%AF%E3%80%8D%E3%81%A8%E3%80%8C%E3%82%AA%E3%83%88%E3%83%A2%E3%82%A2%E3%82%A4%E3%83%AB%E3%83%BC%E3%80%8D%E3%81%AE%E9%87%8D%E3%81%AD%E7%9D%80%E8%A3%85%E5%82%99%E3%81%AA%E3%81%A9-%E3%80%90Amazon-co-jp%E9%99%90%E5%AE%9A%E3%80%91%E3%83%A2%E3%83%B3%E3%82%B9%E3%82%BF%E3%83%BC%E3%83%8F%E3%83%B3%E3%82%BF%E3%83%BC%E3%83%A9%E3%82%A4%E3%82%BA-%E3%82%BF%E3%83%B3%E3%83%96%E3%83%A9%E3%83%BC/dp/B08JYT5DFY?_encoding=UTF8&psc=1
#17,"マリオ&ソニック AT 東京2020オリンピック(TM) - Switch
        ",https://www.amazon.co.jp/%E3%83%9E%E3%83%AA%E3%82%AA-%E3%82%BD%E3%83%8B%E3%83%83%E3%82%AF-AT-%E6%9D%B1%E4%BA%AC2020%E3%82%AA%E3%83%AA%E3%83%B3%E3%83%94%E3%83%83%E3%82%AF-TM/dp/B07WRL51Y2?_encoding=UTF8&psc=1
#18,"ピクミン3 デラックス -Switch
        ",https://www.amazon.co.jp/%E4%BB%BB%E5%A4%A9%E5%A0%82-%E3%83%94%E3%82%AF%E3%83%9F%E3%83%B33-%E3%83%87%E3%83%A9%E3%83%83%E3%82%AF%E3%82%B9-Switch/dp/B08FC9ZRW1?_encoding=UTF8&psc=1
#19,"【任天堂ライセンス商品】Nintendo Switch専用液晶保護フィルム 多機能
        ",https://www.amazon.co.jp/%E3%83%9E%E3%83%83%E3%82%AF%E3%82%B9%E3%82%B2%E3%83%BC%E3%83%A0%E3%82%BA-switchscreeen-max-Nintendo-Switch%E5%B0%82%E7%94%A8%E6%B6%B2%E6%99%B6%E4%BF%9D%E8%AD%B7%E3%83%95%E3%82%A3%E3%83%AB%E3%83%A0/dp/B01N36L5FC?_encoding=UTF8&psc=1
#20,"【任天堂純正品】Joy-Con (L) ネオングリーン/ (R) ネオンピンク
        ",https://www.amazon.co.jp/Joy-Con-L-%E3%83%8D%E3%82%AA%E3%83%B3%E3%82%B0%E3%83%AA%E3%83%BC%E3%83%B3-R-%E3%83%8D%E3%82%AA%E3%83%B3%E3%83%94%E3%83%B3%E3%82%AF/dp/B0728BF99G?_encoding=UTF8&psc=1
#21,"Oculus Quest 2完全ワイヤレスのオールインワンVRヘッドセット64GB
        ",https://www.amazon.co.jp/Oculus-Quest-2%E2%80%94%E5%AE%8C%E5%85%A8%E3%83%AF%E3%82%A4%E3%83%A4%E3%83%AC%E3%82%B9%E3%81%AE%E3%82%AA%E3%83%BC%E3%83%AB%E3%82%A4%E3%83%B3%E3%83%AF%E3%83%B3VR%E3%83%98%E3%83%83%E3%83%89%E3%82%BB%E3%83%83%E3%83%88%E2%80%9464GB/dp/B08GCM963G?_encoding=UTF8&psc=1
#22,"Fit Boxing / Fit Boxing 2(フィットボクシング) 対応 コントローラー グリップ For Switch Joy-Con ニンテンドー スイッチ ジョイコン 用 Welite 大人と子供 任天堂 フィットボクシング グリップ2 対応 ハンドル Switchボクシングゲームグリップ 2個 セット(赤&青)
        ",https://www.amazon.co.jp/Boxing-%E3%83%95%E3%82%A3%E3%83%83%E3%83%88%E3%83%9C%E3%82%AF%E3%82%B7%E3%83%B3%E3%82%B0-%E3%82%B3%E3%83%B3%E3%83%88%E3%83%AD%E3%83%BC%E3%83%A9%E3%83%BC-Welite%E3%80%90%E4%BB%A4%E5%92%8C%E6%9C%80%E6%96%B0%E6%94%B9%E8%89%AF%E7%89%88%E3%80%91-Switch%E3%83%9C%E3%82%AF%E3%82%B7%E3%83%B3%E3%82%B0%E3%82%B2%E3%83%BC%E3%83%A0%E3%82%B0%E3%83%AA%E3%83%83%E3%83%97/dp/B086SSSYBL?_encoding=UTF8&psc=1
#23,"【NS対応】Switch ケース ニンテンドースイッチ ケース 保護カバー 収納バッグ 防塵 防汚 耐衝撃 ナイロン素材 全面保護型 消臭 大容量 ゲームカード20枚 旅行用 キャリングセット 小物収納可 持ち運び便利(ブラック)
        ",https://www.amazon.co.jp/Switch%E5%B0%82%E7%94%A8%E3%81%AE%E4%BF%9D%E8%AD%B7%E3%82%B1%E3%83%BC%E3%82%B9-%E4%BB%BB%E5%A4%A9%E5%A0%82%E3%82%B9%E3%82%A4%E3%83%83%E3%83%81%E7%94%A8%E3%81%AE%E3%82%AD%E3%83%A3%E3%83%AA%E3%83%B3%E3%82%B0%E3%82%B1%E3%83%BC%E3%82%B9-%E5%A4%96%E5%87%BA%E3%82%84%E6%97%85%E8%A1%8C%E7%94%A8%E5%8F%8E%E7%B4%8D%E3%83%90%E3%83%83%E3%82%B0-%E9%98%B2%E5%A1%B5%E3%80%81%E9%98%B2%E6%B1%9A%E3%80%81%E8%80%90%E8%A1%9D%E6%92%83-%E3%82%A4%E3%83%A4%E3%83%9B%E3%83%B3%E3%81%AA%E3%81%A9%E5%B0%8F%E7%89%A9%E5%8F%8E%E7%B4%8D%E5%8F%AF/dp/B071HVGXKM?_encoding=UTF8&psc=1
#24,"【任天堂純正品】Nintendo Switch Proコントローラー
        ",https://www.amazon.co.jp/%E4%BB%BB%E5%A4%A9%E5%A0%82-Nintendo-Switch-Pro%E3%82%B3%E3%83%B3%E3%83%88%E3%83%AD%E3%83%BC%E3%83%A9%E3%83%BC/dp/B01NCX3W3O?_encoding=UTF8&psc=1
#25,"【任天堂純正品】Nintendo Switch ACアダプター
        ",https://www.amazon.co.jp/%E4%BB%BB%E5%A4%A9%E5%A0%82-4902370535747-Nintendo-Switch-AC%E3%82%A2%E3%83%80%E3%83%97%E3%82%BF%E3%83%BC/dp/B01MY9I55F?_encoding=UTF8&psc=1
#26,"ASTRO Gaming PS4 ヘッドセット A40TR+MixAmp Pro TR ミックスアンプ付き 有線 5.1ch 3.5mm usb PS5 PS4 PC Mac Switch スマホ A40TR-MAP-002 国内正規品
        ",https://www.amazon.co.jp/%E3%82%B2%E3%83%BC%E3%83%9F%E3%83%B3%E3%82%B0%E3%83%98%E3%83%83%E3%83%89%E3%82%BB%E3%83%83%E3%83%88-MixAmp-A40TR-MAP-002-%E3%83%9F%E3%83%83%E3%82%AF%E3%82%B9%E3%82%A2%E3%83%B3%E3%83%97-2%E5%B9%B4%E9%96%93%E3%83%A1%E3%83%BC%E3%82%AB%E3%83%BC%E4%BF%9D%E8%A8%BC/dp/B07SR8MHVS?_encoding=UTF8&psc=1
#27,"【500円OFFカタログクーポン対象商品(2021年1月31日まで)】世界のアソビ大全51|オンラインコード版
        ",https://www.amazon.co.jp/%E4%BB%BB%E5%A4%A9%E5%A0%82-%E4%B8%96%E7%95%8C%E3%81%AE%E3%82%A2%E3%82%BD%E3%83%93%E5%A4%A7%E5%85%A851-%E3%82%AA%E3%83%B3%E3%83%A9%E3%82%A4%E3%83%B3%E3%82%B3%E3%83%BC%E3%83%89%E7%89%88/dp/B086F3VRS5?_encoding=UTF8&psc=1
#28,"スーパー マリオパーティ - Switch
        ",https://www.amazon.co.jp/%E4%BB%BB%E5%A4%A9%E5%A0%82-%E3%82%B9%E3%83%BC%E3%83%91%E3%83%BC-%E3%83%9E%E3%83%AA%E3%82%AA%E3%83%91%E3%83%BC%E3%83%86%E3%82%A3-Switch/dp/B07DPDDP5V?_encoding=UTF8&psc=1
#29,"ゼルダの伝説 ブレス オブ ザ ワイルド - Switch
        ",https://www.amazon.co.jp/%E3%82%BC%E3%83%AB%E3%83%80%E3%81%AE%E4%BC%9D%E8%AA%AC-%E3%83%96%E3%83%AC%E3%82%B9-%E3%82%AA%E3%83%96-%E3%83%AF%E3%82%A4%E3%83%AB%E3%83%89-Switch/dp/B01N12HJHQ?_encoding=UTF8&psc=1
#30,"Nintendo Switch Lite グレー
        ",https://www.amazon.co.jp/%E4%BB%BB%E5%A4%A9%E5%A0%82-Nintendo-Switch-Lite-%E3%82%B0%E3%83%AC%E3%83%BC/dp/B07X47QTN3?_encoding=UTF8&psc=1
#31,"YOSH 2枚入り Nintendo Switch用 保護フィルム 気泡なし 簡単に貼れる ガラスフィルム ブルーライト95%カット日本硝子素材 硬度9H 高透過率0.26mm 飛散防止 指紋防止 気泡ゼロ 貼付道具付 自己吸着 撥水撥油
        ",https://www.amazon.co.jp/Nintendo-%E3%83%96%E3%83%AB%E3%83%BC%E3%83%A9%E3%82%A4%E3%83%8895%EF%BC%85%E3%82%AB%E3%83%83%E3%83%88-%E3%82%B9%E3%82%A4%E3%83%83%E3%83%81%E4%BF%9D%E8%AD%B7%E3%82%B7%E3%83%BC%E3%83%88-YOSH-%E5%BC%B7%E5%8C%96%E4%BF%9D%E8%AD%B7%E3%82%AC%E3%83%A9%E3%82%B9%E3%83%95%E3%82%A3%E3%83%AB%E3%83%A0/dp/B0778N3JVN?_encoding=UTF8&psc=1
#32,"PlayStation 4 + 【PS4】The Last of Us Part II 【CEROレーティング「Z」】 セット
        ",https://www.amazon.co.jp/PlayStation-%E3%80%90PS4%E3%80%91-Last-Part-%E3%80%90CERO%E3%83%AC%E3%83%BC%E3%83%86%E3%82%A3%E3%83%B3%E3%82%B0%E3%80%8CZ%E3%80%8D%E3%80%91/dp/B08PJXHXTN?_encoding=UTF8&psc=1
#33,"Nintendo Switch Lite ターコイズ
        ",https://www.amazon.co.jp/%E4%BB%BB%E5%A4%A9%E5%A0%82-Nintendo-Switch-%E3%82%BF%E3%83%BC%E3%82%B3%E3%82%A4%E3%82%BA/dp/B07X779ZK5?_encoding=UTF8&psc=1
#34,"メガドライブミニW
        ",https://www.amazon.co.jp/%E3%82%BB%E3%82%AC%E3%82%B2%E3%83%BC%E3%83%A0%E3%82%B9-9247-%E3%83%A1%E3%82%AC%E3%83%89%E3%83%A9%E3%82%A4%E3%83%96%E3%83%9F%E3%83%8BW/dp/B07Q3RGBDF?_encoding=UTF8&psc=1
#35,"スーパーマリオ 3Dコレクション -Switch
        ",https://www.amazon.co.jp/%E4%BB%BB%E5%A4%A9%E5%A0%82-%E3%82%B9%E3%83%BC%E3%83%91%E3%83%BC%E3%83%9E%E3%83%AA%E3%82%AA-3D%E3%82%B3%E3%83%AC%E3%82%AF%E3%82%B7%E3%83%A7%E3%83%B3-Switch/dp/B08HH68P5J?_encoding=UTF8&psc=1
#36,"Switch コントローラー 【2020改良版】RegeMoudal スイッチ コントローラー ワイヤレス プロコン Bluetooth 最新switchシステム8.0.1対応 6軸ジャイロセンサー搭載 HD振動 TURBO連射機能付き 日本語取扱説明書
        ",https://www.amazon.co.jp/%E3%80%902020%E6%94%B9%E8%89%AF%E7%89%88%E3%80%91RegeMoudal-Bluetooth-%E6%9C%80%E6%96%B0switch%E3%82%B7%E3%82%B9%E3%83%86%E3%83%A08-0-1%E5%AF%BE%E5%BF%9C-6%E8%BB%B8%E3%82%B8%E3%83%A3%E3%82%A4%E3%83%AD%E3%82%BB%E3%83%B3%E3%82%B5%E3%83%BC%E6%90%AD%E8%BC%89-TURBO%E9%80%A3%E5%B0%84%E6%A9%9F%E8%83%BD%E4%BB%98%E3%81%8D/dp/B082NZWDN5?_encoding=UTF8&psc=1
#37,"〔新価格版〕ドラゴンクエストXI 過ぎ去りし時を求めて S - Switch
        ",https://www.amazon.co.jp/%E3%82%B9%E3%82%AF%E3%82%A6%E3%82%A7%E3%82%A2%E3%83%BB%E3%82%A8%E3%83%8B%E3%83%83%E3%82%AF%E3%82%B9-%E3%80%94%E6%96%B0%E4%BE%A1%E6%A0%BC%E7%89%88%E3%80%95%E3%83%89%E3%83%A9%E3%82%B4%E3%83%B3%E3%82%AF%E3%82%A8%E3%82%B9%E3%83%88XI-%E9%81%8E%E3%81%8E%E5%8E%BB%E3%82%8A%E3%81%97%E6%99%82%E3%82%92%E6%B1%82%E3%82%81%E3%81%A6-S-Switch/dp/B08K3FVHH2?_encoding=UTF8&psc=1
#38,"<SW版>eBASEBALLパワフルプロ野球2020
        ",https://www.amazon.co.jp/%E3%82%B3%E3%83%8A%E3%83%9F%E3%83%87%E3%82%B8%E3%82%BF%E3%83%AB%E3%82%A8%E3%83%B3%E3%82%BF%E3%83%86%E3%82%A4%E3%83%B3%E3%83%A1%E3%83%B3%E3%83%88-SW%E7%89%88-eBASEBALL%E3%83%91%E3%83%AF%E3%83%95%E3%83%AB%E3%83%97%E3%83%AD%E9%87%8E%E7%90%832020/dp/B086GVXQN8?_encoding=UTF8&psc=1
#39,"FIFA 21 LEGACY EDITION - Switch
        ",https://www.amazon.co.jp/FIFA-21-LEGACY-EDITION-Switch/dp/B08BJFBWR7?_encoding=UTF8&psc=1
#40,"【任天堂純正品】Nintendo Switch Proコントローラー スプラトゥーン2エディション
        ",https://www.amazon.co.jp/%E4%BB%BB%E5%A4%A9%E5%A0%82-%E7%94%A8%E3%82%A2%E3%82%AF%E3%82%BB%E3%82%B5%E3%83%AA%E3%83%BC-4902370536980-Pro%E3%82%B3%E3%83%B3%E3%83%88%E3%83%AD%E3%83%BC%E3%83%A9%E3%83%BC-%E3%82%B9%E3%83%97%E3%83%A9%E3%83%88%E3%82%A5%E3%83%BC%E3%83%B32%E3%82%A8%E3%83%87%E3%82%A3%E3%82%B7%E3%83%A7%E3%83%B3/dp/B072FHHZFJ?_encoding=UTF8&psc=1
#41,"DualSense ワイヤレスコントローラー (CFI-ZCT1J)
        ",https://www.amazon.co.jp/%E3%82%BD%E3%83%8B%E3%83%BC%E3%83%BB%E3%82%A4%E3%83%B3%E3%82%BF%E3%83%A9%E3%82%AF%E3%83%86%E3%82%A3%E3%83%96%E3%82%A8%E3%83%B3%E3%82%BF%E3%83%86%E3%82%A4%E3%83%B3%E3%83%A1%E3%83%B3%E3%83%88-DualSense-%E3%83%AF%E3%82%A4%E3%83%A4%E3%83%AC%E3%82%B9%E3%82%B3%E3%83%B3%E3%83%88%E3%83%AD%E3%83%BC%E3%83%A9%E3%83%BC-CFI-ZCT1J/dp/B08GG1QSRR?_encoding=UTF8&psc=1
#42,"FPS Freek Vortex | FPSフリーク PlayStation 4 (PS4) | Performance Thumbsticks | KontrolFreek [並行輸入品]
        ",https://www.amazon.co.jp/FPS-Freek-Vortex-Playstation-%E4%B8%A6%E8%A1%8C%E8%BC%B8%E5%85%A5%E5%93%81/dp/B01ASAGUL4?_encoding=UTF8&psc=1
#43,"2枚入りfor Nintendo Switch 強化ガラス 保護 フィルム ブルーライト 日本硝子 硬度9H 指紋防止 スイッチ
        ",https://www.amazon.co.jp/2%E6%9E%9A%E5%85%A5%E3%82%8Afor-Nintendo-Switch-%E5%BC%B7%E5%8C%96%E3%82%AC%E3%83%A9%E3%82%B9-%E3%83%96%E3%83%AB%E3%83%BC%E3%83%A9%E3%82%A4%E3%83%88/dp/B07PPZQXV4?_encoding=UTF8&psc=1
#44,"Razer BlackShark V2 ゲーミングヘッドセット USBサウンドカード付 USB 3.5mmアナログ THX 7.1ch 立体音響 特許技術採用チタンコート50mmドライバ 単一指向性マイク ノイズキャンセリング 高遮音性イヤーカップ 軽量262g PC PS4 PS5 Xbox Nintendo Switch 【日本正規代理店保証品】 RZ04-03230100-R3M1
        ",https://www.amazon.co.jp/Razer-%E3%82%B2%E3%83%BC%E3%83%9F%E3%83%B3%E3%82%B0%E3%83%98%E3%83%83%E3%83%89%E3%82%BB%E3%83%83%E3%83%88-%E7%89%B9%E8%A8%B1%E6%8A%80%E8%A1%93%E6%8E%A1%E7%94%A8%E3%83%81%E3%82%BF%E3%83%B3%E3%82%B3%E3%83%BC%E3%83%8850mm%E3%83%89%E3%83%A9%E3%82%A4%E3%83%90-%E3%80%90%E6%97%A5%E6%9C%AC%E6%AD%A3%E8%A6%8F%E4%BB%A3%E7%90%86%E5%BA%97%E4%BF%9D%E8%A8%BC%E5%93%81%E3%80%91-RZ04-03230100-R3M1/dp/B08F7V9T3K?_encoding=UTF8&psc=1
#45,"天穂のサクナヒメ-PS4
        ",https://www.amazon.co.jp/%E3%83%9E%E3%83%BC%E3%83%99%E3%83%A9%E3%82%B9-%E5%A4%A9%E7%A9%82%E3%81%AE%E3%82%B5%E3%82%AF%E3%83%8A%E3%83%92%E3%83%A1-PS4/dp/B08DDBX16J?_encoding=UTF8&psc=1
#46,"Razer Kraken Green ゲーミングヘッドセット アナログ接続 PS4 PS5 PC Switch スマートフォン 冷却ジェルパッド 【日本正規代理店保証品】 RZ04-02830200-R3M
        ",https://www.amazon.co.jp/Razer-%E3%82%B2%E3%83%BC%E3%83%9F%E3%83%B3%E3%82%B0%E3%83%98%E3%83%83%E3%83%89%E3%82%BB%E3%83%83%E3%83%88-%E5%86%B7%E5%8D%B4%E3%82%B8%E3%82%A7%E3%83%AB%E3%83%91%E3%83%83%E3%83%89-%E3%80%90%E6%97%A5%E6%9C%AC%E6%AD%A3%E8%A6%8F%E4%BB%A3%E7%90%86%E5%BA%97%E4%BF%9D%E8%A8%BC%E5%93%81%E3%80%91-RZ04-02830200-R3M/dp/B07PP7889B?_encoding=UTF8&psc=1
#47,"【PS4】Ghost of Tsushima (ゴースト オブ ツシマ)
        ",https://www.amazon.co.jp/%E3%80%90PS4%E3%80%91Ghost-Tsushima-%E3%82%B4%E3%83%BC%E3%82%B9%E3%83%88-%E3%82%AA%E3%83%96-%E3%83%84%E3%82%B7%E3%83%9E/dp/B085K45JDB?_encoding=UTF8&psc=1
#48,"【任天堂ライセンス商品】まるごと収納バッグ for Nintendo Switch
        ",https://www.amazon.co.jp/%E3%80%90Nintendo-Switch%E5%AF%BE%E5%BF%9C%E3%80%91%E3%81%BE%E3%82%8B%E3%81%94%E3%81%A8%E5%8F%8E%E7%B4%8D%E3%83%90%E3%83%83%E3%82%B0-for-Nintendo-Switch/dp/B01NBVZ02Q?_encoding=UTF8&psc=1
#49,"Nintendo Switch 3年 事故保証プラン  (落下・水濡れ等にも対応 / 対象製品税込価格 30,000円~34,999円)
        ",https://www.amazon.co.jp/Nintendo-%E4%BA%8B%E6%95%85%E4%BF%9D%E8%A8%BC%E3%83%97%E3%83%A9%E3%83%B3-%E8%90%BD%E4%B8%8B%E3%83%BB%E6%B0%B4%E6%BF%A1%E3%82%8C%E7%AD%89%E3%81%AB%E3%82%82%E5%AF%BE%E5%BF%9C-%E5%AF%BE%E8%B1%A1%E8%A3%BD%E5%93%81%E7%A8%8E%E8%BE%BC%E4%BE%A1%E6%A0%BC-000%E5%86%86-34/dp/B06W2GHC7B?_encoding=UTF8&psc=1
#50,"【500円OFFカタログクーポン対象商品(2021年1月31日まで)】マリオカート8 デラックス|オンラインコード版
        ",https://www.amazon.co.jp/%E4%BB%BB%E5%A4%A9%E5%A0%82-%E3%83%9E%E3%83%AA%E3%82%AA%E3%82%AB%E3%83%BC%E3%83%888-%E3%83%87%E3%83%A9%E3%83%83%E3%82%AF%E3%82%B9-%E3%82%AA%E3%83%B3%E3%83%A9%E3%82%A4%E3%83%B3%E3%82%B3%E3%83%BC%E3%83%89%E7%89%88/dp/B01MTASBY4?_encoding=UTF8&psc=1
