#1,"【セット買い】サクラクレパス クレパス 12色 ゴムバンド付き LP12R & 消しゴム 小学生学習100 5個 RFW100S-5P
        ",https://www.amazon.co.jp/%E3%80%90%E3%82%BB%E3%83%83%E3%83%88%E8%B2%B7%E3%81%84%E3%80%91%E3%82%B5%E3%82%AF%E3%83%A9%E3%82%AF%E3%83%AC%E3%83%91%E3%82%B9-%E3%82%B4%E3%83%A0%E3%83%90%E3%83%B3%E3%83%89%E4%BB%98%E3%81%8D-LP12R-%E5%B0%8F%E5%AD%A6%E7%94%9F%E5%AD%A6%E7%BF%92100-RFW100S-5P/dp/B088X9G41X?_encoding=UTF8&psc=1
#2,"ぺんてる 絵の具 エフ水彩 WFC2-12 ポリチューブ入り 12色
        ",https://www.amazon.co.jp/%E3%81%BA%E3%82%93%E3%81%A6%E3%82%8B-%E7%B5%B5%E3%81%AE%E5%85%B7-%E3%82%A8%E3%83%95%E6%B0%B4%E5%BD%A9-WFC2-12-%E3%83%9D%E3%83%AA%E3%83%81%E3%83%A5%E3%83%BC%E3%83%96%E5%85%A5%E3%82%8A/dp/B0060RXHSO?_encoding=UTF8&psc=1
#3,"【セット買い】サクラクレパス 絵の具 マット水彩 ポリチューブ入り 12色セット MW12PE & クレパス 24色 ゴムバンド付き LP24R
        ",https://www.amazon.co.jp/%E3%80%90%E3%82%BB%E3%83%83%E3%83%88%E8%B2%B7%E3%81%84%E3%80%91%E3%82%B5%E3%82%AF%E3%83%A9%E3%82%AF%E3%83%AC%E3%83%91%E3%82%B9-%E3%83%9D%E3%83%AA%E3%83%81%E3%83%A5%E3%83%BC%E3%83%96%E5%85%A5%E3%82%8A-12%E8%89%B2%E3%82%BB%E3%83%83%E3%83%88-MW12PE-%E3%82%B4%E3%83%A0%E3%83%90%E3%83%B3%E3%83%89%E4%BB%98%E3%81%8D/dp/B08H92N1Z7?_encoding=UTF8&psc=1
#4,"アクアビーズ 鬼滅の刃　バケツセット
        ",https://www.amazon.co.jp/%E3%82%A8%E3%83%9D%E3%83%83%E3%82%AF-EPOCH-%E3%82%A2%E3%82%AF%E3%82%A2%E3%83%93%E3%83%BC%E3%82%BA-%E9%AC%BC%E6%BB%85%E3%81%AE%E5%88%83-%E3%83%90%E3%82%B1%E3%83%84%E3%82%BB%E3%83%83%E3%83%88/dp/B08KGMCC1M?_encoding=UTF8&psc=1
#5,"REJICO UV-LED対応 レジン液 25g ハードタイプ レジコ 日本製
        ",https://www.amazon.co.jp/REJICO-UV-LED%E5%AF%BE%E5%BF%9C-%E3%83%AC%E3%82%B8%E3%83%B3%E6%B6%B2-%E3%83%8F%E3%83%BC%E3%83%89%E3%82%BF%E3%82%A4%E3%83%97-%E3%83%AC%E3%82%B8%E3%82%B3/dp/B07SQ4QKXP?_encoding=UTF8&psc=1
#6,"エンスカイ 鬼滅の刃 2021年 カレンダー壁掛け B3サイズ
        ",https://www.amazon.co.jp/%E3%82%A8%E3%83%B3%E3%82%B9%E3%82%AB%E3%82%A4-%E9%AC%BC%E6%BB%85%E3%81%AE%E5%88%83-2021%E5%B9%B4-%E3%82%AB%E3%83%AC%E3%83%B3%E3%83%80%E3%83%BC%E5%A3%81%E6%8E%9B%E3%81%91-B3%E3%82%B5%E3%82%A4%E3%82%BA/dp/B08BCG1R2C?_encoding=UTF8&psc=1
#7,"ナイロン用補修シート 7cm×30cm 撥水処理をしたシールタイプ ベージュ
        ",https://www.amazon.co.jp/sin-%E3%83%8A%E3%82%A4%E3%83%AD%E3%83%B3%E7%94%A8%E8%A3%9C%E4%BF%AE%E3%82%B7%E3%83%BC%E3%83%88-7cm%C3%9730cm-%E6%92%A5%E6%B0%B4%E5%87%A6%E7%90%86%E3%82%92%E3%81%97%E3%81%9F%E3%82%B7%E3%83%BC%E3%83%AB%E3%82%BF%E3%82%A4%E3%83%97-%E3%83%99%E3%83%BC%E3%82%B8%E3%83%A5/dp/B07MXD48KP?_encoding=UTF8&psc=1
#8,"タミヤ クラフトツールシリーズ No.05 曲線バサミ プラモデル用工具 74005
        ",https://www.amazon.co.jp/%E3%82%BF%E3%83%9F%E3%83%A4-%E3%82%AF%E3%83%A9%E3%83%95%E3%83%88%E3%83%84%E3%83%BC%E3%83%AB%E3%82%B7%E3%83%AA%E3%83%BC%E3%82%BA-No-05-%E6%9B%B2%E7%B7%9A%E3%83%90%E3%82%B5%E3%83%9F-%E3%83%97%E3%83%A9%E3%83%A2%E3%83%87%E3%83%AB%E7%94%A8%E5%B7%A5%E5%85%B7/dp/B01LZNLVPS?_encoding=UTF8&psc=1
#9,"コニシ ボンド 裁ほう上手 スティック 6ml 2本セット #05748
        ",https://www.amazon.co.jp/%E3%82%B3%E3%83%8B%E3%82%B7-%E8%A3%81%E3%81%BB%E3%81%86%E4%B8%8A%E6%89%8B-%E3%82%B9%E3%83%86%E3%82%A3%E3%83%83%E3%82%AF-2%E6%9C%AC%E3%82%BB%E3%83%83%E3%83%88-05748/dp/B07CS6H87C?_encoding=UTF8&psc=1
#10,"ZERO Basic 生分解性バイオBB弾 0.20g 5000発入 1kg
        ",https://www.amazon.co.jp/ZERO-Basic-%E7%94%9F%E5%88%86%E8%A7%A3%E6%80%A7%E3%83%90%E3%82%A4%E3%82%AABB%E5%BC%BE-0-20g-5000%E7%99%BA%E5%85%A5/dp/B077GN5YDJ?_encoding=UTF8&psc=1
#11,"トレース台 A3 【和遥キナ先生推薦LED軽量薄型ライトボックス】 無段階調光ライトテーブル 匠彩
        ",https://www.amazon.co.jp/%E3%83%88%E3%83%AC%E3%83%BC%E3%82%B9%E5%8F%B0-A3-%E3%80%90%E5%92%8C%E9%81%A5%E3%82%AD%E3%83%8A%E5%85%88%E7%94%9F%E6%8E%A8%E8%96%A6LED%E8%BB%BD%E9%87%8F%E8%96%84%E5%9E%8B%E3%83%A9%E3%82%A4%E3%83%88%E3%83%9C%E3%83%83%E3%82%AF%E3%82%B9%E3%80%91-%E7%84%A1%E6%AE%B5%E9%9A%8E%E8%AA%BF%E5%85%89%E3%83%A9%E3%82%A4%E3%83%88%E3%83%86%E3%83%BC%E3%83%96%E3%83%AB-%E5%8C%A0%E5%BD%A9/dp/B08D38RDWB?_encoding=UTF8&psc=1
#12,"GSIクレオス Mr.スーパークリアー つや消し スプレー 170ml ホビー用仕上材 B514
        ",https://www.amazon.co.jp/GSI%E3%82%AF%E3%83%AC%E3%82%AA%E3%82%B9-Mr-%E3%82%B9%E3%83%BC%E3%83%91%E3%83%BC%E3%82%AF%E3%83%AA%E3%82%A2%E3%83%BC-170ml-%E3%83%9B%E3%83%93%E3%83%BC%E7%94%A8%E4%BB%95%E4%B8%8A%E6%9D%90-B514/dp/B000W30PIW?_encoding=UTF8&psc=1
#13,"ガイアノーツ T-05s エナメル系塗料用溶剤 (中) 250ml
        ",https://www.amazon.co.jp/%E3%82%AC%E3%82%A4%E3%82%A2%E3%83%8E%E3%83%BC%E3%83%84-T-05s-%E3%82%A8%E3%83%8A%E3%83%A1%E3%83%AB%E7%B3%BB%E5%A1%97%E6%96%99%E7%94%A8%E6%BA%B6%E5%89%A4-%E4%B8%AD-250ml/dp/B003VUOQ6K?_encoding=UTF8&psc=1
#14,"ASINKING 鬼滅の刃 日輪刀 ヒノカミ神楽 鬼殺隊 にちりんとう 刀 鬼滅 ABS 丸形鞘 きめつのやいば 竹刃 完成度高い 滅殺 模擬刀 104cm 木製 コレクション 美術刀 道具 刀剣 コスプレ (ヒノカミ神楽)
        ",https://www.amazon.co.jp/ASINKING-%E5%AD%90%E4%BE%9B%E3%83%97%E3%83%AC%E3%82%BC%E3%83%B3%E3%83%88-%E3%83%8F%E3%83%AD%E3%82%A6%E3%82%A3%E3%83%B3-%E3%82%AF%E3%82%AA%E3%83%AA%E3%83%86%E3%82%A3-%E3%83%92%E3%83%8E%E3%82%AB%E3%83%9F%E7%A5%9E%E6%A5%BD/dp/B088HFPYCD?_encoding=UTF8&psc=1
#15,"RG 機動戦士ガンダム 逆襲のシャア νガンダム 1/144スケール 色分け済みプラモデル
        ",https://www.amazon.co.jp/%E6%A9%9F%E5%8B%95%E6%88%A6%E5%A3%AB%E3%82%AC%E3%83%B3%E3%83%80%E3%83%A0-%E9%80%86%E8%A5%B2%E3%81%AE%E3%82%B7%E3%83%A3%E3%82%A2-%CE%BD%E3%82%AC%E3%83%B3%E3%83%80%E3%83%A0-144%E3%82%B9%E3%82%B1%E3%83%BC%E3%83%AB-%E8%89%B2%E5%88%86%E3%81%91%E6%B8%88%E3%81%BF%E3%83%97%E3%83%A9%E3%83%A2%E3%83%87%E3%83%AB/dp/B07R3YS8R2?_encoding=UTF8&psc=1
#16,"シャープ化学 トイレのスキマフィル MSP1-35 100ml クリア
        ",https://www.amazon.co.jp/%E3%82%B7%E3%83%A3%E3%83%BC%E3%83%97%E5%8C%96%E5%AD%A6-%E3%83%88%E3%82%A4%E3%83%AC%E3%81%AE%E3%82%B9%E3%82%AD%E3%83%9E%E3%83%95%E3%82%A3%E3%83%AB-MSP1-35-100ml-%E3%82%AF%E3%83%AA%E3%82%A2/dp/B016RKOJKI?_encoding=UTF8&psc=1
#17,"携帯コインホルダー コイン収納 硬貨をすばやく分類ケース レジで慌てない小銭財布 片手で取り出せ 2775円収納でき 振っても落ちない (45 x 92 x 12mm 黒)
        ",https://www.amazon.co.jp/%E6%90%BA%E5%B8%AF%E3%82%B3%E3%82%A4%E3%83%B3%E3%83%9B%E3%83%AB%E3%83%80%E3%83%BC-%E7%A1%AC%E8%B2%A8%E3%82%92%E3%81%99%E3%81%B0%E3%82%84%E3%81%8F%E5%88%86%E9%A1%9E%E3%82%B1%E3%83%BC%E3%82%B9-%E3%83%AC%E3%82%B8%E3%81%A7%E6%85%8C%E3%81%A6%E3%81%AA%E3%81%84%E5%B0%8F%E9%8A%AD%E8%B2%A1%E5%B8%83-2775%E5%86%86%E5%8F%8E%E7%B4%8D%E3%81%A7%E3%81%8D-%E6%8C%AF%E3%81%A3%E3%81%A6%E3%82%82%E8%90%BD%E3%81%A1%E3%81%AA%E3%81%84/dp/B08285J3QW?_encoding=UTF8&psc=1
#18,"タカラトミー ポケットモンスター スマホロトム (おもちゃ屋が選んだクリスマスおもちゃ2020 「男の子向け玩具」部門2位選出商品) 00070014
        ",https://www.amazon.co.jp/%E3%82%BF%E3%82%AB%E3%83%A9%E3%83%88%E3%83%9F%E3%83%BC-TAKARA-TOMY-%E3%81%8A%E3%82%82%E3%81%A1%E3%82%83%E5%B1%8B%E3%81%8C%E9%81%B8%E3%82%93%E3%81%A0%E3%82%AF%E3%83%AA%E3%82%B9%E3%83%9E%E3%82%B9%E3%81%8A%E3%82%82%E3%81%A1%E3%82%832020-%E3%80%8C%E7%94%B7%E3%81%AE%E5%AD%90%E5%90%91%E3%81%91%E7%8E%A9%E5%85%B7%E3%80%8D%E9%83%A8%E9%96%802%E4%BD%8D%E9%81%B8%E5%87%BA%E5%95%86%E5%93%81/dp/B0895CZ74K?_encoding=UTF8&psc=1
#19,"BT21 ぬいぐるみ キャラクター人形ファンギフト可愛い抱き枕BTS 公式 防弾少年団 抱き枕 玩具 (CHIMMY, 30*40cm)
        ",https://www.amazon.co.jp/BT21-%E3%81%AC%E3%81%84%E3%81%90%E3%82%8B%E3%81%BF-%E3%82%AD%E3%83%A3%E3%83%A9%E3%82%AF%E3%82%BF%E3%83%BC%E4%BA%BA%E5%BD%A2%E3%83%95%E3%82%A1%E3%83%B3%E3%82%AE%E3%83%95%E3%83%88%E5%8F%AF%E6%84%9B%E3%81%84%E6%8A%B1%E3%81%8D%E6%9E%95BTS-%E9%98%B2%E5%BC%BE%E5%B0%91%E5%B9%B4%E5%9B%A3-CHIMMY/dp/B08PFK2KRM?_encoding=UTF8&psc=1
#20,"BANDAI ドンジャラ 鬼滅の刃
        ",https://www.amazon.co.jp/BANDAI-%E3%83%89%E3%83%B3%E3%82%B8%E3%83%A3%E3%83%A9-%E9%AC%BC%E6%BB%85%E3%81%AE%E5%88%83/dp/B08CN2NFGR?_encoding=UTF8&psc=1
#21,"アクアビーズ 鬼滅の刃　キャラクターセット
        ",https://www.amazon.co.jp/%E3%82%A8%E3%83%9D%E3%83%83%E3%82%AF-EPOCH-%E3%82%A2%E3%82%AF%E3%82%A2%E3%83%93%E3%83%BC%E3%82%BA-%E9%AC%BC%E6%BB%85%E3%81%AE%E5%88%83-%E3%82%AD%E3%83%A3%E3%83%A9%E3%82%AF%E3%82%BF%E3%83%BC%E3%82%BB%E3%83%83%E3%83%88/dp/B08KGLCF9Y?_encoding=UTF8&psc=1
#22,"遊戯王OCG デュエルモンスターズ DAWN OF MAJESTY BOX（初回生産限定版）（＋1ボーナスパック 同梱）
        ",https://www.amazon.co.jp/%E9%81%8A%E6%88%AF%E7%8E%8BOCG-%E3%83%87%E3%83%A5%E3%82%A8%E3%83%AB%E3%83%A2%E3%83%B3%E3%82%B9%E3%82%BF%E3%83%BC%E3%82%BA-DAWN-MAJESTY-BOX%EF%BC%88%E5%88%9D%E5%9B%9E%E7%94%9F%E7%94%A3%E9%99%90%E5%AE%9A%E7%89%88%EF%BC%89%EF%BC%88%EF%BC%8B1%E3%83%9C%E3%83%BC%E3%83%8A%E3%82%B9%E3%83%91%E3%83%83%E3%82%AF/dp/B08R7P9XLW?_encoding=UTF8&psc=1
#23,"タミヤ メイクアップ材シリーズ No.79 ウェザリングマスター A (サンド) 87079
        ",https://www.amazon.co.jp/%E3%82%BF%E3%83%9F%E3%83%A4-%E3%83%A1%E3%82%A4%E3%82%AF%E3%82%A2%E3%83%83%E3%83%97%E6%9D%90%E3%82%B7%E3%83%AA%E3%83%BC%E3%82%BA-No-79-%E3%82%A6%E3%82%A7%E3%82%B6%E3%83%AA%E3%83%B3%E3%82%B0%E3%83%9E%E3%82%B9%E3%82%BF%E3%83%BC-87079/dp/B000BN76H6?_encoding=UTF8&psc=1
#24,"アルテ ポスターフレーム シェイプ A1 ゴールド SH-A1-GD
        ",https://www.amazon.co.jp/%E3%82%A2%E3%83%AB%E3%83%86-%E3%83%9D%E3%82%B9%E3%82%BF%E3%83%BC%E3%83%95%E3%83%AC%E3%83%BC%E3%83%A0-%E3%82%B7%E3%82%A7%E3%82%A4%E3%83%97-%E3%82%B4%E3%83%BC%E3%83%AB%E3%83%89-SH-A1-GD/dp/B001OBKXK6?_encoding=UTF8&psc=1
#25,"KAWAGUCHI TK94014 水に強い布用両面テープ 幅10mm 20m巻 & 超強力 布用 両面テープ 透明 10m 幅20mm 94-005【セット買い】
        ",https://www.amazon.co.jp/KAWAGUCHI-TK94014-%E6%B0%B4%E3%81%AB%E5%BC%B7%E3%81%84%E5%B8%83%E7%94%A8%E4%B8%A1%E9%9D%A2%E3%83%86%E3%83%BC%E3%83%97-%E5%B9%8510mm-94-005%E3%80%90%E3%82%BB%E3%83%83%E3%83%88%E8%B2%B7%E3%81%84%E3%80%91/dp/B08NTZYH67?_encoding=UTF8&psc=1
#26,"ファンテック 斬技シリーズ スジ彫りカーバイト0.1 SB-01
        ",https://www.amazon.co.jp/%E3%83%95%E3%82%A1%E3%83%B3%E3%83%86%E3%83%83%E3%82%AF-Funtec-SB-01-%E6%96%AC%E6%8A%80%E3%82%B7%E3%83%AA%E3%83%BC%E3%82%BA-%E3%82%B9%E3%82%B8%E5%BD%AB%E3%82%8A%E3%82%AB%E3%83%BC%E3%83%90%E3%82%A4%E3%83%880-1/dp/B01DQQ2LMY?_encoding=UTF8&psc=1
#27,"Canバッチgood! 鬼滅の刃セット
        ",https://www.amazon.co.jp/BANDAI-Can%E3%83%90%E3%83%83%E3%83%81good-%E9%AC%BC%E6%BB%85%E3%81%AE%E5%88%83%E3%82%BB%E3%83%83%E3%83%88/dp/B08F2YDQ67?_encoding=UTF8&psc=1
#28,"カードバリアー ハイパーマットシリーズ ハイパーマット ブラック
        ",https://www.amazon.co.jp/%E3%82%B1%E3%82%A4%E3%82%A8%E3%83%A0%E3%82%B7%E3%83%BC-KMC-1508-%E3%82%AB%E3%83%BC%E3%83%89%E3%83%90%E3%83%AA%E3%82%A2%E3%83%BC-%E3%83%8F%E3%82%A4%E3%83%91%E3%83%BC%E3%83%9E%E3%83%83%E3%83%88%E3%82%B7%E3%83%AA%E3%83%BC%E3%82%BA/dp/B00CJ7415M?_encoding=UTF8&psc=1
#29,"GSIクレオス ガンダムマーカー 塗装用 アイグリーン GM09
        ",https://www.amazon.co.jp/GSI%E3%82%AF%E3%83%AC%E3%82%AA%E3%82%B9-%E3%82%AC%E3%83%B3%E3%83%80%E3%83%A0%E3%83%9E%E3%83%BC%E3%82%AB%E3%83%BC-%E5%A1%97%E8%A3%85%E7%94%A8-%E3%82%A2%E3%82%A4%E3%82%B0%E3%83%AA%E3%83%BC%E3%83%B3-GM09/dp/B006B43T52?_encoding=UTF8&psc=1
#30,"タミヤ クラフトツールシリーズ No.35 薄刃ニッパー 74035
        ",https://www.amazon.co.jp/%E3%82%BF%E3%83%9F%E3%83%A4-%E3%82%AF%E3%83%A9%E3%83%95%E3%83%88%E3%83%84%E3%83%BC%E3%83%AB%E3%82%B7%E3%83%AA%E3%83%BC%E3%82%BA-No-35-%E8%96%84%E5%88%83%E3%83%8B%E3%83%83%E3%83%91%E3%83%BC-74035/dp/B0131XZ92G?_encoding=UTF8&psc=1
#31,"東京マルイ ガンパワーHFC134aガス 400g
        ",https://www.amazon.co.jp/%E6%9D%B1%E4%BA%AC%E3%83%9E%E3%83%AB%E3%82%A4-TOKYO-MARUI-H9106G-%E3%82%AC%E3%83%B3%E3%83%91%E3%83%AF%E3%83%BCHFC134a%E3%82%AC%E3%82%B9/dp/B005FPNBEW?_encoding=UTF8&psc=1
#32,"鬼滅の刃 ディフォルメシールウエハース 其ノ三 (20個入) 食玩・ウエハース (鬼滅の刃)
        ",https://www.amazon.co.jp/%E9%AC%BC%E6%BB%85%E3%81%AE%E5%88%83-%E3%83%87%E3%82%A3%E3%83%95%E3%82%A9%E3%83%AB%E3%83%A1%E3%82%B7%E3%83%BC%E3%83%AB%E3%82%A6%E3%82%A8%E3%83%8F%E3%83%BC%E3%82%B9-%E5%85%B6%E3%83%8E%E4%B8%89-20%E5%80%8B%E5%85%A5-%E9%A3%9F%E7%8E%A9%E3%83%BB%E3%82%A6%E3%82%A8%E3%83%8F%E3%83%BC%E3%82%B9/dp/B08J6VFKTS?_encoding=UTF8&psc=1
#33,"尾上萬 すみっコぐらし はじめてのソーイングキット しろくま・ふろしき OM1602
        ",https://www.amazon.co.jp/%E5%B0%BE%E4%B8%8A%E8%90%AC-%E3%81%99%E3%81%BF%E3%81%A3%E3%82%B3%E3%81%90%E3%82%89%E3%81%97-%E3%81%AF%E3%81%98%E3%82%81%E3%81%A6%E3%81%AE%E3%82%BD%E3%83%BC%E3%82%A4%E3%83%B3%E3%82%B0%E3%82%AD%E3%83%83%E3%83%88-%E3%81%97%E3%82%8D%E3%81%8F%E3%81%BE%E3%83%BB%E3%81%B5%E3%82%8D%E3%81%97%E3%81%8D-OM1602/dp/B0893H35C5?_encoding=UTF8&psc=1
#34,"ウェーブ パーツオープナー HT196
        ",https://www.amazon.co.jp/%E3%82%A6%E3%82%A7%E3%83%BC%E3%83%96-Wave-HT196-%E3%83%91%E3%83%BC%E3%83%84%E3%82%AA%E3%83%BC%E3%83%97%E3%83%8A%E3%83%BC/dp/B0071GZXQC?_encoding=UTF8&psc=1
#35,"【セット買い】サクラクレパス じゆうがちょう B4 2冊 PBB4-01(2) & クレパス 16色 ゴムバンド付き LP16R
        ",https://www.amazon.co.jp/%E3%80%90%E3%82%BB%E3%83%83%E3%83%88%E8%B2%B7%E3%81%84%E3%80%91%E3%82%B5%E3%82%AF%E3%83%A9%E3%82%AF%E3%83%AC%E3%83%91%E3%82%B9-%E3%81%98%E3%82%86%E3%81%86%E3%81%8C%E3%81%A1%E3%82%87%E3%81%86-PBB4-01-%E3%82%B4%E3%83%A0%E3%83%90%E3%83%B3%E3%83%89%E4%BB%98%E3%81%8D-LP16R/dp/B088X1RR2N?_encoding=UTF8&psc=1
#36,"フジックス シャッペスパン 60 700m 生成 & レジロン 【ニット用ミシン糸】 #50 300m col.401 白【セット買い】
        ",https://www.amazon.co.jp/%E3%83%95%E3%82%B8%E3%83%83%E3%82%AF%E3%82%B9-%E3%82%B7%E3%83%A3%E3%83%83%E3%83%9A%E3%82%B9%E3%83%91%E3%83%B3-%E3%80%90%E3%83%8B%E3%83%83%E3%83%88%E7%94%A8%E3%83%9F%E3%82%B7%E3%83%B3%E7%B3%B8%E3%80%91-col-401-%E7%99%BD%E3%80%90%E3%82%BB%E3%83%83%E3%83%88%E8%B2%B7%E3%81%84%E3%80%91/dp/B08KQFPNB3?_encoding=UTF8&psc=1
#37,"KAWAGUCHI ナイロン用 補修シート シールタイプ 幅7×長さ30cm 半透明 93-049
        ",https://www.amazon.co.jp/KAWAGUCHI-%E3%83%8A%E3%82%A4%E3%83%AD%E3%83%B3%E7%94%A8-%E3%82%B7%E3%83%BC%E3%83%AB%E3%82%BF%E3%82%A4%E3%83%97-%E5%B9%857%C3%97%E9%95%B7%E3%81%9530cm-93-049/dp/B002JIM7P2?_encoding=UTF8&psc=1
#38,"鬼滅の刃 むいちろう ねずこ かまど たんじろう マント コスプレ 服装 ハロウィン 服装 cosplay オーバー 変装 仮装 オーバー お祝い 贈り物 誕生日 (冨岡 義勇)
        ",https://www.amazon.co.jp/%E9%AC%BC%E6%BB%85%E3%81%AE%E5%88%83-%E3%82%80%E3%81%84%E3%81%A1%E3%82%8D%E3%81%86-%E3%81%9F%E3%82%93%E3%81%98%E3%82%8D%E3%81%86-%E3%83%8F%E3%83%AD%E3%82%A6%E3%82%A3%E3%83%B3-cosplay/dp/B08K3MHCXN?_encoding=UTF8&psc=1
#39,"サンライズ 鬼滅の刃 Chibiぬいぐるみ 煉獄杏寿郎 4589945620307
        ",https://www.amazon.co.jp/%E3%82%B5%E3%83%B3%E3%83%A9%E3%82%A4%E3%82%BA-SUNRISE-4589945620307-Chibi%E3%81%AC%E3%81%84%E3%81%90%E3%82%8B%E3%81%BF-%E7%85%89%E7%8D%84%E6%9D%8F%E5%AF%BF%E9%83%8E/dp/B085WB2T47?_encoding=UTF8&psc=1
#40,"ポケモンカードゲーム ソード＆シールド ハイクラスパック シャイニースターV BOX
        ",https://www.amazon.co.jp/%E3%83%9D%E3%82%B1%E3%83%A2%E3%83%B3%E3%82%AB%E3%83%BC%E3%83%89%E3%82%B2%E3%83%BC%E3%83%A0-%E3%82%BD%E3%83%BC%E3%83%89%EF%BC%86%E3%82%B7%E3%83%BC%E3%83%AB%E3%83%89-%E3%83%8F%E3%82%A4%E3%82%AF%E3%83%A9%E3%82%B9%E3%83%91%E3%83%83%E3%82%AF-%E3%82%B7%E3%83%A3%E3%82%A4%E3%83%8B%E3%83%BC%E3%82%B9%E3%82%BF%E3%83%BCV-BOX/dp/B08DR62LY6?_encoding=UTF8&psc=1
#41,"ねんどろいど 鬼滅の刃 煉獄杏寿郎 ノンスケール ABS&PVC製 塗装済み可動フィギュア
        ",https://www.amazon.co.jp/%E3%81%AD%E3%82%93%E3%81%A9%E3%82%8D%E3%81%84%E3%81%A9-%E9%AC%BC%E6%BB%85%E3%81%AE%E5%88%83-%E7%85%89%E7%8D%84%E6%9D%8F%E5%AF%BF%E9%83%8E-%E3%83%8E%E3%83%B3%E3%82%B9%E3%82%B1%E3%83%BC%E3%83%AB-%E5%A1%97%E8%A3%85%E6%B8%88%E3%81%BF%E5%8F%AF%E5%8B%95%E3%83%95%E3%82%A3%E3%82%AE%E3%83%A5%E3%82%A2/dp/B08R3MK6N2?_encoding=UTF8&psc=1
#42,"フリュー 魔女の旅々 イレイナ 1/7スケール PVC製 塗装済み 完成品 フィギュア AMU-FNX221
        ",https://www.amazon.co.jp/%E3%83%95%E3%83%AA%E3%83%A5%E3%83%BC-%E9%AD%94%E5%A5%B3%E3%81%AE%E6%97%85%E3%80%85-7%E3%82%B9%E3%82%B1%E3%83%BC%E3%83%AB-%E3%83%95%E3%82%A3%E3%82%AE%E3%83%A5%E3%82%A2-AMU-FNX221/dp/B08MXD2H2W?_encoding=UTF8&psc=1
#43,"SUNDRY ロータリーレザーパンチ 穴あけ直径2.0-4.5(6段階) RLP-6 & 角利サンドリー ハトメパンチ 4用 ハトメ100個付 SHP-1【セット買い】
        ",https://www.amazon.co.jp/%E3%83%AD%E3%83%BC%E3%82%BF%E3%83%AA%E3%83%BC%E3%83%AC%E3%82%B6%E3%83%BC%E3%83%91%E3%83%B3%E3%83%81-%E7%A9%B4%E3%81%82%E3%81%91%E7%9B%B4%E5%BE%842-0-4-5%E3%8E%9C-%E8%A7%92%E5%88%A9%E3%82%B5%E3%83%B3%E3%83%89%E3%83%AA%E3%83%BC-%E3%83%8F%E3%83%88%E3%83%A1100%E5%80%8B%E4%BB%98-SHP-1%E3%80%90%E3%82%BB%E3%83%83%E3%83%88%E8%B2%B7%E3%81%84%E3%80%91/dp/B086XPVBC9?_encoding=UTF8&psc=1
#44,"モデルクリーニングブラシ 静電気防止タイプ 74078
        ",https://www.amazon.co.jp/%E3%82%BF%E3%83%9F%E3%83%A4-%E3%82%AF%E3%83%A9%E3%83%95%E3%83%88%E3%83%84%E3%83%BC%E3%83%AB%E3%82%B7%E3%83%AA%E3%83%BC%E3%82%BA-%E3%83%A2%E3%83%87%E3%83%AB%E3%82%AF%E3%83%AA%E3%83%BC%E3%83%8B%E3%83%B3%E3%82%B0%E3%83%96%E3%83%A9%E3%82%B7-%E9%9D%99%E9%9B%BB%E6%B0%97%E9%98%B2%E6%AD%A2%E3%82%BF%E3%82%A4%E3%83%97-%E3%83%97%E3%83%A9%E3%83%A2%E3%83%87%E3%83%AB%E7%94%A8%E5%B7%A5%E5%85%B7/dp/B01LZC0A3Q?_encoding=UTF8&psc=1
#45,"GSIクレオス Mr.トップコート 水性 つや消し スプレー 88ml ホビー用仕上材 B503
        ",https://www.amazon.co.jp/GSI%E3%82%AF%E3%83%AC%E3%82%AA%E3%82%B9-Mr-%E3%83%88%E3%83%83%E3%83%97%E3%82%B3%E3%83%BC%E3%83%88-%E3%81%A4%E3%82%84%E6%B6%88%E3%81%97-%E3%83%9B%E3%83%93%E3%83%BC%E7%94%A8%E4%BB%95%E4%B8%8A%E6%9D%90-B503/dp/B0000WS12C?_encoding=UTF8&psc=1
#46,"エポック(EPOCH) エポックカードサプライシリーズ 9ポケットシート 12枚入 EPK-9P
        ",https://www.amazon.co.jp/%E3%82%A8%E3%83%9D%E3%83%83%E3%82%AF-EPOCH-EPK-9P-9%E3%83%9D%E3%82%B1%E3%83%83%E3%83%88%E3%82%B7%E3%83%BC%E3%83%88-12%E6%9E%9A%E5%85%A5/dp/B001D7ETTC?_encoding=UTF8&psc=1
#47,"RG エヴァンゲリオン 汎用ヒト型決戦兵器 人造人間エヴァンゲリオン初号機DX 輸送台セット 色分け済みプラモデル
        ",https://www.amazon.co.jp/%E3%82%A8%E3%83%B4%E3%82%A1%E3%83%B3%E3%82%B2%E3%83%AA%E3%82%AA%E3%83%B3-%E6%B1%8E%E7%94%A8%E3%83%92%E3%83%88%E5%9E%8B%E6%B1%BA%E6%88%A6%E5%85%B5%E5%99%A8-%E4%BA%BA%E9%80%A0%E4%BA%BA%E9%96%93%E3%82%A8%E3%83%B4%E3%82%A1%E3%83%B3%E3%82%B2%E3%83%AA%E3%82%AA%E3%83%B3%E5%88%9D%E5%8F%B7%E6%A9%9FDX-%E8%BC%B8%E9%80%81%E5%8F%B0%E3%82%BB%E3%83%83%E3%83%88-%E8%89%B2%E5%88%86%E3%81%91%E6%B8%88%E3%81%BF%E3%83%97%E3%83%A9%E3%83%A2%E3%83%87%E3%83%AB/dp/B07ZTFTDPC?_encoding=UTF8&psc=1
#48,"ミドリ メジャー XS 1.5m ピンク 35280006
        ",https://www.amazon.co.jp/%E3%83%9F%E3%83%89%E3%83%AA-%E3%83%A1%E3%82%B8%E3%83%A3%E3%83%BC-1-5m-%E3%83%94%E3%83%B3%E3%82%AF-35280006/dp/B01MRO2HGP?_encoding=UTF8&psc=1
#49,"【令和最新版】精密薄刃ニッパー プラモデル 片刃 ゲートカット 工具
        ",https://www.amazon.co.jp/%E3%80%90%E4%BB%A4%E5%92%8C%E6%9C%80%E6%96%B0%E7%89%88%E3%80%91%E7%B2%BE%E5%AF%86%E8%96%84%E5%88%83%E3%83%8B%E3%83%83%E3%83%91%E3%83%BC-%E3%83%97%E3%83%A9%E3%83%A2%E3%83%87%E3%83%AB-%E3%82%AC%E3%83%B3%E3%83%97%E3%83%A9-%E3%82%AC%E3%83%B3%E3%83%80%E3%83%A0-%E3%82%B2%E3%83%BC%E3%83%88%E3%82%AB%E3%83%83%E3%83%88/dp/B07XSD89DJ?_encoding=UTF8&psc=1
#50,"鬼滅の刃 エアホッケー
        ",https://www.amazon.co.jp/%E3%82%A8%E3%83%9D%E3%83%83%E3%82%AF-EPOCH-%E9%AC%BC%E6%BB%85%E3%81%AE%E5%88%83-%E3%82%A8%E3%82%A2%E3%83%9B%E3%83%83%E3%82%B1%E3%83%BC/dp/B08KGJ6XCB?_encoding=UTF8&psc=1
