#1,"コクヨ コピー用紙 A3 紙厚0.09mm 500枚 FSC認証 KB-38N
        ",https://www.amazon.co.jp/%E3%82%B3%E3%82%AF%E3%83%A8-%E3%82%B3%E3%83%94%E3%83%BC%E7%94%A8%E7%B4%99-%E7%B4%99%E5%8E%9A0-09mm-FSC%E8%AA%8D%E8%A8%BC-KB-38N/dp/B0006L011Q?_encoding=UTF8&psc=1
#2,"APP 高白色 ホワイトコピー用紙 A3 白色度93% 紙厚0.09mm 500枚
        ",https://www.amazon.co.jp/%E3%82%B3%E3%83%94%E3%83%BC%E7%94%A8%E7%B4%99-%E3%83%9B%E3%83%AF%E3%82%A4%E3%83%88%E3%82%B3%E3%83%94%E3%83%BC%E7%94%A8%E7%B4%99-%E7%B4%99%E5%8E%9A0-09mm-500%E6%9E%9A-ATK902/dp/B00J8DGHVQ?_encoding=UTF8&psc=1
#3,"エレコム ノンフロン仕様ダストブロワーECO ADECOM 1本
        ",https://www.amazon.co.jp/ELECOM-%E3%82%A8%E3%83%AC%E3%82%B3%E3%83%A0-ADECOM-%E3%83%8E%E3%83%B3%E3%83%95%E3%83%AD%E3%83%B3%E4%BB%95%E6%A7%98%E3%83%80%E3%82%B9%E3%83%88%E3%83%96%E3%83%AD%E3%83%AF%E3%83%BCECO/dp/B000N8UU72?_encoding=UTF8&psc=1
#4,"iHouse all 両面テープ 魔法のテープ 極 粘着テープ 両面テープ 強力 両面テープ 剥がせる 両面テープ はがせる 両面テープ 超強力 強力両面テープ 透明 強力 防水 耐熱 超強力 張り替え あと残らない 便利 テープ(3cm×0.2cm×1M)
        ",https://www.amazon.co.jp/iHouse-all-%E9%AD%94%E6%B3%95%E3%81%AE%E3%83%86%E3%83%BC%E3%83%97-%E5%BC%B7%E5%8A%9B%E4%B8%A1%E9%9D%A2%E3%83%86%E3%83%BC%E3%83%97-3cm%C3%970-2cm%C3%971M/dp/B08D7KG672?_encoding=UTF8&psc=1
#5,"アイリスオーヤマ シュレッダー 家庭用 細断枚数5枚 クロスカット ホチキス対応 連続使用2分 ダストボックス8.7L A4/80枚収容 コンパクト P5GCX ブラック
        ",https://www.amazon.co.jp/%E3%82%A2%E3%82%A4%E3%83%AA%E3%82%B9%E3%82%AA%E3%83%BC%E3%83%A4%E3%83%9E-%E3%82%B7%E3%83%A5%E3%83%AC%E3%83%83%E3%83%80%E3%83%BC-%E3%82%AF%E3%83%AD%E3%82%B9%E3%82%AB%E3%83%83%E3%83%88-%E7%B4%B0%E6%96%AD%E6%9E%9A%E6%95%B0-P5GCX/dp/B01LY8NPG5?_encoding=UTF8&psc=1
#6,"ムトウユニパック 2021年 カレンダー 卓上 実用性抜群! COLORFUL MU-104 B6
        ",https://www.amazon.co.jp/%E3%83%A0%E3%83%88%E3%82%A6%E3%83%A6%E3%83%8B%E3%83%91%E3%83%83%E3%82%AF-2021%E5%B9%B4-%E3%82%AB%E3%83%AC%E3%83%B3%E3%83%80%E3%83%BC-COLORFUL-MU-104/dp/B08JSF3GWF?_encoding=UTF8&psc=1
#7,"【セット買い】高白色 コピー用紙 ブランコ A3(500枚) & 高白色 コピー用紙 ブランコ B5(500枚)
        ",https://www.amazon.co.jp/%E3%80%90%E3%82%BB%E3%83%83%E3%83%88%E8%B2%B7%E3%81%84%E3%80%91%E9%AB%98%E7%99%BD%E8%89%B2-%E3%82%B3%E3%83%94%E3%83%BC%E7%94%A8%E7%B4%99-%E3%83%96%E3%83%A9%E3%83%B3%E3%82%B3-500%E6%9E%9A-%E9%AB%98%E7%99%BD%E8%89%B2/dp/B08PPV1MRZ?_encoding=UTF8&psc=1
#8,"【セット買い】サクラクレパス クレパス 12色 ゴムバンド付き LP12R & 消しゴム 小学生学習100 5個 RFW100S-5P
        ",https://www.amazon.co.jp/%E3%80%90%E3%82%BB%E3%83%83%E3%83%88%E8%B2%B7%E3%81%84%E3%80%91%E3%82%B5%E3%82%AF%E3%83%A9%E3%82%AF%E3%83%AC%E3%83%91%E3%82%B9-%E3%82%B4%E3%83%A0%E3%83%90%E3%83%B3%E3%83%89%E4%BB%98%E3%81%8D-LP12R-%E5%B0%8F%E5%AD%A6%E7%94%9F%E5%AD%A6%E7%BF%92100-RFW100S-5P/dp/B088X9G41X?_encoding=UTF8&psc=1
#9,"アイリスオーヤマ ラミネートフィルム 100μm A4 サイズ 100枚入 LZ-A4100
        ",https://www.amazon.co.jp/%E3%82%A2%E3%82%A4%E3%83%AA%E3%82%B9%E3%82%AA%E3%83%BC%E3%83%A4%E3%83%9E-%E3%83%A9%E3%83%9F%E3%83%8D%E3%83%BC%E3%83%88%E3%83%95%E3%82%A3%E3%83%AB%E3%83%A0-100%CE%BCm-100%E6%9E%9A%E5%85%A5-LZ-A4100/dp/B000O76S2S?_encoding=UTF8&psc=1
#10,"BoYata ノートパソコンスタンド タブレットスタンド PCスタンド ノートPCスタンド 高さ/角度調整可能 姿勢改善 腰痛/猫背解消 折りたたみ式 滑り止め アルミ合金製 Macbook/Macbook Air/Macbook Pro/iPad/ノートPC/液タプなど17インチまでに対応 シャンパンゴールド
        ",https://www.amazon.co.jp/BoYata-%E3%83%8E%E3%83%BC%E3%83%88%E3%83%91%E3%82%BD%E3%82%B3%E3%83%B3%E3%82%B9%E3%82%BF%E3%83%B3%E3%83%89-%E3%82%BF%E3%83%96%E3%83%AC%E3%83%83%E3%83%88%E3%82%B9%E3%82%BF%E3%83%B3%E3%83%89-%E3%83%8E%E3%83%BC%E3%83%88PC%E3%82%B9%E3%82%BF%E3%83%B3%E3%83%89-%E6%B6%B2%E3%82%BF%E3%83%97%E3%81%AA%E3%81%A917%E3%82%A4%E3%83%B3%E3%83%81%E3%81%BE%E3%81%A7%E3%81%AB%E5%AF%BE%E5%BF%9C/dp/B08GQXRL8L?_encoding=UTF8&psc=1
#11,"コクヨ キャンパスダイアリー 手帳 2021年 A5 マンスリー ピンク ニ-CMP-A5-21 2021年 12月始まり
        ",https://www.amazon.co.jp/%E3%82%B3%E3%82%AF%E3%83%A8-%E3%82%AD%E3%83%A3%E3%83%B3%E3%83%91%E3%82%B9%E3%83%80%E3%82%A4%E3%82%A2%E3%83%AA%E3%83%BC-2021%E5%B9%B4-%E3%83%8B-CMP-A5-21-12%E6%9C%88%E5%A7%8B%E3%81%BE%E3%82%8A/dp/B08D6H422D?_encoding=UTF8&psc=1
#12,"ヘイコー PP食パン袋 半斤用 100枚入り 006721440
        ",https://www.amazon.co.jp/%E3%83%98%E3%82%A4%E3%82%B3%E3%83%BC-PP%E9%A3%9F%E3%83%91%E3%83%B3%E8%A2%8B-%E5%8D%8A%E6%96%A4%E7%94%A8-100%E6%9E%9A%E5%85%A5%E3%82%8A-006721440/dp/B00KL4SAKM?_encoding=UTF8&psc=1
#13,"IKSTAR 第四世代 座布団 低反発クッション ブラック
        ",https://www.amazon.co.jp/IKSTAR-%E7%AC%AC%E5%9B%9B%E4%B8%96%E4%BB%A3-%E3%83%98%E3%83%AB%E3%82%B9%E3%82%B1%E3%82%A2%E5%BA%A7%E5%B8%83%E5%9B%A3-%E4%BD%8E%E5%8F%8D%E7%99%BA%E3%82%AF%E3%83%83%E3%82%B7%E3%83%A7%E3%83%B3-%E3%83%96%E3%83%A9%E3%83%83%E3%82%AF/dp/B072HG7HNG?_encoding=UTF8&psc=1
#14,"ゼブラ 油性ペン マッキー極細 12色 トートバッグ付 MCF12C-TTOM
        ",https://www.amazon.co.jp/%E3%82%BC%E3%83%96%E3%83%A9-%E6%B2%B9%E6%80%A7%E3%83%9A%E3%83%B3-%E3%83%9E%E3%83%83%E3%82%AD%E3%83%BC%E6%A5%B5%E7%B4%B0-%E3%83%88%E3%83%BC%E3%83%88%E3%83%90%E3%83%83%E3%82%B0%E4%BB%98-MCF12C-TTOM/dp/B087CBZ3QJ?_encoding=UTF8&psc=1
#15,"[山善] 折りたたみ デスク 幅80×奥行40×高さ70cm コンパクト アジャスター付き 傷がつきにくい 完成品 アンティークアイボリー/ホワイト PST-8040(AIV) 在宅勤務 & 折りたたみ パイプ 椅子 座面ゆったり39×39cm コンパクト収納 完成品 アイボリー/ホワイト YMC-22(IV/WH) 在宅勤務【セット買い】
        ",https://www.amazon.co.jp/%E5%B1%B1%E5%96%84-%E5%B9%8580%C3%97%E5%A5%A5%E8%A1%8C40%C3%97%E9%AB%98%E3%81%9570cm-%E3%82%A2%E3%83%B3%E3%83%86%E3%82%A3%E3%83%BC%E3%82%AF%E3%82%A2%E3%82%A4%E3%83%9C%E3%83%AA%E3%83%BC-%E5%BA%A7%E9%9D%A2%E3%82%86%E3%81%A3%E3%81%9F%E3%82%8A39%C3%9739cm-%E5%9C%A8%E5%AE%85%E5%8B%A4%E5%8B%99%E3%80%90%E3%82%BB%E3%83%83%E3%83%88%E8%B2%B7%E3%81%84%E3%80%91/dp/B08LDYR3MD?_encoding=UTF8&psc=1
#16,"シャチハタ Xスタンパー 補充インク 顔料系 XLR-20N 20ml 朱色
        ",https://www.amazon.co.jp/%E3%82%B7%E3%83%A3%E3%83%81%E3%83%8F%E3%82%BF-X%E3%82%B9%E3%82%BF%E3%83%B3%E3%83%91%E3%83%BC-%E8%A3%9C%E5%85%85%E3%82%A4%E3%83%B3%E3%82%AF-XLR-20N-20ml/dp/B001AIAJ6Q?_encoding=UTF8&psc=1
#17,"トンボ鉛筆 消しゴム MONO モノPE01 10個 JCA-061
        ",https://www.amazon.co.jp/%E3%83%88%E3%83%B3%E3%83%9C%E9%89%9B%E7%AD%86-%E6%B6%88%E3%81%97%E3%82%B4%E3%83%A0-MONO-%E3%83%A2%E3%83%8EPE01-JCA-061/dp/B0016GLW0O?_encoding=UTF8&psc=1
#18,"工匠藤井 ノートパソコンスタンド 9段階調整可能 スマホスタンド付き 折り畳み式 白
        ",https://www.amazon.co.jp/%E5%B7%A5%E5%8C%A0%E8%97%A4%E4%BA%95-%E3%83%8E%E3%83%BC%E3%83%88%E3%83%91%E3%82%BD%E3%82%B3%E3%83%B3%E3%82%B9%E3%82%BF%E3%83%B3%E3%83%89-9%E6%AE%B5%E9%9A%8E%E8%AA%BF%E6%95%B4%E5%8F%AF%E8%83%BD-%E3%82%B9%E3%83%9E%E3%83%9B%E3%82%B9%E3%82%BF%E3%83%B3%E3%83%89%E4%BB%98%E3%81%8D-%E6%8A%98%E3%82%8A%E7%95%B3%E3%81%BF%E5%BC%8F/dp/B0824JXWLH?_encoding=UTF8&psc=1
#19,"【セット買い】プラス クリアファイル クリアホルダー E A4 100枚 0.18mm 透明 (乳白)クリアー FL-270HO 88-138 & クリアホルダー A4 10枚パック FL-184HO 80-160 高透明カラー 5色セット
        ",https://www.amazon.co.jp/%E3%80%90%E3%82%BB%E3%83%83%E3%83%88%E8%B2%B7%E3%81%84%E3%80%91%E3%83%97%E3%83%A9%E3%82%B9-%E3%82%AF%E3%83%AA%E3%82%A2%E3%83%95%E3%82%A1%E3%82%A4%E3%83%AB-%E3%82%AF%E3%83%AA%E3%82%A2%E3%83%9B%E3%83%AB%E3%83%80%E3%83%BC-FL-270HO-FL-184HO/dp/B08R9DDHM8?_encoding=UTF8&psc=1
#20,"Supracing シュプレーシング 2021年 カレンダー 【2020年12月始まり】 ６か月ひと目 卓上カレンダー 実用性抜群 (日曜から２部セット)
        ",https://www.amazon.co.jp/Supracing-%E3%82%B7%E3%83%A5%E3%83%97%E3%83%AC%E3%83%BC%E3%82%B7%E3%83%B3%E3%82%B0-%E3%80%902020%E5%B9%B412%E6%9C%88%E5%A7%8B%E3%81%BE%E3%82%8A%E3%80%91-%E5%8D%93%E4%B8%8A%E3%82%AB%E3%83%AC%E3%83%B3%E3%83%80%E3%83%BC-%E6%97%A5%E6%9B%9C%E3%81%8B%E3%82%89%EF%BC%92%E9%83%A8%E3%82%BB%E3%83%83%E3%83%88/dp/B08PQ8MDNG?_encoding=UTF8&psc=1
#21,"タンスのゲン G-AIR ハイバック オフィスチェア ロッキング メッシュ デスクチェア ブラック 65090108 03 (63940)
        ",https://www.amazon.co.jp/%E3%82%BF%E3%83%B3%E3%82%B9%E3%81%AE%E3%82%B2%E3%83%B3-%E3%80%90%E7%AB%B6%E6%8A%80%E7%94%A8%E3%83%A1%E3%83%83%E3%82%B7%E3%83%A5%E3%80%91-%E8%85%B0%E3%82%B5%E3%83%9D%E3%83%BC%E3%83%88%E3%82%AF%E3%83%83%E3%82%B7%E3%83%A7%E3%83%B3-%E8%AA%BF%E7%AF%80%E5%8F%AF%E8%83%BD%E3%82%A2%E3%83%BC%E3%83%A0%E3%83%AC%E3%82%B9%E3%83%88-65090108/dp/B00YQW38O8?_encoding=UTF8&psc=1
#22,"サクラクレパス 色鉛筆 クーピー 缶入 60色 3個 FY60(3)
        ",https://www.amazon.co.jp/%E3%82%B5%E3%82%AF%E3%83%A9%E3%82%AF%E3%83%AC%E3%83%91%E3%82%B9-%E8%89%B2%E9%89%9B%E7%AD%86-%E3%82%AF%E3%83%BC%E3%83%94%E3%83%BC-60%E8%89%B2-FY60/dp/B08H24HCM8?_encoding=UTF8&psc=1
#23,"マルアイ クラフト封筒 角形2号 100枚 70g PK-Z127
        ",https://www.amazon.co.jp/%E3%83%9E%E3%83%AB%E3%82%A2%E3%82%A4-%E3%82%AF%E3%83%A9%E3%83%95%E3%83%88%E5%B0%81%E7%AD%92-%E8%A7%92%E5%BD%A22%E5%8F%B7-100%E6%9E%9A-PK-Z127/dp/B001MT8RGM?_encoding=UTF8&psc=1
#24,"3M シールはがし クリーナー20 ソフトタイプ 100ml Cleaner20 MINI
        ",https://www.amazon.co.jp/3M-%E3%82%AF%E3%83%AA%E3%83%BC%E3%83%8A%E3%83%BC20-%E3%82%B7%E3%83%BC%E3%83%AB%E3%81%AF%E3%81%8C%E3%81%97-100ml-CLEANER20/dp/B0039N9UP6?_encoding=UTF8&psc=1
#25,"3M コマンド フック キレイにはがせる 両面テープ コード用 クリア Mサイズ 2個 CMG-M-CL
        ",https://www.amazon.co.jp/%E3%82%B9%E3%83%AA%E3%83%BC%E3%82%A8%E3%83%A0-%E3%82%B3%E3%83%9E%E3%83%B3%E3%83%89-%E3%83%95%E3%83%83%E3%82%AF2%E5%80%8B-%E3%82%AF%E3%83%AA%E3%82%A2%E3%82%BF%E3%83%963%E6%9E%9A-CMG-M-CL/dp/B07DLSMK5C?_encoding=UTF8&psc=1
#26,"三菱鉛筆 ボールペン替芯 ジェットストリーム 0.5 多色多機能 黒 5本 SXR80055P.24
        ",https://www.amazon.co.jp/%E4%B8%89%E8%8F%B1%E9%89%9B%E7%AD%86-%E3%83%9C%E3%83%BC%E3%83%AB%E3%83%9A%E3%83%B3%E6%9B%BF%E8%8A%AF-%E3%82%B8%E3%82%A7%E3%83%83%E3%83%88%E3%82%B9%E3%83%88%E3%83%AA%E3%83%BC%E3%83%A0-%E5%A4%9A%E8%89%B2%E5%A4%9A%E6%A9%9F%E8%83%BD-SXR80055P-24/dp/B007E66IZY?_encoding=UTF8&psc=1
#27,"【セット買い】ニチバン セロテープ 大巻 10巻入 12mm×35m CT405AP-12 & 両面テープ ナイスタック 一般タイプ 15mm×20m NW-15
        ",https://www.amazon.co.jp/%E3%80%90%E3%82%BB%E3%83%83%E3%83%88%E8%B2%B7%E3%81%84%E3%80%91%E3%83%8B%E3%83%81%E3%83%90%E3%83%B3-12mm%C3%9735m-CT405AP-12-%E3%83%8A%E3%82%A4%E3%82%B9%E3%82%BF%E3%83%83%E3%82%AF-15mm%C3%9720m/dp/B08R9H3TVB?_encoding=UTF8&psc=1
#28,"トンボ鉛筆 ミニ色鉛筆 NQ 12色 削り器付き BCA-151
        ",https://www.amazon.co.jp/%E3%83%88%E3%83%B3%E3%83%9C%E9%89%9B%E7%AD%86-%E3%83%9F%E3%83%8B%E8%89%B2%E9%89%9B%E7%AD%86-12%E8%89%B2-%E5%89%8A%E3%82%8A%E5%99%A8%E4%BB%98%E3%81%8D-BCA-151/dp/B0016GNR6Q?_encoding=UTF8&psc=1
#29,"Reodoeer ブックスタンド 筆記台 書見台 本立て 6段階調整 竹製
        ",https://www.amazon.co.jp/Reodoeer-%E3%83%96%E3%83%83%E3%82%AF%E3%82%B9%E3%82%BF%E3%83%B3%E3%83%89-%E7%AD%86%E8%A8%98%E5%8F%B0-%E6%9B%B8%E8%A6%8B%E5%8F%B0-6%E6%AE%B5%E9%9A%8E%E8%AA%BF%E6%95%B4/dp/B013S2V48I?_encoding=UTF8&psc=1
#30,"三菱鉛筆 かきかた鉛筆 ユニパレット 2B パステルブルー 1ダース K55602B
        ",https://www.amazon.co.jp/%E4%B8%89%E8%8F%B1%E9%89%9B%E7%AD%86-%E3%81%8B%E3%81%8D%E3%81%8B%E3%81%9F%E9%89%9B%E7%AD%86-%E3%83%A6%E3%83%8B%E3%83%91%E3%83%AC%E3%83%83%E3%83%88-%E3%83%91%E3%82%B9%E3%83%86%E3%83%AB%E3%83%96%E3%83%AB%E3%83%BC-K55602B/dp/B00777SXPS?_encoding=UTF8&psc=1
#31,"[Latuna] バインダー A4 革 クリップボード プレゼント ギフト 贈り物 PU 高級感 クリップ ファイル 二つ折り 多機能 ペンホルダー ポケット付き 名刺入れ (ネイビーブルー, PUレザー)
        ",https://www.amazon.co.jp/Latuna-%E3%82%AF%E3%83%AA%E3%83%83%E3%83%97%E3%83%9C%E3%83%BC%E3%83%89-%E3%83%9A%E3%83%B3%E3%83%9B%E3%83%AB%E3%83%80%E3%83%BC-%E3%83%9D%E3%82%B1%E3%83%83%E3%83%88%E4%BB%98%E3%81%8D-%E3%83%8D%E3%82%A4%E3%83%93%E3%83%BC%E3%83%96%E3%83%AB%E3%83%BC/dp/B08L786DGF?_encoding=UTF8&psc=1
#32,"ほぼ日手帳 2021 手帳本体 オリジナル(1月はじまり)[月曜はじまり]
        ",https://www.amazon.co.jp/%E3%81%BB%E3%81%BC%E6%97%A5%E6%89%8B%E5%B8%B3-2021-%E3%82%AA%E3%83%AA%E3%82%B8%E3%83%8A%E3%83%AB-1%E6%9C%88%E3%81%AF%E3%81%98%E3%81%BE%E3%82%8A-%E6%9C%88%E6%9B%9C%E3%81%AF%E3%81%98%E3%81%BE%E3%82%8A/dp/B08BWYV2SP?_encoding=UTF8&psc=1
#33,"モレスキン 手帳 2021年 1月始まり 12ヶ月 ウィークリーダイアリー ソフトカバー XLサイズ サファイアブルー DSB2012WN4Y21
        ",https://www.amazon.co.jp/%E3%83%A2%E3%83%AC%E3%82%B9%E3%82%AD%E3%83%B3-%E3%82%A6%E3%82%A3%E3%83%BC%E3%82%AF%E3%83%AA%E3%83%BC%E3%83%80%E3%82%A4%E3%82%A2%E3%83%AA%E3%83%BC-%E3%82%BD%E3%83%95%E3%83%88%E3%82%AB%E3%83%90%E3%83%BC-%E3%82%B5%E3%83%95%E3%82%A1%E3%82%A4%E3%82%A2%E3%83%96%E3%83%AB%E3%83%BC-DSB2012WN4Y21/dp/B08DNS4WTD?_encoding=UTF8&psc=1
#34,"コニシ ボンド アロンアルフア #04794 EXTRAスティックスリム
        ",https://www.amazon.co.jp/%E3%82%B3%E3%83%8B%E3%82%B7-%E3%83%9C%E3%83%B3%E3%83%89-%E3%82%A2%E3%83%AD%E3%83%B3%E3%82%A2%E3%83%AB%E3%83%95%E3%82%A2-04794-EXTRA%E3%82%B9%E3%83%86%E3%82%A3%E3%83%83%E3%82%AF%E3%82%B9%E3%83%AA%E3%83%A0/dp/B001GR69HY?_encoding=UTF8&psc=1
#35,"コクヨ キャンパスノート ドット入り罫線 色それぞれ5冊パック B5 A罫 30枚 ノ-3CATNX5
        ",https://www.amazon.co.jp/%E3%82%B3%E3%82%AF%E3%83%A8-%E3%82%AD%E3%83%A3%E3%83%B3%E3%83%91%E3%82%B9%E3%83%8E%E3%83%BC%E3%83%88-%E3%83%89%E3%83%83%E3%83%88%E5%85%A5%E3%82%8A%E7%BD%AB%E7%B7%9A-5%E5%86%8A%E3%83%91%E3%83%83%E3%82%AF-%E3%83%8E-3CATNX5/dp/B002C4KL88?_encoding=UTF8&psc=1
#36,"三菱鉛筆 多機能ペン ジェットストリーム 4&1 0.5 ネイビー MSXE510005.9
        ",https://www.amazon.co.jp/%E4%B8%89%E8%8F%B1%E9%89%9B%E7%AD%86-%E5%A4%9A%E6%A9%9F%E8%83%BD%E3%83%9A%E3%83%B3-%E3%82%B8%E3%82%A7%E3%83%83%E3%83%88%E3%82%B9%E3%83%88%E3%83%AA%E3%83%BC%E3%83%A0-%E3%83%8D%E3%82%A4%E3%83%93%E3%83%BC-MSXE510005-9/dp/B004AYDUP4?_encoding=UTF8&psc=1
#37,"ヤマト運輸株式会社 ダンボール ヤマト運輸 宅急便コンパクト 専用 梱包箱 20枚 000080
        ",https://www.amazon.co.jp/%E3%83%A4%E3%83%9E%E3%83%88%E9%81%8B%E8%BC%B8%E6%A0%AA%E5%BC%8F%E4%BC%9A%E7%A4%BE-%E3%83%80%E3%83%B3%E3%83%9C%E3%83%BC%E3%83%AB-%E3%83%A4%E3%83%9E%E3%83%88%E9%81%8B%E8%BC%B8-%E5%AE%85%E6%80%A5%E4%BE%BF%E3%82%B3%E3%83%B3%E3%83%91%E3%82%AF%E3%83%88-%E6%A2%B1%E5%8C%85%E7%AE%B1/dp/B01688NKOK?_encoding=UTF8&psc=1
#38,"【セット買い】3M コマンド タブ キレイにはがせる 両面テープ Lサイズ 耐荷重2kg 8枚 CM3PL & コマンド フック キレイにはがせる 両面テープ スイングフック Sサイズ 耐荷重220g 10個 CM20-10HN
        ",https://www.amazon.co.jp/%E3%80%90%E3%82%BB%E3%83%83%E3%83%88%E8%B2%B7%E3%81%84%E3%80%913M-%E3%82%AD%E3%83%AC%E3%82%A4%E3%81%AB%E3%81%AF%E3%81%8C%E3%81%9B%E3%82%8B-%E3%82%B9%E3%82%A4%E3%83%B3%E3%82%B0%E3%83%95%E3%83%83%E3%82%AF-%E8%80%90%E8%8D%B7%E9%87%8D220g-CM20-10HN/dp/B08G276Z2Y?_encoding=UTF8&psc=1
#39,"レイメイ藤井 ダヴィンチ 手帳用リフィル 2021年 バイブルサイズ DR2146 2020年12月始まり 2デイズ
        ",https://www.amazon.co.jp/%E3%83%AC%E3%82%A4%E3%83%A1%E3%82%A4%E8%97%A4%E4%BA%95-%E6%89%8B%E5%B8%B3%E7%94%A8%E3%83%AA%E3%83%95%E3%82%A3%E3%83%AB-%E3%83%90%E3%82%A4%E3%83%96%E3%83%AB%E3%82%B5%E3%82%A4%E3%82%BA-DR2146-2020%E5%B9%B412%E6%9C%88%E5%A7%8B%E3%81%BE%E3%82%8A/dp/B08FBW5M9X?_encoding=UTF8&psc=1
#40,"【セット買い】APRIL 高白色コピー用紙 PAPER ONE A3(500枚×5冊) & APRIL 高白色コピー用紙 PAPER ONE A3(500枚)
        ",https://www.amazon.co.jp/%E3%80%90%E3%82%BB%E3%83%83%E3%83%88%E8%B2%B7%E3%81%84%E3%80%91APRIL-%E9%AB%98%E7%99%BD%E8%89%B2%E3%82%B3%E3%83%94%E3%83%BC%E7%94%A8%E7%B4%99-PAPER-500%E6%9E%9A%C3%975%E5%86%8A-APRIL/dp/B08H8WKPYT?_encoding=UTF8&psc=1
#41,"透明ブックカバー コミック番長 ≪新書コミックサイズ≫ 100枚 ■対象：少年少女コミック（例：ワンピース）■
        ",https://www.amazon.co.jp/%E9%80%8F%E6%98%8E%E3%83%96%E3%83%83%E3%82%AF%E3%82%AB%E3%83%90%E3%83%BC-%E3%82%B3%E3%83%9F%E3%83%83%E3%82%AF%E7%95%AA%E9%95%B7-%E2%89%AA%E6%96%B0%E6%9B%B8%E3%82%B3%E3%83%9F%E3%83%83%E3%82%AF%E3%82%B5%E3%82%A4%E3%82%BA%E2%89%AB-100%E6%9E%9A-%E2%96%A0%E5%AF%BE%E8%B1%A1%EF%BC%9A%E5%B0%91%E5%B9%B4%E5%B0%91%E5%A5%B3%E3%82%B3%E3%83%9F%E3%83%83%E3%82%AF%EF%BC%88%E4%BE%8B%EF%BC%9A%E3%83%AF%E3%83%B3%E3%83%94%E3%83%BC%E3%82%B9%EF%BC%89%E2%96%A0/dp/B00BK5MJ58?_encoding=UTF8&psc=1
#42,"新日本カレンダー 2021年 カレンダー 壁掛け 日めくり 小型 2号 NK8822
        ",https://www.amazon.co.jp/%E6%96%B0%E6%97%A5%E6%9C%AC%E3%82%AB%E3%83%AC%E3%83%B3%E3%83%80%E3%83%BC-2021%E5%B9%B4-%E3%82%AB%E3%83%AC%E3%83%B3%E3%83%80%E3%83%BC-%E6%97%A5%E3%82%81%E3%81%8F%E3%82%8A-NK8822/dp/B08GF7QTCD?_encoding=UTF8&psc=1
#43,"高橋 手帳 2021年 B6 ウィークリー シャルム 3 エンジ No.353 (2021年 1月始まり)
        ",https://www.amazon.co.jp/2021%E5%B9%B4-%E3%82%A6%E3%82%A3%E3%83%BC%E3%82%AF%E3%83%AA%E3%83%BC-%E3%82%B7%E3%83%A3%E3%83%AB%E3%83%A0-No-353-1%E6%9C%88%E5%A7%8B%E3%81%BE%E3%82%8A/dp/4471803530?_encoding=UTF8&psc=1
#44,"アイリスプラザ オフィスチェア デスクチェア メッシュ 通気性抜群 腰サポートバー 無段階昇降 360度回転 コンパクト H-298F ブラック
        ",https://www.amazon.co.jp/%E3%82%A2%E3%82%A4%E3%83%AA%E3%82%B9%E3%83%97%E3%83%A9%E3%82%B6-%E3%82%AA%E3%83%95%E3%82%A3%E3%82%B9%E3%83%81%E3%82%A7%E3%82%A2-%E3%83%90%E3%83%83%E3%82%AF%E3%83%81%E3%82%A7%E3%82%A2-%E8%85%B0%E3%82%B5%E3%83%9D%E3%83%BC%E3%83%88%E3%83%90%E3%83%BC-%E3%82%AA%E3%83%BC%E3%83%AB%E3%82%B7%E3%83%BC%E3%82%BA%E3%83%B3/dp/B01DLSTRHE?_encoding=UTF8&psc=1
#45,"アルタ 2021年 カレンダー 8万円貯まるカレンダー だるま貯金 CAL21009
        ",https://www.amazon.co.jp/%E3%82%A2%E3%83%AB%E3%82%BF-2021%E5%B9%B4-%E3%82%AB%E3%83%AC%E3%83%B3%E3%83%80%E3%83%BC-8%E4%B8%87%E5%86%86%E8%B2%AF%E3%81%BE%E3%82%8B%E3%82%AB%E3%83%AC%E3%83%B3%E3%83%80%E3%83%BC-CAL21009/dp/B088ZFTV1G?_encoding=UTF8&psc=1
#46,"サクラクレパス 色鉛筆 12色 小学生文具 GPY12
        ",https://www.amazon.co.jp/%E3%82%B5%E3%82%AF%E3%83%A9%E3%82%AF%E3%83%AC%E3%83%91%E3%82%B9-%E8%89%B2%E9%89%9B%E7%AD%86-12%E8%89%B2-%E5%B0%8F%E5%AD%A6%E7%94%9F%E6%96%87%E5%85%B7-GPY12/dp/B00763RJVC?_encoding=UTF8&psc=1
#47,"【セット買い】コクヨ ノート キャンパスノート 用途別 B5 10mm方眼罫 5冊 ノ-30S10X5 & キャンパスノート 5冊パック 5色アソート B5 B罫 30枚 ノ-3CBN×5
        ",https://www.amazon.co.jp/%E3%80%90%E3%82%BB%E3%83%83%E3%83%88%E8%B2%B7%E3%81%84%E3%80%91%E3%82%B3%E3%82%AF%E3%83%A8-%E3%82%AD%E3%83%A3%E3%83%B3%E3%83%91%E3%82%B9%E3%83%8E%E3%83%BC%E3%83%88-10mm%E6%96%B9%E7%9C%BC%E7%BD%AB-%E3%83%8E-30S10X5-%E3%83%8E-3CBN%C3%975/dp/B088X1MNJG?_encoding=UTF8&psc=1
#48,"【 日本製 】 酒井化学 業務用 緩衝材 #400SS 600mm×10m ロール ミナパック 紙管なし 【 高品質ポリエチレン製 エアキャップ 】 産業用 ( 業務用エアパック )
        ",https://www.amazon.co.jp/400SS-600mm%C3%9710m-%E3%83%9F%E3%83%8A%E3%83%91%E3%83%83%E3%82%AF-%E9%AB%98%E5%93%81%E8%B3%AA%E3%83%9D%E3%83%AA%E3%82%A8%E3%83%81%E3%83%AC%E3%83%B3%E8%A3%BD-%E3%82%A8%E3%82%A2%E3%82%AD%E3%83%A3%E3%83%83%E3%83%97/dp/B072MX9NV2?_encoding=UTF8&psc=1
#49,"HOMESTEC 電子パッド 電子メモ帳 ロック機能搭載 ストラップ付き 電池交換可能 手書きパッド デジタルメモ 単語帳 筆談ボード 伝言ボード お絵かきボード 書いて消せるボード 8.5インチ (ピンク)
        ",https://www.amazon.co.jp/HOMESTEC-%E9%9B%BB%E5%AD%90%E3%83%91%E3%83%83%E3%83%89-10%E6%9C%88%E6%94%B9%E8%89%AF%E7%89%88-%E6%9B%B8%E3%81%84%E3%81%A6%E6%B6%88%E3%81%9B%E3%82%8B%E3%83%9C%E3%83%BC%E3%83%89-8-5%E3%82%A4%E3%83%B3%E3%83%81/dp/B01NCNG5U9?_encoding=UTF8&psc=1
#50,"APRIL 高白色コピー用紙 PAPER ONE A3(500枚)
        ",https://www.amazon.co.jp/APRIL-%E9%AB%98%E7%99%BD%E8%89%B2%E3%82%B3%E3%83%94%E3%83%BC%E7%94%A8%E7%B4%99-PAPER-A3-500%E6%9E%9A/dp/B07W46NXDY?_encoding=UTF8&psc=1
