#1,"Echo Show 5 (エコーショー5) スクリーン付きスマートスピーカー with Alexa、サンドストーン + Nature スマートリモコン Remo 3
        ",https://www.amazon.co.jp/%E3%82%B9%E3%82%AF%E3%83%AA%E3%83%BC%E3%83%B3%E4%BB%98%E3%81%8D%E3%82%B9%E3%83%9E%E3%83%BC%E3%83%88%E3%82%B9%E3%83%94%E3%83%BC%E3%82%AB%E3%83%BC-Alexa%E3%80%81%E3%82%B5%E3%83%B3%E3%83%89%E3%82%B9%E3%83%88%E3%83%BC%E3%83%B3-Nature-%E3%82%B9%E3%83%9E%E3%83%BC%E3%83%88%E3%83%AA%E3%83%A2%E3%82%B3%E3%83%B3-Remo/dp/B08F2XP41Q?_encoding=UTF8&psc=1
#2,"マキタ コードレス掃除機CL108 カプセル式 標準25分稼働/充電22分 軽量定番モデル 10.8Vバッテリ充電器付 CL108FDSHW
        ",https://www.amazon.co.jp/%E3%83%9E%E3%82%AD%E3%82%BF-Makita-%E5%85%85%E9%9B%BB%E5%BC%8F%E3%82%AF%E3%83%AA%E3%83%BC%E3%83%8A%E3%83%BC-%E3%83%90%E3%83%83%E3%83%86%E3%83%AA%E3%83%BC%E3%83%BB%E5%85%85%E9%9B%BB%E5%99%A8%E4%BB%98-CL108FDSHW/dp/B07GWY3HYD?_encoding=UTF8&psc=1
#3,"LBELL スタープロジェクターライト ベッドサイドランプ 投影ランプ プラネタリウム Bluetooth/USBメモリに対応 10種点灯モード タイマー機能付き 音声制御 輝度/音量調整可 ロマンチック雰囲気作り クリスマス/ハロウィン/パーテイー飾り/お子さん･彼女にプレゼント/誕生日ギフト
        ",https://www.amazon.co.jp/%E3%80%8C%E4%BB%A4%E5%92%8C%E6%9C%80%E6%96%B0%E7%89%88%EF%BC%86%E3%83%AA%E3%83%A2%E3%82%B3%E3%83%B3%E5%BC%8F%E3%80%8D%E3%82%B9%E3%82%BF%E3%83%BC%E3%83%97%E3%83%AD%E3%82%B8%E3%82%A7%E3%82%AF%E3%82%BF%E3%83%BC%E3%83%A9%E3%82%A4%E3%83%88-Bluetooth5-0-%E3%83%AD%E3%83%9E%E3%83%B3%E3%83%81%E3%83%83%E3%82%AF%E9%9B%B0%E5%9B%B2%E6%B0%97%E4%BD%9C%E3%82%8A-%E3%81%8A%E5%AD%90%E3%81%95%E3%82%93%EF%BD%A5%E5%BD%BC%E5%A5%B3%E3%81%AB%E3%83%97%E3%83%AC%E3%82%BC%E3%83%B3%E3%83%88-%E6%97%A5%E6%9C%AC%E8%AA%9E%E8%AA%AC%E6%98%8E%E6%9B%B8%EF%BC%8618%E3%83%B6%E6%9C%88%E5%93%81%E8%B3%AA%E4%BF%9D%E8%A8%BC%E4%BB%98%E3%81%8D/dp/B07XQ93X57?_encoding=UTF8&psc=1
#4,"平安伸銅工業 LABRICO DIY収納パーツ 2×4アジャスター強力タイプ オフホワイト EXO-1 最大使用荷重40kg
        ",https://www.amazon.co.jp/%E5%B9%B3%E5%AE%89%E4%BC%B8%E9%8A%85%E5%B7%A5%E6%A5%AD-DIY%E5%8F%8E%E7%B4%8D%E3%83%91%E3%83%BC%E3%83%84-2%C3%974%E3%82%A2%E3%82%B8%E3%83%A3%E3%82%B9%E3%82%BF%E3%83%BC%E5%BC%B7%E5%8A%9B%E3%82%BF%E3%82%A4%E3%83%97-EXO-1-%E6%9C%80%E5%A4%A7%E4%BD%BF%E7%94%A8%E8%8D%B7%E9%87%8D40kg/dp/B083WKG6JH?_encoding=UTF8&psc=1
#5,"トーチバーナー アウトドア ガスバーナー 料理用 トーチ 900℃1300℃ 調整可能 BBQ/料理/お菓子作り/キャンプ/炭火起こし/溶接対応
        ",https://www.amazon.co.jp/2020%E6%9C%80%E6%96%B0%E6%94%B9%E8%89%AF%E7%89%88-%E3%83%88%E3%83%BC%E3%83%81%E3%83%90%E3%83%BC%E3%83%8A%E3%83%BC-%E3%82%A2%E3%82%A6%E3%83%88%E3%83%89%E3%82%A2-%E3%82%AC%E3%82%B9%E3%83%90%E3%83%BC%E3%83%8A%E3%83%BC-900%E2%84%83%EF%BD%9E1300%E2%84%83/dp/B085QL94BP?_encoding=UTF8&psc=1
#6,"Tohoer【8個セット】マグネット フック 超強力 磁石付き 垂直耐荷重15kg 直径20ｍｍ 金属製 シルバー キッチン用 オフィス用 浴室 お風呂 壁掛け用
        ",https://www.amazon.co.jp/Tohoer%E3%80%908%E5%80%8B%E3%82%BB%E3%83%83%E3%83%88%E3%80%91%E3%83%9E%E3%82%B0%E3%83%8D%E3%83%83%E3%83%88-%E7%A3%81%E7%9F%B3%E4%BB%98%E3%81%8D-%E5%9E%82%E7%9B%B4%E8%80%90%E8%8D%B7%E9%87%8D%E7%B7%8F%E8%A8%8813-6kg-%E3%82%AD%E3%83%83%E3%83%81%E3%83%B3%E7%94%A8-%E3%82%AA%E3%83%95%E3%82%A3%E3%82%B9%E7%94%A8/dp/B07KDVGK73?_encoding=UTF8&psc=1
#7,"Jackery ポータブル電源 1000 超大容量278400mAh/1002Wh 家庭アウトドア両用バックアップ電源 PSE認証済 純正弦波 MPPT制御方式採用 AC(1000W 瞬間最大2000W)/DC/USB出力 四つの充電方法 液晶大画面表示 車中泊 キャンプから防災まで幅広く活躍 キャンプ アウトドア 防災グッズ 停電時に 非常用電源 24ヶ月保証
        ",https://www.amazon.co.jp/%E8%B6%85%E5%A4%A7%E5%AE%B9%E9%87%8F278400mAh-%E5%AE%B6%E5%BA%AD%E3%82%A2%E3%82%A6%E3%83%88%E3%83%89%E3%82%A2%E4%B8%A1%E7%94%A8%E3%83%90%E3%83%83%E3%82%AF%E3%82%A2%E3%83%83%E3%83%97%E9%9B%BB%E6%BA%90-MPPT%E5%88%B6%E5%BE%A1%E6%96%B9%E5%BC%8F%E6%8E%A1%E7%94%A8-%E7%9E%AC%E9%96%93%E6%9C%80%E5%A4%A72000W-%E3%82%AD%E3%83%A3%E3%83%B3%E3%83%97%E3%81%8B%E3%82%89%E9%98%B2%E7%81%BD%E3%81%BE%E3%81%A7%E5%B9%85%E5%BA%83%E3%81%8F%E6%B4%BB%E8%BA%8D/dp/B082KPHQKN?_encoding=UTF8&psc=1
#8,"Tohoer【4個セット】マグネット フック 超強力 磁石付き 垂直耐荷重15kg 直径20ｍｍ 金属製 シルバー キッチン用 オフィス用 浴室 お風呂 壁掛け用
        ",https://www.amazon.co.jp/Tohoer%E3%80%904%E5%80%8B%E3%82%BB%E3%83%83%E3%83%88%E3%80%91%E3%83%9E%E3%82%B0%E3%83%8D%E3%83%83%E3%83%88-%E5%9E%82%E7%9B%B4%E8%80%90%E8%8D%B7%E9%87%8D15kg-%E7%9B%B4%E5%BE%8420%EF%BD%8D%EF%BD%8D-%E3%82%AD%E3%83%83%E3%83%81%E3%83%B3%E7%94%A8-%E3%82%AA%E3%83%95%E3%82%A3%E3%82%B9%E7%94%A8/dp/B07VQXW421?_encoding=UTF8&psc=1
#9,"ブリタ マイクロディスク 浄水 フィルター カートリッジ 1個入り 【日本仕様・日本正規品】
        ",https://www.amazon.co.jp/%E3%83%96%E3%83%AA%E3%82%BF-%E3%83%9E%E3%82%A4%E3%82%AF%E3%83%AD%E3%83%87%E3%82%A3%E3%82%B9%E3%82%AF-%E3%83%95%E3%82%A3%E3%83%AB%E3%82%BF%E3%83%BC-%E3%82%AB%E3%83%BC%E3%83%88%E3%83%AA%E3%83%83%E3%82%B8-%E3%80%90%E6%97%A5%E6%9C%AC%E4%BB%95%E6%A7%98%E3%83%BB%E6%97%A5%E6%9C%AC%E6%AD%A3%E8%A6%8F%E5%93%81%E3%80%91/dp/B078WSVKNB?_encoding=UTF8&psc=1
#10,"アイリスオーヤマ リンサークリーナー 染み抜き 布製品洗浄機 水と空気の力で汚れを吸い取る 温水対応 コンパクト 掃除機 RNS-300
        ",https://www.amazon.co.jp/%E3%82%A2%E3%82%A4%E3%83%AA%E3%82%B9%E3%82%AA%E3%83%BC%E3%83%A4%E3%83%9E-%E3%83%90%E3%82%AD%E3%83%A5%E3%83%BC%E3%83%A0-%E3%82%AF%E3%83%AA%E3%83%BC%E3%83%8A%E3%83%BC-%E3%82%B3%E3%83%B3%E3%83%91%E3%82%AF%E3%83%88-RNS-300/dp/B07ZQGDHP2?_encoding=UTF8&psc=1
#11,"[令和最新版] ストーブファン Signstekエコストーブファン 火力熱炉ファン 薪ストーブファン 4ブレード 石油ストーブや薪ストーブ 空気循環 省エネ (EF-145) 2020最新版
        ",https://www.amazon.co.jp/signstek-Signstek-%E6%96%B0%E3%81%97%E3%81%84%E3%83%90%E3%83%BC%E3%82%B8%E3%83%A7%E3%83%B3-%E3%82%A8%E3%82%B3%E3%82%B9%E3%83%88%E3%83%BC%E3%83%96%E3%83%95%E3%82%A1%E3%83%B3%E9%BB%92-%E3%83%92%E3%83%BC%E3%83%88%E3%83%91%E3%83%AF%E3%83%BC-%E7%A9%BA%E6%B0%97%E5%BE%AA%E7%92%B0-%E7%9C%81%E3%82%A8%E3%83%8D/dp/B075R6HF2Y?_encoding=UTF8&psc=1
#12,"大一鋼業(Markey) 石膏ボード・ベニヤ・木用フック スリーピン フック クリア お徳用 12個入り 耐荷重:7Kg TH-C2
        ",https://www.amazon.co.jp/%E5%A4%A7%E4%B8%80%E9%8B%BC%E6%A5%AD-Markey-%E7%9F%B3%E8%86%8F%E3%83%9C%E3%83%BC%E3%83%89%E3%83%BB%E3%83%99%E3%83%8B%E3%83%A4%E3%83%BB%E6%9C%A8%E7%94%A8%E3%83%95%E3%83%83%E3%82%AF-%E3%82%B9%E3%83%AA%E3%83%BC%E3%83%94%E3%83%B3-12%E5%80%8B%E5%85%A5%E3%82%8A/dp/B07VFLSH3S?_encoding=UTF8&psc=1
#13,"長谷川刃物 CANARY 段ボールのこ ダンちゃん DC-190
        ",https://www.amazon.co.jp/%E9%95%B7%E8%B0%B7%E5%B7%9D%E5%88%83%E7%89%A9-%E9%95%B7%E8%B0%B7%E5%B7%9D%E5%88%83%E7%89%A9-%E3%83%80%E3%83%B3%E3%83%9C%E3%83%BC%E3%83%AB%E3%81%AE%E3%81%93-%E3%83%80%E3%83%B3%E3%81%A1%E3%82%83%E3%82%93-DC-190/dp/B000W9KR1G?_encoding=UTF8&psc=1
#14,"ボッシュ(BOSCH) レーザー距離計 ZAMO3 【正規品】
        ",https://www.amazon.co.jp/%E3%83%9C%E3%83%83%E3%82%B7%E3%83%A5-BOSCH-%E3%83%AC%E3%83%BC%E3%82%B6%E3%83%BC%E8%B7%9D%E9%9B%A2%E8%A8%88-ZAMO3-%E3%80%90%E6%AD%A3%E8%A6%8F%E5%93%81%E3%80%91/dp/B07P7NQ8LT?_encoding=UTF8&psc=1
#15,"Jackery ポータブル電源 700 大容量192000mAh/700Wh 家庭用蓄電池 家庭アウトドア両用バックアップ電源 PSE認証済 純正弦波 AC(500W 瞬間最大1000W)/DC/USB出力 四つの充電方法 液晶大画面表示 車中泊 キャンプから防災まで幅広く活躍 キャンプ アウトドア 防災グッズ 停電時に 非常用電源 ソーラー充電 環境にやさしい 省電力 24ヶ月保証
        ",https://www.amazon.co.jp/Jackery-%E3%83%9D%E3%83%BC%E3%82%BF%E3%83%96%E3%83%AB%E9%9B%BB%E6%BA%90-700-%E5%A4%A7%E5%AE%B9%E9%87%8F194400mAh-%E3%82%AD%E3%83%A3%E3%83%B3%E3%83%97%E3%81%8B%E3%82%89%E9%98%B2%E7%81%BD%E3%81%BE%E3%81%A7%E5%B9%85%E5%BA%83%E3%81%8F%E6%B4%BB%E8%BA%8D/dp/B07RL1KSYW?_encoding=UTF8&psc=1
#16,"山崎実業(Yamazaki) 浴室用ラック ホワイト 約W28XD9.5XH8cm MIST 4237 & マグネットバスルームコーナー おもちゃラック ホワイト 約33X18.5X10cm タワー 4264【セット買い】
        ",https://www.amazon.co.jp/%E5%B1%B1%E5%B4%8E%E5%AE%9F%E6%A5%AD-Yamazaki-%E7%B4%84W28XD9-5XH8cm-%E3%83%9E%E3%82%B0%E3%83%8D%E3%83%83%E3%83%88%E3%83%90%E3%82%B9%E3%83%AB%E3%83%BC%E3%83%A0%E3%82%B3%E3%83%BC%E3%83%8A%E3%83%BC-%E7%B4%8433X18-5X10cm/dp/B08D75Q5LN?_encoding=UTF8&psc=1
#17,"電動ドライバー 充電式 小型 ドリル 大容量 リチウム 電池【電動/手動 1800mAh 3.6V USB 充電式】 正逆転切り替え LEDライト付き ビット 5本付き 女性 初心者対応 【日本語説明書】
        ",https://www.amazon.co.jp/%E9%9B%BB%E5%8B%95%E3%83%89%E3%83%A9%E3%82%A4%E3%83%90%E3%83%BC-1800mAh-%E6%AD%A3%E9%80%86%E8%BB%A2%E5%88%87%E3%82%8A%E6%9B%BF%E3%81%88-LED%E3%83%A9%E3%82%A4%E3%83%88%E4%BB%98%E3%81%8D-%E3%80%90%E6%97%A5%E6%9C%AC%E8%AA%9E%E8%AA%AC%E6%98%8E%E6%9B%B8%E3%80%91/dp/B08889XWB6?_encoding=UTF8&psc=1
#18,"ニトムズ サッシ枠 断熱テ-プ 16 シルバ- 年中 結露抑制 幅1.6cm×長さ7m 2巻入 E0290
        ",https://www.amazon.co.jp/%E3%83%8B%E3%83%88%E3%83%A0%E3%82%BA-%E3%82%B5%E3%83%83%E3%82%B7%E6%9E%A0%E6%96%AD%E7%86%B1%E3%83%86%E3%83%BC%E3%83%9716-%E3%82%B7%E3%83%AB%E3%83%90%E3%83%BC-2mm%C3%9716mm%C3%977m-E0290/dp/B004JLCQ94?_encoding=UTF8&psc=1
#19,"ボッシュ(BOSCH) 電動ドライバー コードレス 充電式 LEDライト 正逆転切替 家具の組み立て DIY ビット10本 充電器・ケース付 IXO5
        ",https://www.amazon.co.jp/BOSCH-%E3%83%9C%E3%83%83%E3%82%B7%E3%83%A5-IXO5-%E3%83%90%E3%83%83%E3%83%86%E3%83%AA%E3%83%BC%E3%83%89%E3%83%A9%E3%82%A4%E3%83%90%E3%83%BC/dp/B0146D1XG6?_encoding=UTF8&psc=1
#20,"工進(KOSHIN) 乾電池式 タンク 直付け 灯油ポンプ EP-503F 自動停止 手元 スイッチ 単三電池 4本 使用 灯油 ストーブ 給油
        ",https://www.amazon.co.jp/%E5%B7%A5%E9%80%B2-%E7%9F%B3%E6%B2%B9%E7%B5%A6%E6%B2%B9%E3%83%9D%E3%83%B3%E3%83%97-%E8%87%AA%E5%8B%95%E5%81%9C%E6%AD%A2-%E6%89%8B%E5%85%83%E3%82%B9%E3%82%A4%E3%83%83%E3%83%81%EF%BD%A3-EP-503F/dp/B000VCVPY2?_encoding=UTF8&psc=1
#21,"マキタ HEPAフィルタ 0.3~1mの粉塵を99.97%捕集 A-68965 & 短いストレートパイプ320 充電式クリーナ用(ロック式機種以外) 459246-9【セット買い】
        ",https://www.amazon.co.jp/%E3%83%9E%E3%82%AD%E3%82%BF-HEPA%E3%83%95%E3%82%A3%E3%83%AB%E3%82%BF-0-3-1%C2%B5m%E3%81%AE%E7%B2%89%E5%A1%B5%E3%82%9299-97-%E6%8D%95%E9%9B%86-%E7%9F%AD%E3%81%84%E3%82%B9%E3%83%88%E3%83%AC%E3%83%BC%E3%83%88%E3%83%91%E3%82%A4%E3%83%97320-459246-9%E3%80%90%E3%82%BB%E3%83%83%E3%83%88%E8%B2%B7%E3%81%84%E3%80%91/dp/B08DB3824X?_encoding=UTF8&psc=1
#22,"Kuromatsu 電動ドライバー 電動ドリル 44本ビット1本延長棒 正逆転切り替え トルク調整可 LEDライト付き USB充電ケーブル付き
        ",https://www.amazon.co.jp/Kuromatsu-%E9%9B%BB%E5%8B%95%E3%83%89%E3%83%A9%E3%82%A4%E3%83%90%E3%83%BC-44%E6%9C%AC%E3%83%93%E3%83%83%E3%83%881%E6%9C%AC%E5%BB%B6%E9%95%B7%E6%A3%92-LED%E3%83%A9%E3%82%A4%E3%83%88%E4%BB%98%E3%81%8D-USB%E5%85%85%E9%9B%BB%E3%82%B1%E3%83%BC%E3%83%96%E3%83%AB%E4%BB%98%E3%81%8D/dp/B07MXBYZBZ?_encoding=UTF8&psc=1
#23,"Anker Eufy Lumi (LEDセンサーライト)【どこでも設置可能 / モーションセンサー搭載 / 3個セット】
        ",https://www.amazon.co.jp/LED%E3%82%BB%E3%83%B3%E3%82%B5%E3%83%BC%E3%83%A9%E3%82%A4%E3%83%88-Anker-%E3%80%90%E3%81%A9%E3%81%93%E3%81%A7%E3%82%82%E8%A8%AD%E7%BD%AE%E5%8F%AF%E8%83%BD-%E3%83%A2%E3%83%BC%E3%82%B7%E3%83%A7%E3%83%B3%E3%82%BB%E3%83%B3%E3%82%B5%E3%83%BC%E6%90%AD%E8%BC%89-3%E5%80%8B%E3%82%BB%E3%83%83%E3%83%88%E3%80%91/dp/B07DPMJDQK?_encoding=UTF8&psc=1
#24,"浄水器カートリッジ 水栓一体型（スパウトインタイプ） 3個入り
        ",https://www.amazon.co.jp/%E4%B8%89%E8%8F%B1%E3%82%B1%E3%83%9F%E3%82%AB%E3%83%AB%E3%83%BB%E3%82%AF%E3%83%AA%E3%83%B3%E3%82%B9%E3%82%A4-SFC0002-%E6%B5%84%E6%B0%B4%E3%82%AB%E3%83%BC%E3%83%88%E3%83%AA%E3%83%83%E3%82%B8-SFC0002T/dp/B005KG9E7E?_encoding=UTF8&psc=1
#25,"【DIY専門誌 ドゥーパ!掲載モデル】精密ドライバーセット 135in S2素材 電動ドリル装着可 壊れたネジ対応【DIYアドバイザー監修】
        ",https://www.amazon.co.jp/%E3%80%90DIY%E5%B0%82%E9%96%80%E8%AA%8C-%E6%8E%B2%E8%BC%89%E3%83%A2%E3%83%87%E3%83%AB%E3%80%91%E7%B2%BE%E5%AF%86%E3%83%89%E3%83%A9%E3%82%A4%E3%83%90%E3%83%BC%E3%82%BB%E3%83%83%E3%83%88-135in-%E9%9B%BB%E5%8B%95%E3%83%89%E3%83%AA%E3%83%AB%E8%A3%85%E7%9D%80%E5%8F%AF-%E5%A3%8A%E3%82%8C%E3%81%9F%E3%83%8D%E3%82%B8%E5%AF%BE%E5%BF%9C%E3%80%90DIY%E3%82%A2%E3%83%89%E3%83%90%E3%82%A4%E3%82%B6%E3%83%BC%E7%9B%A3%E4%BF%AE%E3%80%91/dp/B08FMMPL2L?_encoding=UTF8&psc=1
#26,"エンスカイ 鬼滅の刃 2021年 カレンダー壁掛け B3サイズ
        ",https://www.amazon.co.jp/%E3%82%A8%E3%83%B3%E3%82%B9%E3%82%AB%E3%82%A4-%E9%AC%BC%E6%BB%85%E3%81%AE%E5%88%83-2021%E5%B9%B4-%E3%82%AB%E3%83%AC%E3%83%B3%E3%83%80%E3%83%BC%E5%A3%81%E6%8E%9B%E3%81%91-B3%E3%82%B5%E3%82%A4%E3%82%BA/dp/B08BCG1R2C?_encoding=UTF8&psc=1
#27,"NESHEXST 雑誌トゥーハ!掲載モデル 剛力砥石 包丁 研ぎ石 両面砥石 セット #1000/#6000 料理人推薦
        ",https://www.amazon.co.jp/NESHEXST-6000%E3%80%90%E9%9D%A2%E7%9B%B4%E3%81%97-%E8%A7%92%E5%BA%A6%E5%9B%BA%E5%AE%9A%E3%83%9B%E3%83%AB%E3%83%80%E3%83%BC-%E5%8F%96%E6%89%B1%E8%AA%AC%E6%98%8E%E6%9B%B8-4%E7%82%B9%E3%82%BB%E3%83%83%E3%83%88%E3%80%91/dp/B07X4HRLR1?_encoding=UTF8&psc=1
#28,"ストーブファン Mansso 火力熱炉ファン 薪ストーブファン ストーブファン エコストーブファン (シングル, 黄)
        ",https://www.amazon.co.jp/%E3%82%B9%E3%83%88%E3%83%BC%E3%83%96%E3%83%95%E3%82%A1%E3%83%B3-Mansso-%E7%81%AB%E5%8A%9B%E7%86%B1%E7%82%89%E3%83%95%E3%82%A1%E3%83%B3-%E8%96%AA%E3%82%B9%E3%83%88%E3%83%BC%E3%83%96%E3%83%95%E3%82%A1%E3%83%B3-%E3%82%A8%E3%82%B3%E3%82%B9%E3%83%88%E3%83%BC%E3%83%96%E3%83%95%E3%82%A1%E3%83%B3%E2%80%A6/dp/B06X3R58TB?_encoding=UTF8&psc=1
#29,"マキタ リチウムイオンバッテリBL7010 7.2V 1.0Ah A-47494
        ",https://www.amazon.co.jp/%E3%83%9E%E3%82%AD%E3%82%BF-makita-%E3%83%AA%E3%83%81%E3%82%A6%E3%83%A0%E3%82%A4%E3%82%AA%E3%83%B3%E3%83%90%E3%83%83%E3%83%86%E3%83%AA-BL7010-47494/dp/B000UZPJJW?_encoding=UTF8&psc=1
#30,"AXE(アックス) 超強力曇り止め液 AX24
        ",https://www.amazon.co.jp/AXE-%E3%82%A2%E3%83%83%E3%82%AF%E3%82%B9-AX24-%E8%B6%85%E5%BC%B7%E5%8A%9B%E6%9B%87%E3%82%8A%E6%AD%A2%E3%82%81%E6%B6%B2/dp/B00BLWKOTS?_encoding=UTF8&psc=1
#31,"Jackery ポータブル電源 400 大容量112200mAh/400Wh 家庭アウトドア両用バックアップ電源 PSE認証済 純正弦波 AC(200W 瞬間最大400W)/DC/USB出力 四つの充電方法 MPPT制御方式 車中泊 キャンプ アウトドア 防災グッズ 停電時に 非常用電源 ソーラー充電 環境にやさしい 省電力 24ヶ月保証
        ",https://www.amazon.co.jp/Jackery-%E3%83%9D%E3%83%BC%E3%82%BF%E3%83%96%E3%83%AB%E9%9B%BB%E6%BA%90-400-%E5%A4%A7%E5%AE%B9%E9%87%8F110000mAh-%E7%9E%AC%E9%96%93%E6%9C%80%E5%A4%A7400W/dp/B07PJYQVSG?_encoding=UTF8&psc=1
#32,"パッと貼るだけホコリとりフィルター換気扇用15cm 6枚入×10点
        ",https://www.amazon.co.jp/%E6%9D%B1%E6%B4%8B%E3%82%A2%E3%83%AB%E3%83%9F-%E3%83%91%E3%83%83%E3%81%A8%E8%B2%BC%E3%82%8B%E3%81%A0%E3%81%91%E3%83%9B%E3%82%B3%E3%83%AA%E3%81%A8%E3%82%8A%E3%83%95%E3%82%A3%E3%83%AB%E3%82%BF%E3%83%BC%E6%8F%9B%E6%B0%97%E6%89%87%E7%94%A815cm-6%E6%9E%9A%E5%85%A5%C3%9710%E7%82%B9/dp/B0829S65LW?_encoding=UTF8&psc=1
#33,"エンジニア ネジザウルスM2 φ2~3.5mm用 静電気対策 PZ-57
        ",https://www.amazon.co.jp/%E3%82%A8%E3%83%B3%E3%82%B8%E3%83%8B%E3%82%A2-%E3%83%8D%E3%82%B8%E3%82%B6%E3%82%A6%E3%83%AB%E3%82%B9M2-%CF%862-3-5mm%E7%94%A8-%E9%9D%99%E9%9B%BB%E6%B0%97%E5%AF%BE%E7%AD%96-PZ-57/dp/B001D7KU7W?_encoding=UTF8&psc=1
#34,"高儀 TAKAGI ボールポイント 六角棒レンチ 9本組 & 高儀 GISUKE ショートワイドモンキー 24mm SWM-24【セット買い】
        ",https://www.amazon.co.jp/TAKAGI-%E3%83%9C%E3%83%BC%E3%83%AB%E3%83%9D%E3%82%A4%E3%83%B3%E3%83%88-%E5%85%AD%E8%A7%92%E6%A3%92%E3%83%AC%E3%83%B3%E3%83%81-%E3%82%B7%E3%83%A7%E3%83%BC%E3%83%88%E3%83%AF%E3%82%A4%E3%83%89%E3%83%A2%E3%83%B3%E3%82%AD%E3%83%BC-SWM-24%E3%80%90%E3%82%BB%E3%83%83%E3%83%88%E8%B2%B7%E3%81%84%E3%80%91/dp/B08DB2ZVT9?_encoding=UTF8&psc=1
#35,"ベッセル(VESSEL) 電動 ボールグリップ ドライバー ビット1本付 電ドラボール 220USB-1
        ",https://www.amazon.co.jp/%E3%83%99%E3%83%83%E3%82%BB%E3%83%AB-VESSEL-%E3%83%9C%E3%83%BC%E3%83%AB%E3%82%B0%E3%83%AA%E3%83%83%E3%83%97-%E3%83%93%E3%83%83%E3%83%881%E6%9C%AC%E4%BB%98-220USB-1/dp/B07KSBSK4Z?_encoding=UTF8&psc=1
#36,"アイリスオーヤマ 電動ドリルドライバー 充電式 軽量 コードレス LEDライト 正逆転切替 JCD28 充電器・バッテリー・ビット10種付き
        ",https://www.amazon.co.jp/%E3%82%A2%E3%82%A4%E3%83%AA%E3%82%B9%E3%82%AA%E3%83%BC%E3%83%A4%E3%83%9E-%E9%9B%BB%E5%8B%95%E3%83%89%E3%83%AA%E3%83%AB%E3%83%89%E3%83%A9%E3%82%A4%E3%83%90%E3%83%BC-JCD28-%E5%A5%A5%E8%A1%8C7%C3%97%E9%AB%98%E3%81%9521%C3%97%E5%B9%8520cm-%E3%83%93%E3%83%83%E3%83%88%E3%82%BB%E3%83%83%E3%83%8810%E7%A8%AE/dp/B07N47P66D?_encoding=UTF8&psc=1
#37,"高儀 TAKAGI クイックリリース ホビークランプ 100mm QRH-100
        ",https://www.amazon.co.jp/%E9%AB%98%E5%84%80-TAKAGI-%E3%82%AF%E3%82%A4%E3%83%83%E3%82%AF%E3%83%AA%E3%83%AA%E3%83%BC%E3%82%B9-%E3%83%9B%E3%83%93%E3%83%BC%E3%82%AF%E3%83%A9%E3%83%B3%E3%83%97-QRH-100/dp/B006JZBEH8?_encoding=UTF8&psc=1
#38,"ラクダ ツーバイフォー定規
        ",https://www.amazon.co.jp/%E6%B8%85%E6%B0%B4%E8%A3%BD%E4%BD%9C%E6%89%80-12022-%E3%83%A9%E3%82%AF%E3%83%80-%E3%83%84%E3%83%BC%E3%83%90%E3%82%A4%E3%83%95%E3%82%A9%E3%83%BC%E5%AE%9A%E8%A6%8F/dp/B001Y51VUI?_encoding=UTF8&psc=1
#39,"シンワ測定(Shinwa Sokutei) 下地センサー Basic ベイシック 78575
        ",https://www.amazon.co.jp/%E3%82%B7%E3%83%B3%E3%83%AF%E6%B8%AC%E5%AE%9A-%E4%B8%8B%E5%9C%B0%E3%82%BB%E3%83%B3%E3%82%B5%E3%83%BC-Basic-%E3%83%99%E3%82%A4%E3%82%B7%E3%83%83%E3%82%AF-78575/dp/B002V92LF0?_encoding=UTF8&psc=1
#40,"ヒートガン elesories HG1012 ホットガン ヒートエアガン 2段階風速 無段階調温可能 50650度 多用途ホットガン ノズル5本付き 三角スクレーパー1本付き PSE認証 二重絶縁 (本体+付属品)
        ",https://www.amazon.co.jp/elesories-%E3%83%92%E3%83%BC%E3%83%88%E3%82%A8%E3%82%A2%E3%82%AC%E3%83%B3-%E7%84%A1%E6%AE%B5%E9%9A%8E%E8%AA%BF%E6%B8%A9%E5%8F%AF%E8%83%BD-%E5%A4%9A%E7%94%A8%E9%80%94%E3%83%9B%E3%83%83%E3%83%88%E3%82%AC%E3%83%B3-%E4%B8%89%E8%A7%92%E3%82%B9%E3%82%AF%E3%83%AC%E3%83%BC%E3%83%91%E3%83%BC1%E6%9C%AC%E4%BB%98%E3%81%8D/dp/B07SN2Y71X?_encoding=UTF8&psc=1
#41,"【Amazon.co.jp 限定】新富士バーナー パワートーチ ガスバーナー 日本製 炙り調理 溶接 火力調節 火口径:22mm 小型 ブラック RZ-730SBK
        ",https://www.amazon.co.jp/%E3%80%90Amazon-co-jp-%E9%99%90%E5%AE%9A%E3%80%91%E6%96%B0%E5%AF%8C%E5%A3%AB%E3%83%90%E3%83%BC%E3%83%8A%E3%83%BC-%E3%83%91%E3%83%AF%E3%83%BC%E3%83%88%E3%83%BC%E3%83%81-%E3%82%AC%E3%82%B9%E3%83%90%E3%83%BC%E3%83%8A%E3%83%BC-%E7%82%99%E3%82%8A%E8%AA%BF%E7%90%86/dp/B084CPQYSX?_encoding=UTF8&psc=1
#42,"東海 カセットボンベ コン郎 ガスボンベ 【ケース販売】 業務用 250ml(1本あたり) 防災 アウトドア カセットコンロ 3本入16個セット
        ",https://www.amazon.co.jp/%E6%9D%B1%E6%B5%B7-%E3%83%90%E3%83%BC%E3%83%99%E3%82%AD%E3%83%A5%E3%83%BC%E7%94%A8%E5%93%81-%E3%83%9B%E3%83%AF%E3%82%A4%E3%83%88-6-5%C3%97%E7%B4%8420cm-16%E5%80%8B%E3%82%BB%E3%83%83%E3%83%88/dp/B07T3D37QL?_encoding=UTF8&psc=1
#43,"猫除け 超音波 ソーラー 充電 防水 動物撃退器 害獣撃退 害虫対策器 防鳥 防獣ネット 鳥除け 犬除け ネズミよけ 【日本最新版】
        ",https://www.amazon.co.jp/%E5%8B%95%E7%89%A9%E6%92%83%E9%80%80%E5%99%A8-%E5%AE%B3%E8%99%AB%E5%AF%BE%E7%AD%96%E5%99%A8-%E9%98%B2%E7%8D%A3%E3%83%8D%E3%83%83%E3%83%88-%E3%83%8D%E3%82%BA%E3%83%9F%E3%82%88%E3%81%91-%E3%80%90%E6%97%A5%E6%9C%AC%E6%9C%80%E6%96%B0%E7%89%88%E3%80%91/dp/B08HH7MSD3?_encoding=UTF8&psc=1
#44,"goot(グット) はんだ吸取線 1.5mm幅 1.5m巻き CP-1515 日本製
        ",https://www.amazon.co.jp/%E5%A4%AA%E6%B4%8B%E9%9B%BB%E6%A9%9F%E7%94%A3%E6%A5%AD-goot-CP1515-%E3%82%B0%E3%83%83%E3%83%88-%E5%90%B8%E5%8F%96%E7%B7%9A%E5%B9%851-5mm%E9%95%B71-5m/dp/B004OCQVP8?_encoding=UTF8&psc=1
#45,"アイリスオーヤマ マイキット(クリア/クリアブルー) 27 (C/CB)
        ",https://www.amazon.co.jp/%E3%82%A2%E3%82%A4%E3%83%AA%E3%82%B9%E3%82%AA%E3%83%BC%E3%83%A4%E3%83%9E-%E5%B7%A5%E5%85%B7%E7%AE%B1-%E3%83%9E%E3%82%A4%E3%82%AD%E3%83%83%E3%83%88-27-%E3%82%AF%E3%83%AA%E3%82%A2%E3%83%96%E3%83%AB%E3%83%BC%E3%80%90%E5%B9%85%E7%B4%8427%C3%97%E5%A5%A5%E8%A1%8C%E7%B4%8416%C3%97%E9%AB%98%E3%81%95%E7%B4%8415cm%E3%80%91/dp/B000QW7N0M?_encoding=UTF8&psc=1
#46,"染めQ プライマー スプレー ミッチャクロン マルチ 420ml
        ",https://www.amazon.co.jp/%E6%9F%93%E3%82%81Q-%E3%83%97%E3%83%A9%E3%82%A4%E3%83%9E%E3%83%BC-%E3%82%B9%E3%83%97%E3%83%AC%E3%83%BC-%E3%83%9F%E3%83%83%E3%83%81%E3%83%A3%E3%82%AF%E3%83%AD%E3%83%B3-420ml/dp/B0058MOMPO?_encoding=UTF8&psc=1
#47,"高儀 粘着ねずみとりシート 防水ブック型 10枚入
        ",https://www.amazon.co.jp/%E9%AB%98%E5%84%80-%E3%82%BF%E3%82%AB%E3%82%AE-%E7%B2%98%E7%9D%80%E3%81%AD%E3%81%9A%E3%81%BF%E3%81%A8%E3%82%8A%E3%82%B7%E3%83%BC%E3%83%88-%E9%98%B2%E6%B0%B4%E3%83%96%E3%83%83%E3%82%AF%E5%9E%8B-10%E6%9E%9A%E5%85%A5/dp/B00G8PRO9G?_encoding=UTF8&psc=1
#48,"東洋アルミ 取替専用 シロッコファンフィルター 3059 & 東洋アルミ アレルブロックフィルター 約21×21cm 屋外の通気口用 花粉をキャッチ 24時間換気対応 5403 2枚入【セット買い】
        ",https://www.amazon.co.jp/%E6%9D%B1%E6%B4%8B%E3%82%A2%E3%83%AB%E3%83%9F-%E3%82%B7%E3%83%AD%E3%83%83%E3%82%B3%E3%83%95%E3%82%A1%E3%83%B3%E3%83%95%E3%82%A3%E3%83%AB%E3%82%BF%E3%83%BC-%E3%82%A2%E3%83%AC%E3%83%AB%E3%83%96%E3%83%AD%E3%83%83%E3%82%AF%E3%83%95%E3%82%A3%E3%83%AB%E3%82%BF%E3%83%BC-%E7%B4%8421%C3%9721cm-2%E6%9E%9A%E5%85%A5%E3%80%90%E3%82%BB%E3%83%83%E3%83%88%E8%B2%B7%E3%81%84%E3%80%91/dp/B08NBMFD5X?_encoding=UTF8&psc=1
#49,"アイリスオーヤマ コードレスインパクトドライバー 18Ｖ トルク160Nm 2000mAh アイリス共通バッテリ・充電器付き ビット10種付属 JID160 ホワイト
        ",https://www.amazon.co.jp/%E3%82%A2%E3%82%A4%E3%83%AA%E3%82%B9%E3%82%AA%E3%83%BC%E3%83%A4%E3%83%9E-%E3%82%B3%E3%83%BC%E3%83%89%E3%83%AC%E3%82%B9%E3%82%A4%E3%83%B3%E3%83%91%E3%82%AF%E3%83%88%E3%83%89%E3%83%A9%E3%82%A4%E3%83%90%E3%83%BC-%E3%83%88%E3%83%AB%E3%82%AF160Nm-%E3%82%A2%E3%82%A4%E3%83%AA%E3%82%B9%E5%85%B1%E9%80%9A%E3%83%90%E3%83%83%E3%83%86%E3%83%AA%E3%83%BB%E5%85%85%E9%9B%BB%E5%99%A8%E4%BB%98%E3%81%8D-JID160/dp/B08RDFSJPM?_encoding=UTF8&psc=1
#50,"パナソニック(Panasonic) テレビドアホン (電源コード式) VL-SE30KL
        ",https://www.amazon.co.jp/%E3%83%91%E3%83%8A%E3%82%BD%E3%83%8B%E3%83%83%E3%82%AF-Panasonic-%E3%83%86%E3%83%AC%E3%83%93%E3%83%89%E3%82%A2%E3%83%9B%E3%83%B3-%E9%9B%BB%E6%BA%90%E3%82%B3%E3%83%BC%E3%83%89%E5%BC%8F-VL-SE30KL/dp/B075YBQG8X?_encoding=UTF8&psc=1
