#1,"驚異の防臭袋 BOS (ボス) おむつが臭わない袋 赤ちゃん用 おむつ 処理袋 【袋カラー：ピンク】 (Sサイズ 200枚入)
        ",https://www.amazon.co.jp/%E9%A9%9A%E7%95%B0%E3%81%AE%E9%98%B2%E8%87%AD%E8%A2%8B-BOS-%E3%83%9C%E3%82%B9-%E3%81%8A%E3%82%80%E3%81%A4%E3%81%8C%E8%87%AD%E3%82%8F%E3%81%AA%E3%81%84%E8%A2%8B-%E3%80%90%E8%A2%8B%E3%82%AB%E3%83%A9%E3%83%BC%EF%BC%9A%E3%83%94%E3%83%B3%E3%82%AF%E3%80%91/dp/B01DEFEMU6?_encoding=UTF8&psc=1
#2,"ピジョン 母乳パッド フィットアップ プレミアムケア 136枚入 なめらかシルキータッチで乳首をやさしく包み込む 0か月~
        ",https://www.amazon.co.jp/%E3%83%94%E3%82%B8%E3%83%A7%E3%83%B3-%E6%AF%8D%E4%B9%B3%E3%83%91%E3%83%83%E3%83%89-%E3%83%95%E3%82%A3%E3%83%83%E3%83%88%E3%82%A2%E3%83%83%E3%83%97-%E3%83%97%E3%83%AC%E3%83%9F%E3%82%A2%E3%83%A0%E3%82%B1%E3%82%A2-%E3%81%AA%E3%82%81%E3%82%89%E3%81%8B%E3%82%B7%E3%83%AB%E3%82%AD%E3%83%BC%E3%82%BF%E3%83%83%E3%83%81%E3%81%A7%E4%B9%B3%E9%A6%96%E3%82%92%E3%82%84%E3%81%95%E3%81%97%E3%81%8F%E5%8C%85%E3%81%BF%E8%BE%BC%E3%82%80/dp/B0839M9C12?_encoding=UTF8&psc=1
#3,"ピジョン 【SSサイズ 1個入】 母乳実感 乳首(シリコーンゴム製) 0-1ヶ月 丸穴 01135
        ",https://www.amazon.co.jp/%E3%83%94%E3%82%B8%E3%83%A7%E3%83%B3-%E6%AF%8D%E4%B9%B3%E5%AE%9F%E6%84%9F-%E3%82%B7%E3%83%AA%E3%82%B3%E3%83%BC%E3%83%B3%E3%82%B4%E3%83%A0%E8%A3%BD-%E6%96%B0%E7%94%9F%E5%85%90%E3%81%8B%E3%82%89-SS%E3%82%B5%E3%82%A4%E3%82%BA/dp/B01CCLDK42?_encoding=UTF8&psc=1
#4,"メデラ 【おっぱいケアセット】 乳頭保護クリーム ピュアレーン100 7g & ハイドロジェルパッド 4枚入セット 母乳育児をやさしくサポート
        ",https://www.amazon.co.jp/%E3%83%A1%E3%83%87%E3%83%A9-%E3%80%90%E3%81%8A%E3%81%A3%E3%81%B1%E3%81%84%E3%82%B1%E3%82%A2%E3%82%BB%E3%83%83%E3%83%88%E3%80%91-%E3%83%94%E3%83%A5%E3%82%A2%E3%83%AC%E3%83%BC%E3%83%B3100-%E3%83%8F%E3%82%A4%E3%83%89%E3%83%AD%E3%82%B8%E3%82%A7%E3%83%AB%E3%83%91%E3%83%83%E3%83%89-%E6%AF%8D%E4%B9%B3%E8%82%B2%E5%85%90%E3%82%92%E3%82%84%E3%81%95%E3%81%97%E3%81%8F%E3%82%B5%E3%83%9D%E3%83%BC%E3%83%88/dp/B08DVHRQ6G?_encoding=UTF8&psc=1
#5,"驚異の防臭袋 BOS (ボス) おむつが臭わない袋 赤ちゃん用 おむつ 処理袋 【袋カラー：ピンク】 (SSサイズ 200枚入)
        ",https://www.amazon.co.jp/%E9%A9%9A%E7%95%B0%E3%81%AE%E9%98%B2%E8%87%AD%E8%A2%8B-BOS-%E3%83%9C%E3%82%B9-%E3%81%8A%E3%82%80%E3%81%A4%E3%81%8C%E8%87%AD%E3%82%8F%E3%81%AA%E3%81%84%E8%A2%8B-%E3%80%90%E8%A2%8B%E3%82%AB%E3%83%A9%E3%83%BC%EF%BC%9A%E3%83%94%E3%83%B3%E3%82%AF%E3%80%91/dp/B073CHGBGF?_encoding=UTF8&psc=1
#6,"コンビ 紙おむつ処理ポット 強力防臭抗菌 おむつポット ポイテック シリーズ 共用スペアカセット 1個 (旧型ポイテック/ポイテック アドバンス 本体両方使用可能)
        ",https://www.amazon.co.jp/%E3%82%B3%E3%83%B3%E3%83%93-%E7%B4%99%E3%81%8A%E3%82%80%E3%81%A4%E5%87%A6%E7%90%86%E3%83%9D%E3%83%83%E3%83%88-%E5%85%B1%E7%94%A8%E3%82%B9%E3%83%9A%E3%82%A2%E3%82%AB%E3%82%BB%E3%83%83%E3%83%88-%E6%97%A7%E5%9E%8B%E3%83%9D%E3%82%A4%E3%83%86%E3%83%83%E3%82%AF-%E6%9C%AC%E4%BD%93%E4%B8%A1%E6%96%B9%E4%BD%BF%E7%94%A8%E5%8F%AF%E8%83%BD/dp/B07V4M8J21?_encoding=UTF8&psc=1
#7,"ベビービョルン 【日本正規品保証付】ベビースタイ パウダー パウダーイエロー
        ",https://www.amazon.co.jp/%E3%83%99%E3%83%93%E3%83%BC%E3%83%93%E3%83%A7%E3%83%AB%E3%83%B3-%E3%80%90%E6%97%A5%E6%9C%AC%E6%AD%A3%E8%A6%8F%E5%93%81%E4%BF%9D%E8%A8%BC%E4%BB%98%E3%80%91%E3%83%99%E3%83%93%E3%83%BC%E3%82%B9%E3%82%BF%E3%82%A4-%E3%83%91%E3%82%A6%E3%83%80%E3%83%BC-%E3%83%91%E3%82%A6%E3%83%80%E3%83%BC%E3%82%A4%E3%82%A8%E3%83%AD%E3%83%BC/dp/B07P5S9SVF?_encoding=UTF8&psc=1
#8,"【プラスチック製 160ml】 ピジョン Pigeon 母乳実感 哺乳びん アニマル柄 0ヵ月から おっぱい育児を確実にサポートする哺乳びん
        ",https://www.amazon.co.jp/%E3%83%94%E3%82%B8%E3%83%A7%E3%83%B3-Pigeon-%E3%83%97%E3%83%A9%E3%82%B9%E3%83%81%E3%83%83%E3%82%AF%E8%A3%BD-%E3%82%A2%E3%83%8B%E3%83%9E%E3%83%AB%E6%9F%84-%E3%81%8A%E3%81%A3%E3%81%B1%E3%81%84%E8%82%B2%E5%85%90%E3%82%92%E7%A2%BA%E5%AE%9F%E3%81%AB%E3%82%B5%E3%83%9D%E3%83%BC%E3%83%88%E3%81%99%E3%82%8B%E5%93%BA%E4%B9%B3%E3%81%B3%E3%82%93/dp/B01CCLD98O?_encoding=UTF8&psc=1
#9,"[Amazon限定ブランド] Aprica (アップリカ) coconbaby 紙おむつ処理ポット におわなくてポイ 消臭タイプ 専用カセット 3個パック 09124 「消臭」・「抗菌」・「防臭」可
        ",https://www.amazon.co.jp/%E3%82%A2%E3%83%83%E3%83%97%E3%83%AA%E3%82%AB-%E7%B4%99%E3%81%8A%E3%82%80%E3%81%A4%E5%87%A6%E7%90%86%E3%83%9D%E3%83%83%E3%83%88-%E3%81%AB%E3%81%8A%E3%82%8F%E3%81%AA%E3%81%8F%E3%81%A6%E3%83%9D%E3%82%A4-09124-%E3%80%8C%E6%B6%88%E8%87%AD%E3%80%8D%E3%83%BB%E3%80%8C%E6%8A%97%E8%8F%8C%E3%80%8D%E3%83%BB%E3%80%8C%E9%98%B2%E8%87%AD%E3%80%8D%E5%8F%AF/dp/B016POVVT8?_encoding=UTF8&psc=1
#10,"Baby Smile 電動鼻水吸引器 メルシーポット S-503
        ",https://www.amazon.co.jp/Baby-Smile-%E9%9B%BB%E5%8B%95%E9%BC%BB%E6%B0%B4%E5%90%B8%E5%BC%95%E5%99%A8-%E3%83%A1%E3%83%AB%E3%82%B7%E3%83%BC%E3%83%9D%E3%83%83%E3%83%88-S-503/dp/B07B4V64L3?_encoding=UTF8&psc=1
#11,"ピジョン(Pigeon) 哺乳びん野菜洗い 詰めかえ用2回分1.4L 食品原料100%使用
        ",https://www.amazon.co.jp/%E3%83%94%E3%82%B8%E3%83%A7%E3%83%B3-Pigeon-%E5%93%BA%E4%B9%B3%E3%81%B3%E3%82%93%E9%87%8E%E8%8F%9C%E6%B4%97%E3%81%84-%E8%A9%B0%E3%82%81%E3%81%8B%E3%81%88%E7%94%A82%E5%9B%9E%E5%88%861-4L-%E9%A3%9F%E5%93%81%E5%8E%9F%E6%96%99100-%E4%BD%BF%E7%94%A8/dp/B07MXKGD7Z?_encoding=UTF8&psc=1
#12,"驚異の防臭袋 BOS (ボス) おむつが臭わない袋 赤ちゃん用 おむつ 処理袋 【袋カラー：ピンク】 (Mサイズ 90枚入)
        ",https://www.amazon.co.jp/%E9%A9%9A%E7%95%B0%E3%81%AE%E9%98%B2%E8%87%AD%E8%A2%8B-BOS-%E3%83%9C%E3%82%B9-%E3%81%8A%E3%82%80%E3%81%A4%E3%81%8C%E8%87%AD%E3%82%8F%E3%81%AA%E3%81%84%E8%A2%8B-%E3%80%90%E8%A2%8B%E3%82%AB%E3%83%A9%E3%83%BC%EF%BC%9A%E3%83%94%E3%83%B3%E3%82%AF%E3%80%91/dp/B01IHJKA1E?_encoding=UTF8&psc=1
#13,"【セット買い】リッチェル Richell ひんやりしないおふろマットR 新生児~6カ月頃まで & Richell ふかふかベビーバスW グリーン 新生児~3カ月頃まで
        ",https://www.amazon.co.jp/%E3%80%90%E3%82%BB%E3%83%83%E3%83%88%E8%B2%B7%E3%81%84%E3%80%91%E3%83%AA%E3%83%83%E3%83%81%E3%82%A7%E3%83%AB-%E3%81%B2%E3%82%93%E3%82%84%E3%82%8A%E3%81%97%E3%81%AA%E3%81%84%E3%81%8A%E3%81%B5%E3%82%8D%E3%83%9E%E3%83%83%E3%83%88R-%E6%96%B0%E7%94%9F%E5%85%90-6%E3%82%AB%E6%9C%88%E9%A0%83%E3%81%BE%E3%81%A7-%E3%81%B5%E3%81%8B%E3%81%B5%E3%81%8B%E3%83%99%E3%83%93%E3%83%BC%E3%83%90%E3%82%B9W-%E6%96%B0%E7%94%9F%E5%85%90-3%E3%82%AB%E6%9C%88%E9%A0%83%E3%81%BE%E3%81%A7/dp/B08517C8H6?_encoding=UTF8&psc=1
#14,"コンビ ベビーレーベル ネイルケアセット ベビーピンク
        ",https://www.amazon.co.jp/%E3%82%B3%E3%83%B3%E3%83%93-%E3%83%99%E3%83%93%E3%83%BC%E3%83%AC%E3%83%BC%E3%83%99%E3%83%AB-%E3%83%8D%E3%82%A4%E3%83%AB%E3%82%B1%E3%82%A2%E3%82%BB%E3%83%83%E3%83%88-%E3%83%AC%E3%83%BC%E3%83%99%E3%83%AB%E3%83%94%E3%83%B3%E3%82%AF-%E3%83%9E%E3%83%9E%E3%81%AB%E3%82%82%E4%BD%BF%E3%81%88%E3%82%8B%E3%83%8D%E3%82%A4%E3%83%AB%E3%82%B1%E3%82%A2/dp/B00I4IN7M8?_encoding=UTF8&psc=1
#15,"ピジョン 新生児つめきりハサミ 15105
        ",https://www.amazon.co.jp/%E3%83%94%E3%82%B8%E3%83%A7%E3%83%B3-Pigeon-%E6%96%B0%E7%94%9F%E5%85%90%E3%81%A4%E3%82%81%E3%81%8D%E3%82%8A%E3%83%8F%E3%82%B5%E3%83%9F-0%E3%83%B5%E6%9C%88%E3%81%8B%E3%82%89%E5%AF%BE%E8%B1%A1-%E6%8C%87%E3%81%8C%E3%81%8B%E3%82%8A%E3%81%AE%E3%81%82%E3%82%8B%E3%83%8F%E3%83%B3%E3%83%89%E3%83%AB%E3%81%A7%E5%AE%89%E5%AE%9A%E3%81%97%E3%81%A6%E5%88%87%E3%82%8C%E3%81%BE%E3%81%99/dp/B01KO97N3S?_encoding=UTF8&psc=1
#16,"ピジョン スポンジブラシ 2WAYタイプ プラスチック製 哺乳瓶 専用
        ",https://www.amazon.co.jp/%E3%83%94%E3%82%B8%E3%83%A7%E3%83%B3-%E3%82%B9%E3%83%9D%E3%83%B3%E3%82%B8%E3%83%96%E3%83%A9%E3%82%B7-2WAY%E3%82%BF%E3%82%A4%E3%83%97-%E3%83%97%E3%83%A9%E3%82%B9%E3%83%81%E3%83%83%E3%82%AF%E8%A3%BD-%E5%93%BA%E4%B9%B3%E7%93%B6/dp/B000FI1YCK?_encoding=UTF8&psc=1
#17,"【セット買い】【SSサイズ 1個入】 ピジョン 桶谷式直接授乳訓練用 母乳相談室 乳首 0か月~ 01140 & ピジョン ベビー ピンセット
        ",https://www.amazon.co.jp/%E3%80%90%E3%82%BB%E3%83%83%E3%83%88%E8%B2%B7%E3%81%84%E3%80%91%E3%80%90SS%E3%82%B5%E3%82%A4%E3%82%BA-%E3%83%94%E3%82%B8%E3%83%A7%E3%83%B3-%E6%A1%B6%E8%B0%B7%E5%BC%8F%E7%9B%B4%E6%8E%A5%E6%8E%88%E4%B9%B3%E8%A8%93%E7%B7%B4%E7%94%A8-%E6%AF%8D%E4%B9%B3%E7%9B%B8%E8%AB%87%E5%AE%A4-01140/dp/B081526Y89?_encoding=UTF8&psc=1
#18,"[Amazon限定ブランド] コンビ fugebaby 紙おむつ処理ポット 強力防臭抗菌 おむつポット ポイテック シリーズ 共用スペアカセット (旧型ポイテック/ポイテック アドバンス 本体両方使用可能) 6個
        ",https://www.amazon.co.jp/Amazon%E9%99%90%E5%AE%9A%E3%83%96%E3%83%A9%E3%83%B3%E3%83%89-fugebaby-%E7%B4%99%E3%81%8A%E3%82%80%E3%81%A4%E5%87%A6%E7%90%86%E3%83%9D%E3%83%83%E3%83%88-%E5%85%B1%E7%94%A8%E3%82%B9%E3%83%9A%E3%82%A2%E3%82%AB%E3%82%BB%E3%83%83%E3%83%88-%E6%9C%AC%E4%BD%93%E4%B8%A1%E6%96%B9%E4%BD%BF%E7%94%A8%E5%8F%AF%E8%83%BD/dp/B089DRR65C?_encoding=UTF8&psc=1
#19,"NUK ヌーク おしゃぶり 衛生的な消毒ケース付 [手指なめ 防止に] きれいな歯並びのために ジーニアス クジラ 新生児 0-6ヵ月 OCNK40103433 カ月 0か月~
        ",https://www.amazon.co.jp/NUK-%E3%81%8A%E3%81%97%E3%82%83%E3%81%B6%E3%82%8A-%E8%A1%9B%E7%94%9F%E7%9A%84%E3%81%AA%E6%B6%88%E6%AF%92%E3%82%B1%E3%83%BC%E3%82%B9%E4%BB%98-%E3%81%8D%E3%82%8C%E3%81%84%E3%81%AA%E6%AD%AF%E4%B8%A6%E3%81%B3%E3%81%AE%E3%81%9F%E3%82%81%E3%81%AB-OCNK40103433/dp/B089NXD6C1?_encoding=UTF8&psc=1
#20,"ピジョン Pigeon マグマグ セット 3ヵ月頃から 発達にあわせた4種類の飲み方トレーニング
        ",https://www.amazon.co.jp/%E3%83%94%E3%82%B8%E3%83%A7%E3%83%B3-Pigeon-%E3%83%9E%E3%82%B0%E3%83%9E%E3%82%B0-3%E3%83%B5%E6%9C%88%E9%A0%83%E3%81%8B%E3%82%89-%E7%99%BA%E9%81%94%E3%81%AB%E3%81%82%E3%82%8F%E3%81%9B%E3%81%9F4%E7%A8%AE%E9%A1%9E%E3%81%AE%E9%A3%B2%E3%81%BF%E6%96%B9%E3%83%88%E3%83%AC%E3%83%BC%E3%83%8B%E3%83%B3%E3%82%B0/dp/B00S4HSI4G?_encoding=UTF8&psc=1
#21,"ウィズベビー 使用済み ベビー紙オムツ 処理袋 消臭タイプ 120枚×2個 (240枚) 袋の大きさ (横23cm×縦33.5cm)
        ",https://www.amazon.co.jp/%E3%82%A6%E3%82%A3%E3%82%BA%E3%83%99%E3%83%93%E3%83%BC-%E3%83%99%E3%83%93%E3%83%BC%E7%B4%99%E3%82%AA%E3%83%A0%E3%83%84-%E6%B6%88%E8%87%AD%E3%82%BF%E3%82%A4%E3%83%97-120%E6%9E%9A%C3%972%E5%80%8B-%E6%A8%AA23cm%C3%97%E7%B8%A633-5cm/dp/B00K72WVGW?_encoding=UTF8&psc=1
#22,"【耐熱ガラス製 160ml】 ピジョン Pigeon 母乳実感 哺乳びん ライトグリーン 0ヵ月から おっぱい育児を確実にサポートする哺乳びん
        ",https://www.amazon.co.jp/%E3%83%94%E3%82%B8%E3%83%A7%E3%83%B3-Pigeon-%E8%80%90%E7%86%B1%E3%82%AC%E3%83%A9%E3%82%B9%E8%A3%BD-%E3%83%A9%E3%82%A4%E3%83%88%E3%82%B0%E3%83%AA%E3%83%BC%E3%83%B3-%E3%81%8A%E3%81%A3%E3%81%B1%E3%81%84%E8%82%B2%E5%85%90%E3%82%92%E7%A2%BA%E5%AE%9F%E3%81%AB%E3%82%B5%E3%83%9D%E3%83%BC%E3%83%88%E3%81%99%E3%82%8B%E5%93%BA%E4%B9%B3%E3%81%B3%E3%82%93/dp/B01CCLDEM0?_encoding=UTF8&psc=1
#23,"【PRESS GIRDLE】 骨盤矯正 ガードル 骨盤ケア ヒップアップ ハイウエスト (M/L)
        ",https://www.amazon.co.jp/%E3%80%90PRESS-GIRDLE%E3%80%91-%E9%AA%A8%E7%9B%A4%E7%9F%AF%E6%AD%A3-%E3%83%92%E3%83%83%E3%83%97%E3%82%A2%E3%83%83%E3%83%97-%E3%83%8F%E3%82%A4%E3%82%A6%E3%82%A8%E3%82%B9%E3%83%88/dp/B08CRKM9DP?_encoding=UTF8&psc=1
#24,"ピジョン 母乳実感 専用乳首ブラシ
        ",https://www.amazon.co.jp/%E3%83%94%E3%82%B8%E3%83%A7%E3%83%B3-04030-%E6%AF%8D%E4%B9%B3%E5%AE%9F%E6%84%9F-%E5%B0%82%E7%94%A8%E4%B9%B3%E9%A6%96%E3%83%96%E3%83%A9%E3%82%B7/dp/B000FNXVDA?_encoding=UTF8&psc=1
#25,"サーモス まほうびんのベビーストローマグ FHV-250B ライトイエロー 9ヶ月頃から
        ",https://www.amazon.co.jp/%E3%82%B5%E3%83%BC%E3%83%A2%E3%82%B9-%E3%81%BE%E3%81%BB%E3%81%86%E3%81%B3%E3%82%93%E3%81%AE%E3%83%99%E3%83%93%E3%83%BC%E3%82%B9%E3%83%88%E3%83%AD%E3%83%BC%E3%83%9E%E3%82%B0-FHV-250B-%E3%83%A9%E3%82%A4%E3%83%88%E3%82%A4%E3%82%A8%E3%83%AD%E3%83%BC-9%E3%83%B6%E6%9C%88%E9%A0%83%E3%81%8B%E3%82%89/dp/B079C3TZB6?_encoding=UTF8&psc=1
#26,"Adokoo ベビーまくら 向き癖防止枕 絶壁頭 斜頭 変形 猫背 寝姿を矯 正 頭の形が良くなる 男女兼用 汗とり 快眠 低反発ピロー 綿100% 無添加 寝ハゲ対策 通気まくら
        ",https://www.amazon.co.jp/Adokoo-%E3%83%99%E3%83%93%E3%83%BC%E3%81%BE%E3%81%8F%E3%82%89-%E5%90%91%E3%81%8D%E7%99%96%E9%98%B2%E6%AD%A2%E6%9E%95-%E9%A0%AD%E3%81%AE%E5%BD%A2%E3%81%8C%E8%89%AF%E3%81%8F%E3%81%AA%E3%82%8B-%E3%80%90%E3%83%A1%E3%83%BC%E3%82%AB%E3%83%BC%E7%9B%B4%E5%96%B6%E3%83%BB%EF%BC%91%E5%B9%B4%E4%BF%9D%E8%A8%BC%E4%BB%98%E3%80%91/dp/B01MEC5AOP?_encoding=UTF8&psc=1
#27,"コンビ ハイローチェア ネムリラ FF リバーシブルシートモデル セサミグレー 0か月~
        ",https://www.amazon.co.jp/%E3%82%B3%E3%83%B3%E3%83%93-%E3%83%99%E3%83%93%E3%83%BC%E3%83%A9%E3%83%83%E3%82%AF-%E3%82%BB%E3%82%B5%E3%83%9F%E3%82%B0%E3%83%AC%E3%83%BC-%E6%96%B0%E7%94%9F%E5%85%90-4%E6%89%8D%E9%A0%83%E3%81%BE%E3%81%A7%E5%AF%BE%E8%B1%A1-%E3%83%AA%E3%83%90%E3%83%BC%E3%82%B7%E3%83%96%E3%83%AB%E3%82%B7%E3%83%BC%E3%83%88%E3%83%A2%E3%83%87%E3%83%AB/dp/B019DA84BO?_encoding=UTF8&psc=1
#28,"パナソニック モニター付き屋内カメラ スマ@ホーム 設定不要 ベビーモニター KX-HC705-W
        ",https://www.amazon.co.jp/%E3%83%91%E3%83%8A%E3%82%BD%E3%83%8B%E3%83%83%E3%82%AF-%E3%83%A2%E3%83%8B%E3%82%BF%E3%83%BC%E4%BB%98%E3%81%8D%E5%B1%8B%E5%86%85%E3%82%AB%E3%83%A1%E3%83%A9-%E8%A8%AD%E5%AE%9A%E4%B8%8D%E8%A6%81-%E3%83%99%E3%83%93%E3%83%BC%E3%83%A2%E3%83%8B%E3%82%BF%E3%83%BC-KX-HC705-W/dp/B07QR8RZJH?_encoding=UTF8&psc=1
#29,"KJC エジソンママ (EDISONmama) 歯がため カミカミBaby ハローキティ 3ヶ月頃から対象
        ",https://www.amazon.co.jp/%E3%82%A8%E3%82%B8%E3%82%BD%E3%83%B3%E3%83%9E%E3%83%9E-EDISONmama-%E3%82%AB%E3%83%9F%E3%82%AB%E3%83%9FBaby-%E3%83%8F%E3%83%AD%E3%83%BC%E3%82%AD%E3%83%86%E3%82%A3-3%E3%83%B6%E6%9C%88%E9%A0%83%E3%81%8B%E3%82%89%E5%AF%BE%E8%B1%A1/dp/B07CKTKLLC?_encoding=UTF8&psc=1
#30,"happilax ベビーガード チャイルドロック 子供 安全 ストッパー 引き出しロック 透明 6本
        ",https://www.amazon.co.jp/happilax-%E3%83%99%E3%83%93%E3%83%BC%E3%82%AC%E3%83%BC%E3%83%89-%E3%83%81%E3%83%A3%E3%82%A4%E3%83%AB%E3%83%89%E3%83%AD%E3%83%83%E3%82%AF-%E3%82%B9%E3%83%88%E3%83%83%E3%83%91%E3%83%BC-%E5%BC%95%E3%81%8D%E5%87%BA%E3%81%97%E3%83%AD%E3%83%83%E3%82%AF/dp/B07QG8XPL9?_encoding=UTF8&psc=1
#31,"エジソン(EDISON) 子ども用箸 エジソンのお箸KID'S ホワイト 右手用
        ",https://www.amazon.co.jp/%E3%82%A8%E3%82%B8%E3%82%BD%E3%83%B3-EDISON-%E5%AD%90%E3%81%A9%E3%82%82%E7%94%A8%E7%AE%B8-%E3%82%A8%E3%82%B8%E3%82%BD%E3%83%B3%E3%81%AE%E3%81%8A%E7%AE%B8KIDS-%E3%83%9B%E3%83%AF%E3%82%A4%E3%83%88/dp/B07BWRSTV7?_encoding=UTF8&psc=1
#32,"Munchkin munchkin ハンドル付きミラクルカップ・ワイルドラブ アフリカゾウ FDMU17175
        ",https://www.amazon.co.jp/Munchkin-munchkin-%E3%83%8F%E3%83%B3%E3%83%89%E3%83%AB%E4%BB%98%E3%81%8D%E3%83%9F%E3%83%A9%E3%82%AF%E3%83%AB%E3%82%AB%E3%83%83%E3%83%97%E3%83%BB%E3%83%AF%E3%82%A4%E3%83%AB%E3%83%89%E3%83%A9%E3%83%96-%E3%82%A2%E3%83%95%E3%83%AA%E3%82%AB%E3%82%BE%E3%82%A6-FDMU17175/dp/B08BLWCTVG?_encoding=UTF8&psc=1
#33,"【Amazon.co.jp限定】 リッチェル Richell わけわけフリージング ブロックトレー R 15 1ブロック容量15ml 12ブロック 4枚入
        ",https://www.amazon.co.jp/%E3%80%90Amazon-co-jp%E9%99%90%E5%AE%9A%E3%80%91-%E3%83%AA%E3%83%83%E3%83%81%E3%82%A7%E3%83%AB-Richell-%E3%82%8F%E3%81%91%E3%82%8F%E3%81%91%E3%83%95%E3%83%AA%E3%83%BC%E3%82%B8%E3%83%B3%E3%82%B0-1%E3%83%96%E3%83%AD%E3%83%83%E3%82%AF%E5%AE%B9%E9%87%8F15ml/dp/B07KKVV43M?_encoding=UTF8&psc=1
#34,"[Amazon限定ブランド] Aprica (アップリカ) coconbaby 紙おむつ処理ポット におわなくてポイ 消臭タイプ 専用カセット 微香3個パック 09125 「消臭」・「抗菌」・「防臭」可
        ",https://www.amazon.co.jp/%E3%82%A2%E3%83%83%E3%83%97%E3%83%AA%E3%82%AB-%E7%B4%99%E3%81%8A%E3%82%80%E3%81%A4%E5%87%A6%E7%90%86%E3%83%9D%E3%83%83%E3%83%88-%E3%81%AB%E3%81%8A%E3%82%8F%E3%81%AA%E3%81%8F%E3%81%A6%E3%83%9D%E3%82%A4-09125-%E3%80%8C%E6%B6%88%E8%87%AD%E3%80%8D%E3%83%BB%E3%80%8C%E6%8A%97%E8%8F%8C%E3%80%8D%E3%83%BB%E3%80%8C%E9%98%B2%E8%87%AD%E3%80%8D%E5%8F%AF/dp/B016POVVL6?_encoding=UTF8&psc=1
#35,"(ケラッタ) 防水 おねしょシーツ 綿100％ 2枚組 【吸収速乾・抗菌 防ダニ】 選べる3色 (シングル 100cm×200cm, イエロー)
        ",https://www.amazon.co.jp/ker%C3%A4t%C3%A4-%E3%81%8A%E3%81%AD%E3%81%97%E3%82%87%E3%82%B7%E3%83%BC%E3%83%84-100%C3%97200cm-%E3%81%B5%E3%82%8F%E3%81%B5%E3%82%8F%E7%94%9F%E5%9C%B0%E3%81%A7%E6%9C%9D%E3%81%BE%E3%81%A7%E5%BF%AB%E9%81%A9-2%E6%9E%9A%E3%82%BB%E3%83%83%E3%83%88/dp/B01M09PSZ9?_encoding=UTF8&psc=1
#36,"タカラトミー ディズニー ベビートイ くまのプーさん えらべる回転 6WAYジムにへんしんメリー
        ",https://www.amazon.co.jp/%E3%83%87%E3%82%A3%E3%82%BA%E3%83%8B%E3%83%BC-%E3%83%99%E3%83%93%E3%83%BC%E3%83%88%E3%82%A4-%E3%81%8F%E3%81%BE%E3%81%AE%E3%83%97%E3%83%BC%E3%81%95%E3%82%93-%E3%81%88%E3%82%89%E3%81%B9%E3%82%8B%E5%9B%9E%E8%BB%A2-6WAY%E3%82%B8%E3%83%A0%E3%81%AB%E3%81%B8%E3%82%93%E3%81%97%E3%82%93%E3%83%A1%E3%83%AA%E3%83%BC/dp/B07CKSDTL5?_encoding=UTF8&psc=1
#37,"【ママリ口コミ大賞受賞】コニー抱っこ紐 (Konny) スリング 新生児から20kg 収納袋付き 国際安全認証取得 ぐっすり抱っこひも (グリッド) (2XS)
        ",https://www.amazon.co.jp/%E3%80%90%E3%83%9E%E3%83%9E%E3%83%AA%E5%8F%A3%E3%82%B3%E3%83%9F%E5%A4%A7%E8%B3%9E%E5%8F%97%E8%B3%9E%E3%80%91%E3%82%B3%E3%83%8B%E3%83%BC%E6%8A%B1%E3%81%A3%E3%81%93%E7%B4%90-Konny-%E6%96%B0%E7%94%9F%E5%85%90%E3%81%8B%E3%82%8920kg-%E5%9B%BD%E9%9A%9B%E5%AE%89%E5%85%A8%E8%AA%8D%E8%A8%BC%E5%8F%96%E5%BE%97-%E3%81%90%E3%81%A3%E3%81%99%E3%82%8A%E6%8A%B1%E3%81%A3%E3%81%93%E3%81%B2%E3%82%82/dp/B081FD9F2J?_encoding=UTF8&psc=1
#38,"日本育児 Color Korbell おむつポット専用取替えロール 12m巻 3P 3個 NI-2813
        ",https://www.amazon.co.jp/%E6%97%A5%E6%9C%AC%E8%82%B2%E5%85%90-Color-Korbell-%E3%81%8A%E3%82%80%E3%81%A4%E3%83%9D%E3%83%83%E3%83%88%E5%B0%82%E7%94%A8%E5%8F%96%E6%9B%BF%E3%81%88%E3%83%AD%E3%83%BC%E3%83%AB-12m%E5%B7%BB/dp/B001GZBJU8?_encoding=UTF8&psc=1
#39,"【セット買い】日本育児 ベビーズゲート ホワイト NI-4006 (取付幅 73~90cm) & Color Korbell おむつポット専用取替えロール 12m巻 3P 3個 NI-2813
        ",https://www.amazon.co.jp/%E3%80%90%E3%82%BB%E3%83%83%E3%83%88%E8%B2%B7%E3%81%84%E3%80%91%E6%97%A5%E6%9C%AC%E8%82%B2%E5%85%90-%E3%83%99%E3%83%93%E3%83%BC%E3%82%BA%E3%82%B2%E3%83%BC%E3%83%88-NI-4006-73-90cm-%E3%81%8A%E3%82%80%E3%81%A4%E3%83%9D%E3%83%83%E3%83%88%E5%B0%82%E7%94%A8%E5%8F%96%E6%9B%BF%E3%81%88%E3%83%AD%E3%83%BC%E3%83%AB/dp/B08516T457?_encoding=UTF8&psc=1
#40,"Aprica(アップリカ) 強力消臭紙おむつ処理ポット ニオイポイ NIOI-POI におわなくてポイ共通カセット 3個 2022671
        ",https://www.amazon.co.jp/%E3%82%A2%E3%83%83%E3%83%97%E3%83%AA%E3%82%AB-%E5%BC%B7%E5%8A%9B%E6%B6%88%E8%87%AD%E7%B4%99%E3%81%8A%E3%82%80%E3%81%A4%E5%87%A6%E7%90%86%E3%83%9D%E3%83%83%E3%83%88-NIOI-POI-%E3%81%AB%E3%81%8A%E3%82%8F%E3%81%AA%E3%81%8F%E3%81%A6%E3%83%9D%E3%82%A4%E5%85%B1%E9%80%9A%E3%82%AB%E3%82%BB%E3%83%83%E3%83%88-2022671/dp/B074MQQZMS?_encoding=UTF8&psc=1
#41,"【セット買い】【Amazon.co.jp限定】 リッチェル Richell わけわけフリージング ブロックトレー R 50 1ブロック容量50ml 6ブロック 4枚入 & リッチェル Richell 電子レンジ用おかゆクッカーE スプーン付 エンボス加工 電子レンジOK レンジで4分
        ",https://www.amazon.co.jp/%E3%80%90%E3%82%BB%E3%83%83%E3%83%88%E8%B2%B7%E3%81%84%E3%80%91%E3%80%90Amazon-co-jp%E9%99%90%E5%AE%9A%E3%80%91-%E3%83%AA%E3%83%83%E3%83%81%E3%82%A7%E3%83%AB-%E3%82%8F%E3%81%91%E3%82%8F%E3%81%91%E3%83%95%E3%83%AA%E3%83%BC%E3%82%B8%E3%83%B3%E3%82%B0-1%E3%83%96%E3%83%AD%E3%83%83%E3%82%AF%E5%AE%B9%E9%87%8F50ml-%E9%9B%BB%E5%AD%90%E3%83%AC%E3%83%B3%E3%82%B8%E7%94%A8%E3%81%8A%E3%81%8B%E3%82%86%E3%82%AF%E3%83%83%E3%82%AB%E3%83%BCE/dp/B08516D4PH?_encoding=UTF8&psc=1
#42,"ACTIVE WINNER ベビーカーフック 360度回転 ベビーカー 荷物フック マルチフック
        ",https://www.amazon.co.jp/ACTIVE-WINNER-%E3%83%99%E3%83%93%E3%83%BC%E3%82%AB%E3%83%BC-%E3%83%99%E3%83%93%E3%83%BC%E3%82%AB%E3%83%BC%E8%8D%B7%E7%89%A9%E3%83%95%E3%83%83%E3%82%AF%E3%81%AB%E3%82%82%E3%80%81%E8%87%AA%E8%BB%A2%E8%BB%8A%E3%81%AE%E3%83%8F%E3%83%B3%E3%83%89%E3%83%AB%E3%82%84%E3%82%B9%E3%83%BC%E3%83%84%E3%82%B1%E3%83%BC%E3%82%B9%E3%81%AB%E3%82%82%E4%BD%BF%E3%81%88%E3%82%8B-%E3%81%8A%E3%81%99%E3%81%99%E3%82%81%E3%83%9E%E3%83%AB%E3%83%81%E3%83%95%E3%83%83%E3%82%AF/dp/B01FH0YJ8G?_encoding=UTF8&psc=1
#43,"サーモス 調乳用ステンレスボトル 0.5L ミルク作りに最適 もれない JNX-500B イエロー(Y)
        ",https://www.amazon.co.jp/%E3%82%B5%E3%83%BC%E3%83%A2%E3%82%B9-%E8%AA%BF%E4%B9%B3%E7%94%A8%E3%82%B9%E3%83%86%E3%83%B3%E3%83%AC%E3%82%B9%E3%83%9C%E3%83%88%E3%83%AB-0-5L-%E3%83%9F%E3%83%AB%E3%82%AF%E4%BD%9C%E3%82%8A%E3%81%AB%E6%9C%80%E9%81%A9-JNX-500B/dp/B01C58WDEU?_encoding=UTF8&psc=1
#44,"GRACO(グレコ) ジュニアシート ジュニアプラス メトロポリタンGR 3歳頃からロングユース 67170
        ",https://www.amazon.co.jp/%E3%82%B0%E3%83%AC%E3%82%B3-%E3%82%B8%E3%83%A5%E3%83%8B%E3%82%A2%E3%82%B7%E3%83%BC%E3%83%88-%E3%82%B8%E3%83%A5%E3%83%8B%E3%82%A2%E3%83%97%E3%83%A9%E3%82%B9-%E3%83%A1%E3%83%88%E3%83%AD%E3%83%9D%E3%83%AA%E3%82%BF%E3%83%B3GR-3%E6%AD%B3%E9%A0%83%E3%81%8B%E3%82%89%E3%83%AD%E3%83%B3%E3%82%B0%E3%83%A6%E3%83%BC%E3%82%B9/dp/B000QFBX8W?_encoding=UTF8&psc=1
#45,"KJC エジソンママ (EDISONmama) フォーク&スプーン ケース付 キウイ&スカイ 1.5歳頃から対象
        ",https://www.amazon.co.jp/%E3%82%A8%E3%82%B8%E3%82%BD%E3%83%B3%E3%83%9E%E3%83%9E-EDISONmama-%E3%83%95%E3%82%A9%E3%83%BC%E3%82%AF-%E3%82%B9%E3%83%97%E3%83%BC%E3%83%B3-1-5%E6%AD%B3%E9%A0%83%E3%81%8B%E3%82%89%E5%AF%BE%E8%B1%A1/dp/B07CNHK3VP?_encoding=UTF8&psc=1
#46,"GRACO(グレコ) ジュニアシート コンパクトジュニア はたらくのりもの 67426
        ",https://www.amazon.co.jp/%E3%82%B0%E3%83%AC%E3%82%B3-%E3%82%B8%E3%83%A5%E3%83%8B%E3%82%A2%E3%82%B7%E3%83%BC%E3%83%88-%E3%82%B3%E3%83%B3%E3%83%91%E3%82%AF%E3%83%88%E3%82%B8%E3%83%A5%E3%83%8B%E3%82%A2-%E3%81%AF%E3%81%9F%E3%82%89%E3%81%8F%E3%81%AE%E3%82%8A%E3%82%82%E3%81%AE-67426/dp/B00HV4ABAC?_encoding=UTF8&psc=1
#47,"【Amazon.co.jp限定】 ピジョン 母乳パッド フィットアップ 126枚入 母乳育児をする多くのママに選ばれている母乳パッド マルチカラー 126枚入×2個 0か月~
        ",https://www.amazon.co.jp/%E3%80%90Amazon-co-jp%E9%99%90%E5%AE%9A%E3%80%91-%E3%83%94%E3%82%B8%E3%83%A7%E3%83%B3-%E3%83%95%E3%82%A3%E3%83%83%E3%83%88%E3%82%A2%E3%83%83%E3%83%97-%E6%AF%8D%E4%B9%B3%E8%82%B2%E5%85%90%E3%82%92%E3%81%99%E3%82%8B%E5%A4%9A%E3%81%8F%E3%81%AE%E3%83%9E%E3%83%9E%E3%81%AB%E9%81%B8%E3%81%B0%E3%82%8C%E3%81%A6%E3%81%84%E3%82%8B%E6%AF%8D%E4%B9%B3%E3%83%91%E3%83%83%E3%83%89-126%E6%9E%9A%E5%85%A5%C3%972%E5%80%8B/dp/B07Q6737BC?_encoding=UTF8&psc=1
#48,"ピジョン おしゃぶり Fun Friends 0-3ヵ月 / Sサイズ いちご柄 肌にやさしい シリコーン
        ",https://www.amazon.co.jp/%E3%83%94%E3%82%B8%E3%83%A7%E3%83%B3-%E3%81%8A%E3%81%97%E3%82%83%E3%81%B6%E3%82%8A-Friends-0-3%E3%83%B5%E6%9C%88-%E8%82%8C%E3%81%AB%E3%82%84%E3%81%95%E3%81%97%E3%81%84/dp/B084DNDN52?_encoding=UTF8&psc=1
#49,"Findbetter コーナーガード コーナークッション 全長5M+8個 強力両面テープ付き ベビーガード エコNBR素材 ハイハイして歩き方を覚え始め 衝撃吸収頭保護ケガ防止 机椅子家具 階段壁 ベビーベッド ガード 家内 保育園 幼稚園 安全対策 SGS国際検査済 日本語取付説明書付 ベビー用品 L型 グレー
        ",https://www.amazon.co.jp/Findbetter-%E3%82%B3%E3%83%BC%E3%83%8A%E3%83%BC%E3%82%AF%E3%83%83%E3%82%B7%E3%83%A7%E3%83%B3-%E5%BC%B7%E5%8A%9B%E4%B8%A1%E9%9D%A2%E3%83%86%E3%83%BC%E3%83%97%E4%BB%98%E3%81%8D-%E3%83%8F%E3%82%A4%E3%83%8F%E3%82%A4%E3%81%97%E3%81%A6%E6%AD%A9%E3%81%8D%E6%96%B9%E3%82%92%E8%A6%9A%E3%81%88%E5%A7%8B%E3%82%81-%E8%A1%9D%E6%92%83%E5%90%B8%E5%8F%8E%E9%A0%AD%E4%BF%9D%E8%AD%B7%E3%82%B1%E3%82%AC%E9%98%B2%E6%AD%A2/dp/B08LVN42PN?_encoding=UTF8&psc=1
#50,"ベビースマイル ロングシリコンノズル ボンジュール NP
        ",https://www.amazon.co.jp/%E3%83%99%E3%83%93%E3%83%BC%E3%82%B9%E3%83%9E%E3%82%A4%E3%83%AB-%E3%83%AD%E3%83%B3%E3%82%B0%E3%82%B7%E3%83%AA%E3%82%B3%E3%83%B3%E3%83%8E%E3%82%BA%E3%83%AB-%E3%83%9C%E3%83%B3%E3%82%B8%E3%83%A5%E3%83%BC%E3%83%AB-NP/dp/B081TFK6VX?_encoding=UTF8&psc=1
