#1,"Fate/Grand Carnival 1st Season(完全生産限定版) [Blu-ray]
        ",https://www.amazon.co.jp/Grand-Carnival-Season-%E5%AE%8C%E5%85%A8%E7%94%9F%E7%94%A3%E9%99%90%E5%AE%9A%E7%89%88-Blu-ray/dp/B08RBRF8BB?_encoding=UTF8&psc=1
#2,"Fate/Grand Carnival 2nd Season(完全生産限定版) [Blu-ray]
        ",https://www.amazon.co.jp/Grand-Carnival-Season-%E5%AE%8C%E5%85%A8%E7%94%9F%E7%94%A3%E9%99%90%E5%AE%9A%E7%89%88-Blu-ray/dp/B08RBRGL32?_encoding=UTF8&psc=1
#3,"TENET テネット ブルーレイ&DVDセット (3枚組/ボーナス・ディスク付) [Blu-ray]
        ",https://www.amazon.co.jp/TENET-%E3%83%96%E3%83%AB%E3%83%BC%E3%83%AC%E3%82%A4-DVD%E3%82%BB%E3%83%83%E3%83%88-%E3%83%9C%E3%83%BC%E3%83%8A%E3%82%B9%E3%83%BB%E3%83%87%E3%82%A3%E3%82%B9%E3%82%AF%E4%BB%98-Blu-ray/dp/B08NTMN1TC?_encoding=UTF8&psc=1
#4,"劇場版「Fate/stay night [Heaven's Feel]」III.spring song(完全生産限定版) [Blu-ray]
        ",https://www.amazon.co.jp/%E5%8A%87%E5%A0%B4%E7%89%88%E3%80%8CFate-Heavens-%E3%80%8DIII-spring-%E5%AE%8C%E5%85%A8%E7%94%9F%E7%94%A3%E9%99%90%E5%AE%9A%E7%89%88-Blu-ray/dp/B08P3R79M6?_encoding=UTF8&psc=1
#5,"(初回仕様)TENET テネット (4K ULTRA HD&ブルーレイセット)(3枚組/ボーナス・ディスク&ブックレット付)[4K ULTRA HD + Blu-ray]
        ",https://www.amazon.co.jp/TENET-%E3%83%96%E3%83%AB%E3%83%BC%E3%83%AC%E3%82%A4%E3%82%BB%E3%83%83%E3%83%88-%E3%83%9C%E3%83%BC%E3%83%8A%E3%82%B9%E3%83%BB%E3%83%87%E3%82%A3%E3%82%B9%E3%82%AF-%E3%83%96%E3%83%83%E3%82%AF%E3%83%AC%E3%83%83%E3%83%88%E4%BB%98-Blu-ray/dp/B08NSZ662M?_encoding=UTF8&psc=1
#6,"8th YEAR BIRTHDAY LIVE (完全生産限定盤) (Blu-ray) (特典なし)
        ",https://www.amazon.co.jp/YEAR-BIRTHDAY-LIVE-%E5%AE%8C%E5%85%A8%E7%94%9F%E7%94%A3%E9%99%90%E5%AE%9A%E7%9B%A4-Blu-ray/dp/B08N3GGQP7?_encoding=UTF8&psc=1
#7,"【Amazon.co.jp限定】逃げるは恥だが役に立つ ガンバレ人類! 新春スペシャル! ! (ミニポスター付) [Blu-ray]
        ",https://www.amazon.co.jp/%E3%80%90Amazon-co-jp%E9%99%90%E5%AE%9A%E3%80%91%E9%80%83%E3%81%92%E3%82%8B%E3%81%AF%E6%81%A5%E3%81%A0%E3%81%8C%E5%BD%B9%E3%81%AB%E7%AB%8B%E3%81%A4-%E3%82%AC%E3%83%B3%E3%83%90%E3%83%AC%E4%BA%BA%E9%A1%9E-%E6%96%B0%E6%98%A5%E3%82%B9%E3%83%9A%E3%82%B7%E3%83%A3%E3%83%AB-%E3%83%9F%E3%83%8B%E3%83%9D%E3%82%B9%E3%82%BF%E3%83%BC%E4%BB%98-Blu-ray/dp/B08RFBTMP7?_encoding=UTF8&psc=1
#8,"【Amazon.co.jp限定】劇場版「Fate/stay night [Heaven's Feel]」III.spring song(メーカー特典:「ジャケットイラスト使用A3クリアポスター」付)(オリジナル特典:「F3サイズキャラファインキャンバスアート」付)(完全生産限定版) [Blu-ray]
        ",https://www.amazon.co.jp/%E3%80%90Amazon-co-jp%E9%99%90%E5%AE%9A%E3%80%91%E5%8A%87%E5%A0%B4%E7%89%88%E3%80%8CFate-Heavens-%E3%80%8DIII-spring-%E3%83%A1%E3%83%BC%E3%82%AB%E3%83%BC%E7%89%B9%E5%85%B8-%E3%80%8C%E3%82%B8%E3%83%A3%E3%82%B1%E3%83%83%E3%83%88%E3%82%A4%E3%83%A9%E3%82%B9%E3%83%88%E4%BD%BF%E7%94%A8A3%E3%82%AF%E3%83%AA%E3%82%A2%E3%83%9D%E3%82%B9%E3%82%BF%E3%83%BC%E3%80%8D%E4%BB%98/dp/B08P3TSPV2?_encoding=UTF8&psc=1
#9,"東方神起 LIVE TOUR 2019 ~XV~ (Blu-ray2枚組)
        ",https://www.amazon.co.jp/%E6%9D%B1%E6%96%B9%E7%A5%9E%E8%B5%B7-LIVE-TOUR-2019-Blu-ray2%E6%9E%9A%E7%B5%84/dp/B08R9SZ1DW?_encoding=UTF8&psc=1
#10,"蒼穹のファフナー THE BEYOND 3 Blu-ray
        ",https://www.amazon.co.jp/%E8%92%BC%E7%A9%B9%E3%81%AE%E3%83%95%E3%82%A1%E3%83%95%E3%83%8A%E3%83%BC-BEYOND-3-Blu-ray-%E5%96%9C%E5%AE%89%E6%B5%A9%E5%B9%B3/dp/B08R18NGJZ?_encoding=UTF8&psc=1
#11,"ARASHI Anniversary Tour 5×20(Blu-ray)(通常仕様)
        ",https://www.amazon.co.jp/ARASHI-Anniversary-Tour-5%C3%9720-Blu-ray/dp/B08F57M2KY?_encoding=UTF8&psc=1
#12,"Kis-My-Ft2 LIVE TOUR 2020 To-y2 (初回盤DVD)【DVD3枚組】
        ",https://www.amazon.co.jp/Kis-My-Ft2-LIVE-TOUR-%E5%88%9D%E5%9B%9E%E7%9B%A4DVD-%E3%80%90DVD3%E6%9E%9A%E7%B5%84%E3%80%91/dp/B08NWKMHKK?_encoding=UTF8&psc=1
#13,"僕たちの嘘と真実 Documentary of 欅坂46 Blu-rayコンプリートBOX(4枚組)(完全生産限定盤)
        ",https://www.amazon.co.jp/%E5%83%95%E3%81%9F%E3%81%A1%E3%81%AE%E5%98%98%E3%81%A8%E7%9C%9F%E5%AE%9F-Documentary-%E6%AC%85%E5%9D%8246-Blu-ray%E3%82%B3%E3%83%B3%E3%83%97%E3%83%AA%E3%83%BC%E3%83%88BOX-%E5%AE%8C%E5%85%A8%E7%94%9F%E7%94%A3%E9%99%90%E5%AE%9A%E7%9B%A4/dp/B08P63GKRW?_encoding=UTF8&psc=1
#14,"ARASHI Anniversary Tour 5×20(DVD)(通常仕様)
        ",https://www.amazon.co.jp/ARASHI-Anniversary-Tour-5%C3%9720-%E9%80%9A%E5%B8%B8%E4%BB%95%E6%A7%98/dp/B08F57KN2G?_encoding=UTF8&psc=1
#15,"劇場版SHIROBAKO 豪華版 [Blu-ray]
        ",https://www.amazon.co.jp/%E5%8A%87%E5%A0%B4%E7%89%88SHIROBAKO-%E8%B1%AA%E8%8F%AF%E7%89%88-Blu-ray-%E6%9C%A8%E6%9D%91%E7%8F%A0%E8%8E%89/dp/B08HCYY7Y9?_encoding=UTF8&psc=1
#16,"【Amazon.co.jp限定】Fate/Grand Carnival 1st/2nd Season 購入セット(Season1,2連動購入メーカー特典:「描き下ろしクッションカバー」付)(Season1,2連動購入オリジナル特典:「描き下ろしB2タペストリー」付)(完全生産限定版) [Blu-ray]
        ",https://www.amazon.co.jp/%E3%80%90Amazon-co-jp%E9%99%90%E5%AE%9A%E3%80%91Fate-Carnival-Season-Season1-2%E9%80%A3%E5%8B%95%E8%B3%BC%E5%85%A5%E3%83%A1%E3%83%BC%E3%82%AB%E3%83%BC%E7%89%B9%E5%85%B8/dp/B08RCHWKSB?_encoding=UTF8&psc=1
#17,"【Amazon.co.jp限定】「天気の子」Blu-rayスタンダード・エディション(Amazon.co.jp限定:メガジャケ+アンブレラマーカー付)
        ",https://www.amazon.co.jp/%E3%80%90Amazon-co-jp%E9%99%90%E5%AE%9A%E3%80%91%E3%80%8C%E5%A4%A9%E6%B0%97%E3%81%AE%E5%AD%90%E3%80%8DBlu-ray%E3%82%B9%E3%82%BF%E3%83%B3%E3%83%80%E3%83%BC%E3%83%89%E3%83%BB%E3%82%A8%E3%83%87%E3%82%A3%E3%82%B7%E3%83%A7%E3%83%B3-Amazon-co-jp%E9%99%90%E5%AE%9A-%E3%83%A1%E3%82%AC%E3%82%B8%E3%83%A3%E3%82%B1-%E3%82%A2%E3%83%B3%E3%83%96%E3%83%AC%E3%83%A9%E3%83%9E%E3%83%BC%E3%82%AB%E3%83%BC%E4%BB%98-%E9%86%8D%E9%86%90%E8%99%8E%E6%B1%B0%E6%9C%97/dp/B08D1GL3GD?_encoding=UTF8&psc=1
#18,"【Amazon.co.jp限定】3年目のデビュー (Blu-ray) (ビジュアルシート付)
        ",https://www.amazon.co.jp/%E3%80%90Amazon-co-jp%E9%99%90%E5%AE%9A%E3%80%913%E5%B9%B4%E7%9B%AE%E3%81%AE%E3%83%87%E3%83%93%E3%83%A5%E3%83%BC-Blu-ray-%E3%83%93%E3%82%B8%E3%83%A5%E3%82%A2%E3%83%AB%E3%82%B7%E3%83%BC%E3%83%88%E4%BB%98-%E6%97%A5%E5%90%91%E5%9D%8246/dp/B08MWSFCJ7?_encoding=UTF8&psc=1
#19,"「恋はつづくよどこまでも」DVD-BOX
        ",https://www.amazon.co.jp/%E3%80%8C%E6%81%8B%E3%81%AF%E3%81%A4%E3%81%A5%E3%81%8F%E3%82%88%E3%81%A9%E3%81%93%E3%81%BE%E3%81%A7%E3%82%82%E3%80%8DDVD-BOX-%E4%B8%8A%E7%99%BD%E7%9F%B3%E8%90%8C%E9%9F%B3/dp/B085WJ4CS9?_encoding=UTF8&psc=1
#20,"窮鼠はチーズの夢を見る 豪華版 (Blu-ray Disc)
        ",https://www.amazon.co.jp/%E7%AA%AE%E9%BC%A0%E3%81%AF%E3%83%81%E3%83%BC%E3%82%BA%E3%81%AE%E5%A4%A2%E3%82%92%E8%A6%8B%E3%82%8B-%E8%B1%AA%E8%8F%AF%E7%89%88-Blu-ray-Disc-%E5%A4%A7%E5%80%89%E5%BF%A0%E7%BE%A9/dp/B08R6MT163?_encoding=UTF8&psc=1
#21,"MIU404 ディレクターズカット版 DVD-BOX
        ",https://www.amazon.co.jp/MIU404-%E3%83%87%E3%82%A3%E3%83%AC%E3%82%AF%E3%82%BF%E3%83%BC%E3%82%BA%E3%82%AB%E3%83%83%E3%83%88%E7%89%88-DVD-BOX-%E7%B6%BE%E9%87%8E%E5%89%9B/dp/B08H5Z6RJ3?_encoding=UTF8&psc=1
#22,"【Amazon.co.jp限定】ラブライブ! 虹ヶ咲学園スクールアイドル同好会 2 (特装限定版)(全巻購入特典:録り下ろしドラマCD引換シリアルコード付)(メーカー特典:虹ヶ咲学園学生証付) [Blu-ray]
        ",https://www.amazon.co.jp/%E3%80%90Amazon-co-jp%E9%99%90%E5%AE%9A%E3%80%91%E3%83%A9%E3%83%96%E3%83%A9%E3%82%A4%E3%83%96-%E8%99%B9%E3%83%B6%E5%92%B2%E5%AD%A6%E5%9C%92%E3%82%B9%E3%82%AF%E3%83%BC%E3%83%AB%E3%82%A2%E3%82%A4%E3%83%89%E3%83%AB%E5%90%8C%E5%A5%BD%E4%BC%9A-%E7%89%B9%E8%A3%85%E9%99%90%E5%AE%9A%E7%89%88-%E5%85%A8%E5%B7%BB%E8%B3%BC%E5%85%A5%E7%89%B9%E5%85%B8-%E9%8C%B2%E3%82%8A%E4%B8%8B%E3%82%8D%E3%81%97%E3%83%89%E3%83%A9%E3%83%9ECD%E5%BC%95%E6%8F%9B%E3%82%B7%E3%83%AA%E3%82%A2%E3%83%AB%E3%82%B3%E3%83%BC%E3%83%89%E4%BB%98/dp/B08KFCWLKB?_encoding=UTF8&psc=1
#23,"3年目のデビュー (Blu-ray) (特典なし)
        ",https://www.amazon.co.jp/3%E5%B9%B4%E7%9B%AE%E3%81%AE%E3%83%87%E3%83%93%E3%83%A5%E3%83%BC-Blu-ray-%E7%89%B9%E5%85%B8%E3%81%AA%E3%81%97-%E6%97%A5%E5%90%91%E5%9D%8246/dp/B08MSHCJKG?_encoding=UTF8&psc=1
#24,"『絵馬に願ひを! 』(Prologue Edition)(特典なし) [Blu-ray]
        ",https://www.amazon.co.jp/%E3%80%8E%E7%B5%B5%E9%A6%AC%E3%81%AB%E9%A1%98%E3%81%B2%E3%82%92-%E3%80%8F-Prologue-%E7%89%B9%E5%85%B8%E3%81%AA%E3%81%97-Blu-ray/dp/B08N72KJ7Y?_encoding=UTF8&psc=1
#25,"Kis-My-Ft2 LIVE TOUR 2020 To-y2 (初回盤Blu-ray)【Blu-ray Disc2枚組】
        ",https://www.amazon.co.jp/Kis-My-Ft2-LIVE-%E5%88%9D%E5%9B%9E%E7%9B%A4Blu-ray-%E3%80%90Blu-ray-Disc2%E6%9E%9A%E7%B5%84%E3%80%91/dp/B08NWHZVX6?_encoding=UTF8&psc=1
#26,"MIU404 ディレクターズカット版 Blu-ray BOX
        ",https://www.amazon.co.jp/MIU404-%E3%83%87%E3%82%A3%E3%83%AC%E3%82%AF%E3%82%BF%E3%83%BC%E3%82%BA%E3%82%AB%E3%83%83%E3%83%88%E7%89%88-Blu-ray-BOX-%E7%B6%BE%E9%87%8E%E5%89%9B/dp/B08H61FNVW?_encoding=UTF8&psc=1
#27,"【Amazon.co.jp限定】「スパイの妻<劇場版>」Blu-ray豪華版 ※特典:ビジュアルシート+ポストカード(4枚組)
        ",https://www.amazon.co.jp/%E3%80%90Amazon-co-jp%E9%99%90%E5%AE%9A%E3%80%91%E3%80%8C%E3%82%B9%E3%83%91%E3%82%A4%E3%81%AE%E5%A6%BB-%E5%8A%87%E5%A0%B4%E7%89%88-%E3%80%8DBlu-ray%E8%B1%AA%E8%8F%AF%E7%89%88-%E2%80%BB%E7%89%B9%E5%85%B8-%E3%83%93%E3%82%B8%E3%83%A5%E3%82%A2%E3%83%AB%E3%82%B7%E3%83%BC%E3%83%88/dp/B08RFS523Z?_encoding=UTF8&psc=1
#28,"呪術廻戦 Vol.1 Blu-ray (初回生産限定版)
        ",https://www.amazon.co.jp/%E5%91%AA%E8%A1%93%E5%BB%BB%E6%88%A6-Vol-1-Blu-ray-%E5%88%9D%E5%9B%9E%E7%94%9F%E7%94%A3%E9%99%90%E5%AE%9A%E7%89%88-%E6%A6%8E%E6%9C%A8%E6%B7%B3%E5%BC%A5/dp/B08K9P8TZS?_encoding=UTF8&psc=1
#29,"逃げるは恥だが役に立つ ガンバレ人類! 新春スペシャル! ! [Blu-ray]
        ",https://www.amazon.co.jp/%E9%80%83%E3%81%92%E3%82%8B%E3%81%AF%E6%81%A5%E3%81%A0%E3%81%8C%E5%BD%B9%E3%81%AB%E7%AB%8B%E3%81%A4-%E3%82%AC%E3%83%B3%E3%83%90%E3%83%AC%E4%BA%BA%E9%A1%9E-%E6%96%B0%E6%98%A5%E3%82%B9%E3%83%9A%E3%82%B7%E3%83%A3%E3%83%AB-Blu-ray-%E6%96%B0%E5%9E%A3%E7%B5%90%E8%A1%A3/dp/B08R9PT4B8?_encoding=UTF8&psc=1
#30,"新作歌舞伎『風の谷のナウシカ』 [Blu-ray]
        ",https://www.amazon.co.jp/%E6%96%B0%E4%BD%9C%E6%AD%8C%E8%88%9E%E4%BC%8E%E3%80%8E%E9%A2%A8%E3%81%AE%E8%B0%B7%E3%81%AE%E3%83%8A%E3%82%A6%E3%82%B7%E3%82%AB%E3%80%8F-Blu-ray-%E5%B0%BE%E4%B8%8A%E8%8F%8A%E4%B9%8B%E5%8A%A9/dp/B08LR3SWJX?_encoding=UTF8&psc=1
#31,"映画ドラえもん のび太の新恐竜 DVD通常版(特典なし)
        ",https://www.amazon.co.jp/%E6%98%A0%E7%94%BB%E3%83%89%E3%83%A9%E3%81%88%E3%82%82%E3%82%93-%E3%81%AE%E3%81%B3%E5%A4%AA%E3%81%AE%E6%96%B0%E6%81%90%E7%AB%9C-DVD%E9%80%9A%E5%B8%B8%E7%89%88-%E7%89%B9%E5%85%B8%E3%81%AA%E3%81%97-%E6%B0%B4%E7%94%B0%E3%82%8F%E3%81%95%E3%81%B3/dp/B08N6NYZ3T?_encoding=UTF8&psc=1
#32,"ゼロワン Others 仮面ライダー滅亡迅雷 マスブレインゼツメライズキー&滅亡迅雷ドライバーユニット版(初回生産限定) [Blu-ray]
        ",https://www.amazon.co.jp/Others-%E4%BB%AE%E9%9D%A2%E3%83%A9%E3%82%A4%E3%83%80%E3%83%BC%E6%BB%85%E4%BA%A1%E8%BF%85%E9%9B%B7-%E3%83%9E%E3%82%B9%E3%83%96%E3%83%AC%E3%82%A4%E3%83%B3%E3%82%BC%E3%83%84%E3%83%A1%E3%83%A9%E3%82%A4%E3%82%BA%E3%82%AD%E3%83%BC-%E6%BB%85%E4%BA%A1%E8%BF%85%E9%9B%B7%E3%83%89%E3%83%A9%E3%82%A4%E3%83%90%E3%83%BC%E3%83%A6%E3%83%8B%E3%83%83%E3%83%88%E7%89%88-Blu-ray/dp/B08QSKDJL4?_encoding=UTF8&psc=1
#33,"2分の1の魔法 MovieNEX [ブルーレイ+DVD+デジタルコピー+MovieNEXワールド] [Blu-ray]
        ",https://www.amazon.co.jp/2%E5%88%86%E3%81%AE1%E3%81%AE%E9%AD%94%E6%B3%95-MovieNEX-%E3%83%87%E3%82%B8%E3%82%BF%E3%83%AB%E3%82%B3%E3%83%94%E3%83%BC-MovieNEX%E3%83%AF%E3%83%BC%E3%83%AB%E3%83%89-Blu-ray/dp/B08KY995TQ?_encoding=UTF8&psc=1
#34,"「天気の子」Blu-rayスタンダード・エディション
        ",https://www.amazon.co.jp/%E3%80%8C%E5%A4%A9%E6%B0%97%E3%81%AE%E5%AD%90%E3%80%8DBlu-ray%E3%82%B9%E3%82%BF%E3%83%B3%E3%83%80%E3%83%BC%E3%83%89%E3%83%BB%E3%82%A8%E3%83%87%E3%82%A3%E3%82%B7%E3%83%A7%E3%83%B3-%E9%86%8D%E9%86%90%E8%99%8E%E6%B1%B0%E6%9C%97/dp/B0832JBSCQ?_encoding=UTF8&psc=1
#35,"「天気の子」DVDスタンダード・エディション
        ",https://www.amazon.co.jp/%E3%80%8C%E5%A4%A9%E6%B0%97%E3%81%AE%E5%AD%90%E3%80%8DDVD%E3%82%B9%E3%82%BF%E3%83%B3%E3%83%80%E3%83%BC%E3%83%89%E3%83%BB%E3%82%A8%E3%83%87%E3%82%A3%E3%82%B7%E3%83%A7%E3%83%B3-%E9%86%8D%E9%86%90%E8%99%8E%E6%B1%B0%E6%9C%97/dp/B0832L74K4?_encoding=UTF8&psc=1
#36,"ゲームセンターCX DVD-BOX17
        ",https://www.amazon.co.jp/%E3%82%B2%E3%83%BC%E3%83%A0%E3%82%BB%E3%83%B3%E3%82%BF%E3%83%BCCX-DVD-BOX17-%E6%9C%89%E9%87%8E%E6%99%8B%E5%93%89-%E3%82%88%E3%82%90%E3%81%93/dp/B08G8LJ1T4?_encoding=UTF8&psc=1
#37,"アナと雪の女王２ [DVD]
        ",https://www.amazon.co.jp/%E3%82%A2%E3%83%8A%E3%81%A8%E9%9B%AA%E3%81%AE%E5%A5%B3%E7%8E%8B%EF%BC%92-DVD-%E3%83%87%E3%82%A3%E3%82%BA%E3%83%8B%E3%83%BC/dp/B0859QW8XT?_encoding=UTF8&psc=1
#38,"東方神起 LIVE TOUR 2019 ~XV~ (DVD2枚組)
        ",https://www.amazon.co.jp/%E6%9D%B1%E6%96%B9%E7%A5%9E%E8%B5%B7-LIVE-TOUR-2019-DVD2%E6%9E%9A%E7%B5%84/dp/B08R9MQDN2?_encoding=UTF8&psc=1
#39,"プリンセスコネクト! Re:Dive 4 [Blu-ray]
        ",https://www.amazon.co.jp/%E3%83%97%E3%83%AA%E3%83%B3%E3%82%BB%E3%82%B9%E3%82%B3%E3%83%8D%E3%82%AF%E3%83%88-Re-Dive-4-Blu-ray/dp/B088HL7Y32?_encoding=UTF8&psc=1
#40,"5×20 All the BEST!! CLIPS 1999-2019 (初回限定盤) [Blu-ray]
        ",https://www.amazon.co.jp/5%C3%9720-CLIPS-1999-2019-%E5%88%9D%E5%9B%9E%E9%99%90%E5%AE%9A%E7%9B%A4-Blu-ray/dp/B07WC85YPQ?_encoding=UTF8&psc=1
#41,"スター・ウォーズ/スカイウォーカーの夜明け MovieNEX [ブルーレイ+DVD+デジタルコピー+MovieNEXワールド] [Blu-ray]
        ",https://www.amazon.co.jp/%E3%82%B9%E3%82%BF%E3%83%BC%E3%83%BB%E3%82%A6%E3%82%A9%E3%83%BC%E3%82%BA-%E3%82%B9%E3%82%AB%E3%82%A4%E3%82%A6%E3%82%A9%E3%83%BC%E3%82%AB%E3%83%BC%E3%81%AE%E5%A4%9C%E6%98%8E%E3%81%91-MovieNEX-%E3%83%87%E3%82%B8%E3%82%BF%E3%83%AB%E3%82%B3%E3%83%94%E3%83%BC-MovieNEX%E3%83%AF%E3%83%BC%E3%83%AB%E3%83%89/dp/B0851YN27Z?_encoding=UTF8&psc=1
#42,"【メーカー特典あり】LIVE For the 25th anniversary(Blu-ray2枚組)(初回盤A)(外付け特典あり:内容未定(A))
        ",https://www.amazon.co.jp/%E3%80%90%E3%83%A1%E3%83%BC%E3%82%AB%E3%83%BC%E7%89%B9%E5%85%B8%E3%81%82%E3%82%8A%E3%80%91LIVE-25th-anniversary-Blu-ray2%E6%9E%9A%E7%B5%84-%E5%A4%96%E4%BB%98%E3%81%91%E7%89%B9%E5%85%B8%E3%81%82%E3%82%8A/dp/B08QP88BQ4?_encoding=UTF8&psc=1
#43,"劇場版「Fate/stay night [Heaven's Feel]」III.spring song(通常版) [Blu-ray]
        ",https://www.amazon.co.jp/%E5%8A%87%E5%A0%B4%E7%89%88%E3%80%8CFate-night-Heavens-%E3%80%8DIII-spring-Blu-ray/dp/B08P3PZS8M?_encoding=UTF8&psc=1
#44,"ARASHI Anniversary Tour 5×20(Blu-ray)(初回仕様)
        ",https://www.amazon.co.jp/ARASHI-Anniversary-Tour-5%C3%9720-Blu-ray/dp/B08F57J389?_encoding=UTF8&psc=1
#45,"「今日から俺は!!劇場版」[DVD通常版]
        ",https://www.amazon.co.jp/%E3%80%8C%E4%BB%8A%E6%97%A5%E3%81%8B%E3%82%89%E4%BF%BA%E3%81%AF-%E5%8A%87%E5%A0%B4%E7%89%88%E3%80%8D-DVD%E9%80%9A%E5%B8%B8%E7%89%88-%E8%B3%80%E6%9D%A5%E8%B3%A2%E4%BA%BA/dp/B08NQ1HFYH?_encoding=UTF8&psc=1
#46,"真夜中の五分前 [DVD]
        ",https://www.amazon.co.jp/%E7%9C%9F%E5%A4%9C%E4%B8%AD%E3%81%AE%E4%BA%94%E5%88%86%E5%89%8D-DVD-%E4%B8%89%E6%B5%A6%E6%98%A5%E9%A6%AC/dp/B00UUTG8CA?_encoding=UTF8&psc=1
#47,"【Amazon.co.jp限定】「天気の子」Blu-rayコレクターズ・エディション 4K Ultra HD Blu-ray同梱5枚組【初回生産限定】(Amazon.co.jp限定:メガジャケ+アンブレラマーカー付)
        ",https://www.amazon.co.jp/%E3%80%90Amazon-co-jp%E9%99%90%E5%AE%9A%E3%80%91%E3%80%8C%E5%A4%A9%E6%B0%97%E3%81%AE%E5%AD%90%E3%80%8DBlu-ray%E3%82%B3%E3%83%AC%E3%82%AF%E3%82%BF%E3%83%BC%E3%82%BA%E3%83%BB%E3%82%A8%E3%83%87%E3%82%A3%E3%82%B7%E3%83%A7%E3%83%B3-Ultra-Blu-ray%E5%90%8C%E6%A2%B15%E6%9E%9A%E7%B5%84%E3%80%90%E5%88%9D%E5%9B%9E%E7%94%9F%E7%94%A3%E9%99%90%E5%AE%9A%E3%80%91-Amazon-co-jp%E9%99%90%E5%AE%9A-%E3%82%A2%E3%83%B3%E3%83%96%E3%83%AC%E3%83%A9%E3%83%9E%E3%83%BC%E3%82%AB%E3%83%BC%E4%BB%98/dp/B08D1FMN8B?_encoding=UTF8&psc=1
#48,"BTS WORLD TOUR 'LOVE YOURSELF' JAPAN EDITION(通常盤)[DVD]
        ",https://www.amazon.co.jp/WORLD-TOUR-LOVE-YOURSELF-%EF%BD%9EJAPAN/dp/B07VNQV89S?_encoding=UTF8&psc=1
#49,"プリンセスコネクト! Re:Dive 1 [Blu-ray]
        ",https://www.amazon.co.jp/%E3%83%97%E3%83%AA%E3%83%B3%E3%82%BB%E3%82%B9%E3%82%B3%E3%83%8D%E3%82%AF%E3%83%88-Re-Dive-1-Blu-ray/dp/B088HKSXTY?_encoding=UTF8&psc=1
#50,"【Amazon.co.jp限定】ラブライブ! 虹ヶ咲学園スクールアイドル同好会 3 (特装限定版)(全巻購入特典:録り下ろしドラマCD引換シリアルコード付)(メーカー特典:虹ヶ咲学園学生証付) [Blu-ray]
        ",https://www.amazon.co.jp/%E3%80%90Amazon-co-jp%E9%99%90%E5%AE%9A%E3%80%91%E3%83%A9%E3%83%96%E3%83%A9%E3%82%A4%E3%83%96-%E8%99%B9%E3%83%B6%E5%92%B2%E5%AD%A6%E5%9C%92%E3%82%B9%E3%82%AF%E3%83%BC%E3%83%AB%E3%82%A2%E3%82%A4%E3%83%89%E3%83%AB%E5%90%8C%E5%A5%BD%E4%BC%9A-%E7%89%B9%E8%A3%85%E9%99%90%E5%AE%9A%E7%89%88-%E5%85%A8%E5%B7%BB%E8%B3%BC%E5%85%A5%E7%89%B9%E5%85%B8-%E9%8C%B2%E3%82%8A%E4%B8%8B%E3%82%8D%E3%81%97%E3%83%89%E3%83%A9%E3%83%9ECD%E5%BC%95%E6%8F%9B%E3%82%B7%E3%83%AA%E3%82%A2%E3%83%AB%E3%82%B3%E3%83%BC%E3%83%89%E4%BB%98/dp/B08KFCN82M?_encoding=UTF8&psc=1
