#1,"人は話し方が9割
        ",https://www.amazon.co.jp/%E4%BA%BA%E3%81%AF%E8%A9%B1%E3%81%97%E6%96%B9%E3%81%8C9%E5%89%B2-%E6%B0%B8%E6%9D%BE-%E8%8C%82%E4%B9%85-ebook/dp/B07VQSHN1H?_encoding=UTF8&psc=1
#2,"科学的な適職
        ",https://www.amazon.co.jp/%E7%A7%91%E5%AD%A6%E7%9A%84%E3%81%AA%E9%81%A9%E8%81%B7-%E9%88%B4%E6%9C%A8%E7%A5%90-ebook/dp/B082NWJHND?_encoding=UTF8&psc=1
#3,"習慣が10割
        ",https://www.amazon.co.jp/%E7%BF%92%E6%85%A3%E3%81%8C10%E5%89%B2-%E5%90%89%E4%BA%95-%E9%9B%85%E4%B9%8B-ebook/dp/B07HQ41FSN?_encoding=UTF8&psc=1
#4,"１日１ページ、読むだけで身につく世界の教養３６５
        ",https://www.amazon.co.jp/%EF%BC%91%E6%97%A5%EF%BC%91%E3%83%9A%E3%83%BC%E3%82%B8%E3%80%81%E8%AA%AD%E3%82%80%E3%81%A0%E3%81%91%E3%81%A7%E8%BA%AB%E3%81%AB%E3%81%A4%E3%81%8F%E4%B8%96%E7%95%8C%E3%81%AE%E6%95%99%E9%A4%8A%EF%BC%93%EF%BC%96%EF%BC%95-%E3%83%87%E3%82%A4%E3%83%B4%E3%82%A3%E3%83%83%E3%83%89%E3%83%BB%EF%BC%B3%E3%83%BB%E3%82%AD%E3%83%80%E3%83%BC-ebook/dp/B07CG48HYS?_encoding=UTF8&psc=1
#5,"最高の体調 ACTIVE HEALTH
        ",https://www.amazon.co.jp/%E6%9C%80%E9%AB%98%E3%81%AE%E4%BD%93%E8%AA%BF-ACTIVE-HEALTH-%E9%88%B4%E6%9C%A8%E7%A5%90-ebook/dp/B07FX9V6PJ?_encoding=UTF8&psc=1
#6,"図解・最新　難しいことはわかりませんが、お金の増やし方を教えてください！
        ",https://www.amazon.co.jp/%E5%9B%B3%E8%A7%A3%E3%83%BB%E6%9C%80%E6%96%B0-%E9%9B%A3%E3%81%97%E3%81%84%E3%81%93%E3%81%A8%E3%81%AF%E3%82%8F%E3%81%8B%E3%82%8A%E3%81%BE%E3%81%9B%E3%82%93%E3%81%8C%E3%80%81%E3%81%8A%E9%87%91%E3%81%AE%E5%A2%97%E3%82%84%E3%81%97%E6%96%B9%E3%82%92%E6%95%99%E3%81%88%E3%81%A6%E3%81%8F%E3%81%A0%E3%81%95%E3%81%84%EF%BC%81-%E5%B1%B1%E5%B4%8E%E5%85%83-ebook/dp/B077F4SK36?_encoding=UTF8&psc=1
#7,"コミュ障でも５分で増やせる超人脈術
        ",https://www.amazon.co.jp/%E3%82%B3%E3%83%9F%E3%83%A5%E9%9A%9C%E3%81%A7%E3%82%82%EF%BC%95%E5%88%86%E3%81%A7%E5%A2%97%E3%82%84%E3%81%9B%E3%82%8B%E8%B6%85%E4%BA%BA%E8%84%88%E8%A1%93-%E3%83%A1%E3%83%B3%E3%82%BF%E3%83%AA%E3%82%B9%E3%83%88%EF%BC%A4%EF%BD%81%EF%BD%89%EF%BC%A7%EF%BD%8F-ebook/dp/B07PRRQ2H3?_encoding=UTF8&psc=1
#8,"ふしぎ駄菓子屋銭天堂
        ",https://www.amazon.co.jp/%E3%81%B5%E3%81%97%E3%81%8E%E9%A7%84%E8%8F%93%E5%AD%90%E5%B1%8B-%E9%8A%AD%E5%A4%A9%E5%A0%82-1-%E5%BB%A3%E5%B6%8B%E7%8E%B2%E5%AD%90-ebook/dp/B07M9MCWFG?_encoding=UTF8&psc=1
#9,"夢をかなえるゾウ１
        ",https://www.amazon.co.jp/%E5%A4%A2%E3%82%92%E3%81%8B%E3%81%AA%E3%81%88%E3%82%8B%E3%82%BE%E3%82%A6-%E6%B0%B4%E9%87%8E%E6%95%AC%E4%B9%9F-ebook/dp/B00CHIL9JO?_encoding=UTF8&psc=1
#10,"自分を操る超集中力
        ",https://www.amazon.co.jp/%E8%87%AA%E5%88%86%E3%82%92%E6%93%8D%E3%82%8B%E8%B6%85%E9%9B%86%E4%B8%AD%E5%8A%9B-%E3%83%A1%E3%83%B3%E3%82%BF%E3%83%AA%E3%82%B9%E3%83%88%EF%BC%A4%EF%BD%81%EF%BD%89%EF%BC%A7%EF%BD%8F-ebook/dp/B01FLFFF2Q?_encoding=UTF8&psc=1
#11,"iPadはかどる! 仕事技2021(全iPad・iPadOS 14対応/リモートワークにも最適な仕事技が満載)
        ",https://www.amazon.co.jp/iPad%E3%81%AF%E3%81%8B%E3%81%A9%E3%82%8B-%E4%BB%95%E4%BA%8B%E6%8A%802021-%E5%85%A8iPad%E3%83%BBiPadOS-14%E5%AF%BE%E5%BF%9C-%E3%83%AA%E3%83%A2%E3%83%BC%E3%83%88%E3%83%AF%E3%83%BC%E3%82%AF%E3%81%AB%E3%82%82%E6%9C%80%E9%81%A9%E3%81%AA%E4%BB%95%E4%BA%8B%E6%8A%80%E3%81%8C%E6%BA%80%E8%BC%89-ebook/dp/B08KVV6QDW?_encoding=UTF8&psc=1
#12,"【最高傑作】今晩絶対にシたくなる！実録エロ体験談: ※過激すぎてベッドの中で読むしかない！？
        ",https://www.amazon.co.jp/%E3%80%90%E6%9C%80%E9%AB%98%E5%82%91%E4%BD%9C%E3%80%91%E4%BB%8A%E6%99%A9%E7%B5%B6%E5%AF%BE%E3%81%AB%E3%82%B7%E3%81%9F%E3%81%8F%E3%81%AA%E3%82%8B%EF%BC%81%E5%AE%9F%E9%8C%B2%E3%82%A8%E3%83%AD%E4%BD%93%E9%A8%93%E8%AB%87-%E2%80%BB%E9%81%8E%E6%BF%80%E3%81%99%E3%81%8E%E3%81%A6%E3%83%99%E3%83%83%E3%83%89%E3%81%AE%E4%B8%AD%E3%81%A7%E8%AA%AD%E3%82%80%E3%81%97%E3%81%8B%E3%81%AA%E3%81%84%EF%BC%81%EF%BC%9F-%E3%81%8E%E3%82%8A%E3%81%8E%E3%82%8A%E5%87%BA%E7%89%88%E7%A4%BE-ebook/dp/B08RNN1T1J?_encoding=UTF8&psc=1
#13,"世界一やさしい「やりたいこと」の見つけ方　人生のモヤモヤから解放される自己理解メソッド
        ",https://www.amazon.co.jp/%E4%B8%96%E7%95%8C%E4%B8%80%E3%82%84%E3%81%95%E3%81%97%E3%81%84%E3%80%8C%E3%82%84%E3%82%8A%E3%81%9F%E3%81%84%E3%81%93%E3%81%A8%E3%80%8D%E3%81%AE%E8%A6%8B%E3%81%A4%E3%81%91%E6%96%B9-%E4%BA%BA%E7%94%9F%E3%81%AE%E3%83%A2%E3%83%A4%E3%83%A2%E3%83%A4%E3%81%8B%E3%82%89%E8%A7%A3%E6%94%BE%E3%81%95%E3%82%8C%E3%82%8B%E8%87%AA%E5%B7%B1%E7%90%86%E8%A7%A3%E3%83%A1%E3%82%BD%E3%83%83%E3%83%89-%E5%85%AB%E6%9C%A8-%E4%BB%81%E5%B9%B3-ebook/dp/B088LWL4G2?_encoding=UTF8&psc=1
#14,"数秘術で占う　３６６日誕生日全書
        ",https://www.amazon.co.jp/%E6%95%B0%E7%A7%98%E8%A1%93%E3%81%A7%E5%8D%A0%E3%81%86-%EF%BC%93%EF%BC%96%EF%BC%96%E6%97%A5%E8%AA%95%E7%94%9F%E6%97%A5%E5%85%A8%E6%9B%B8-%E3%81%AF%E3%81%A5%E3%81%8D-%E8%99%B9%E6%98%A0-ebook/dp/B07QKJ9LHW?_encoding=UTF8&psc=1
#15,"SDGsが生み出す未来のビジネス（できるビジネス） できるビジネスシリーズ
        ",https://www.amazon.co.jp/SDGs%E3%81%8C%E7%94%9F%E3%81%BF%E5%87%BA%E3%81%99%E6%9C%AA%E6%9D%A5%E3%81%AE%E3%83%93%E3%82%B8%E3%83%8D%E3%82%B9%EF%BC%88%E3%81%A7%E3%81%8D%E3%82%8B%E3%83%93%E3%82%B8%E3%83%8D%E3%82%B9%EF%BC%89-%E3%81%A7%E3%81%8D%E3%82%8B%E3%83%93%E3%82%B8%E3%83%8D%E3%82%B9%E3%82%B7%E3%83%AA%E3%83%BC%E3%82%BA-%E6%B0%B4%E9%87%8E%E9%9B%85%E5%BC%98-ebook/dp/B08B7YR9BJ?_encoding=UTF8&psc=1
#16,"多動力 (幻冬舎文庫)
        ",https://www.amazon.co.jp/%E5%A4%9A%E5%8B%95%E5%8A%9B-%E5%B9%BB%E5%86%AC%E8%88%8E%E6%96%87%E5%BA%AB-%E5%A0%80%E6%B1%9F%E8%B2%B4%E6%96%87-ebook/dp/B07PWM93DN?_encoding=UTF8&psc=1
#17,"うまくいっている人の考え方　完全版 (ディスカヴァー携書)
        ",https://www.amazon.co.jp/%E3%81%86%E3%81%BE%E3%81%8F%E3%81%84%E3%81%A3%E3%81%A6%E3%81%84%E3%82%8B%E4%BA%BA%E3%81%AE%E8%80%83%E3%81%88%E6%96%B9-%E5%AE%8C%E5%85%A8%E7%89%88-%E3%83%87%E3%82%A3%E3%82%B9%E3%82%AB%E3%83%B4%E3%82%A1%E3%83%BC%E6%90%BA%E6%9B%B8-%E3%82%B8%E3%82%A7%E3%83%AA%E3%83%BC%E3%83%BB%E3%83%9F%E3%83%B3%E3%83%81%E3%83%B3%E3%83%88%E3%83%B3-ebook/dp/B00CPLJK62?_encoding=UTF8&psc=1
#18,"会社では教えてもらえない　仕事が速い人の手帳・メモのキホン 【会社では教えてもらえないシリーズ】
        ",https://www.amazon.co.jp/%E4%BC%9A%E7%A4%BE%E3%81%A7%E3%81%AF%E6%95%99%E3%81%88%E3%81%A6%E3%82%82%E3%82%89%E3%81%88%E3%81%AA%E3%81%84-%E4%BB%95%E4%BA%8B%E3%81%8C%E9%80%9F%E3%81%84%E4%BA%BA%E3%81%AE%E6%89%8B%E5%B8%B3%E3%83%BB%E3%83%A1%E3%83%A2%E3%81%AE%E3%82%AD%E3%83%9B%E3%83%B3-%E3%80%90%E4%BC%9A%E7%A4%BE%E3%81%A7%E3%81%AF%E6%95%99%E3%81%88%E3%81%A6%E3%82%82%E3%82%89%E3%81%88%E3%81%AA%E3%81%84%E3%82%B7%E3%83%AA%E3%83%BC%E3%82%BA%E3%80%91-%E4%BC%8A%E5%BA%AD-%E6%AD%A3%E5%BA%B7-ebook/dp/B01N0NQODC?_encoding=UTF8&psc=1
#19,"線一本からはじめる伝わる絵の描き方　ロジカルデッサンの技法
        ",https://www.amazon.co.jp/%E7%B7%9A%E4%B8%80%E6%9C%AC%E3%81%8B%E3%82%89%E3%81%AF%E3%81%98%E3%82%81%E3%82%8B%E4%BC%9D%E3%82%8F%E3%82%8B%E7%B5%B5%E3%81%AE%E6%8F%8F%E3%81%8D%E6%96%B9-%E3%83%AD%E3%82%B8%E3%82%AB%E3%83%AB%E3%83%87%E3%83%83%E3%82%B5%E3%83%B3%E3%81%AE%E6%8A%80%E6%B3%95-OCHABI-Institute-ebook/dp/B07BKT9ZNS?_encoding=UTF8&psc=1
#20,"現代哲学の最前線 (ＮＨＫ出版新書)
        ",https://www.amazon.co.jp/%E7%8F%BE%E4%BB%A3%E5%93%B2%E5%AD%A6%E3%81%AE%E6%9C%80%E5%89%8D%E7%B7%9A-%EF%BC%AE%EF%BC%A8%EF%BC%AB%E5%87%BA%E7%89%88%E6%96%B0%E6%9B%B8-%E4%BB%B2%E6%AD%A3%E6%98%8C%E6%A8%B9-ebook/dp/B08F1G3G1X?_encoding=UTF8&psc=1
#21,"超筋トレが最強のソリューションである　筋肉が人生を変える超科学的な理由
        ",https://www.amazon.co.jp/%E8%B6%85%E7%AD%8B%E3%83%88%E3%83%AC%E3%81%8C%E6%9C%80%E5%BC%B7%E3%81%AE%E3%82%BD%E3%83%AA%E3%83%A5%E3%83%BC%E3%82%B7%E3%83%A7%E3%83%B3%E3%81%A7%E3%81%82%E3%82%8B-%E7%AD%8B%E8%82%89%E3%81%8C%E4%BA%BA%E7%94%9F%E3%82%92%E5%A4%89%E3%81%88%E3%82%8B%E8%B6%85%E7%A7%91%E5%AD%A6%E7%9A%84%E3%81%AA%E7%90%86%E7%94%B1-%EF%BC%B4%EF%BD%85%EF%BD%93%EF%BD%94%EF%BD%8F%EF%BD%93%EF%BD%94%EF%BD%85%EF%BD%92%EF%BD%8F%EF%BD%8E%EF%BD%85-ebook/dp/B07BXYR748?_encoding=UTF8&psc=1
#22,"一生使える見やすい資料のデザイン入門
        ",https://www.amazon.co.jp/%E4%B8%80%E7%94%9F%E4%BD%BF%E3%81%88%E3%82%8B%E8%A6%8B%E3%82%84%E3%81%99%E3%81%84%E8%B3%87%E6%96%99%E3%81%AE%E3%83%87%E3%82%B6%E3%82%A4%E3%83%B3%E5%85%A5%E9%96%80-%E6%A3%AE%E9%87%8D%E6%B9%A7%E5%A4%AA-ebook/dp/B01AT266XS?_encoding=UTF8&psc=1
#23,"運は操れる
        ",https://www.amazon.co.jp/%E9%81%8B%E3%81%AF%E6%93%8D%E3%82%8C%E3%82%8B-%E3%83%A1%E3%83%B3%E3%82%BF%E3%83%AA%E3%82%B9%E3%83%88%EF%BC%A4%EF%BD%81%EF%BD%89%EF%BC%A7%EF%BD%8F-ebook/dp/B07C3GVBJY?_encoding=UTF8&psc=1
#24,"今日から役に立つ！使える「語彙力」2726
        ",https://www.amazon.co.jp/%E4%BB%8A%E6%97%A5%E3%81%8B%E3%82%89%E5%BD%B9%E3%81%AB%E7%AB%8B%E3%81%A4%EF%BC%81%E4%BD%BF%E3%81%88%E3%82%8B%E3%80%8C%E8%AA%9E%E5%BD%99%E5%8A%9B%E3%80%8D2726-%E8%A5%BF%E6%9D%B1%E7%A4%BE%E7%B7%A8%E9%9B%86%E9%83%A8-ebook/dp/B07FQM1QR2?_encoding=UTF8&psc=1
#25,"オレンジページ 2021年 1/2号 [雑誌]
        ",https://www.amazon.co.jp/%E3%82%AA%E3%83%AC%E3%83%B3%E3%82%B8%E3%83%9A%E3%83%BC%E3%82%B8-2021%E5%B9%B4-1-2%E5%8F%B7-%E9%9B%91%E8%AA%8C-ebook/dp/B08L8NTWNV?_encoding=UTF8&psc=1
#26,"新訳 バブルの歴史 ──最後に来た者は悪魔の餌食
        ",https://www.amazon.co.jp/%E6%96%B0%E8%A8%B3-%E3%83%90%E3%83%96%E3%83%AB%E3%81%AE%E6%AD%B4%E5%8F%B2-%E2%94%80%E2%94%80%E6%9C%80%E5%BE%8C%E3%81%AB%E6%9D%A5%E3%81%9F%E8%80%85%E3%81%AF%E6%82%AA%E9%AD%94%E3%81%AE%E9%A4%8C%E9%A3%9F-%E3%82%A8%E3%83%89%E3%83%AF%E3%83%BC%E3%83%89%E3%83%BB%E3%83%81%E3%83%A3%E3%83%B3%E3%82%BB%E3%83%A9%E3%83%BC-ebook/dp/B07F7LN1KR?_encoding=UTF8&psc=1
#27,"できる イラストで学ぶ 入社1年目からのExcel VBA できる イラストで学ぶシリーズ
        ",https://www.amazon.co.jp/%E3%81%A7%E3%81%8D%E3%82%8B-%E3%82%A4%E3%83%A9%E3%82%B9%E3%83%88%E3%81%A7%E5%AD%A6%E3%81%B6-%E5%85%A5%E7%A4%BE1%E5%B9%B4%E7%9B%AE%E3%81%8B%E3%82%89%E3%81%AEExcel-VBA-%E3%82%A4%E3%83%A9%E3%82%B9%E3%83%88%E3%81%A7%E5%AD%A6%E3%81%B6%E3%82%B7%E3%83%AA%E3%83%BC%E3%82%BA-ebook/dp/B07L8D5NGC?_encoding=UTF8&psc=1
#28,"メモの魔力　-The Magic of Memos- (NewsPicks Book)
        ",https://www.amazon.co.jp/%E3%83%A1%E3%83%A2%E3%81%AE%E9%AD%94%E5%8A%9B-Magic-Memos-NewsPicks-Book-ebook/dp/B07L67XZSS?_encoding=UTF8&psc=1
#29,"「お前の言うことはわけがわからん！」と言わせないロジカルな話し方超入門
        ",https://www.amazon.co.jp/%E3%80%8C%E3%81%8A%E5%89%8D%E3%81%AE%E8%A8%80%E3%81%86%E3%81%93%E3%81%A8%E3%81%AF%E3%82%8F%E3%81%91%E3%81%8C%E3%82%8F%E3%81%8B%E3%82%89%E3%82%93%EF%BC%81%E3%80%8D%E3%81%A8%E8%A8%80%E3%82%8F%E3%81%9B%E3%81%AA%E3%81%84%E3%83%AD%E3%82%B8%E3%82%AB%E3%83%AB%E3%81%AA%E8%A9%B1%E3%81%97%E6%96%B9%E8%B6%85%E5%85%A5%E9%96%80-%E5%88%A5%E6%89%80%E6%A0%84%E5%90%BE-ebook/dp/B07V8RSNLM?_encoding=UTF8&psc=1
#30,"くりえみ イケないカラダ・・・288 pics
        ",https://www.amazon.co.jp/%E3%81%8F%E3%82%8A%E3%81%88%E3%81%BF-%E3%82%A4%E3%82%B1%E3%81%AA%E3%81%84%E3%82%AB%E3%83%A9%E3%83%80%E3%83%BB%E3%83%BB%E3%83%BB288-pics-ebook/dp/B08RX9N5JH?_encoding=UTF8&psc=1
#31,"星の王子さま
        ",https://www.amazon.co.jp/%E6%98%9F%E3%81%AE%E7%8E%8B%E5%AD%90%E3%81%95%E3%81%BE-%E3%82%B5%E3%83%B3-%E3%83%86%E3%82%B0%E3%82%B8%E3%83%A5%E3%83%9A%E3%83%AA-ebook/dp/B00BLC2EH8?_encoding=UTF8&psc=1
#32,"ダンドーのバリュー投資 低リスク・高リターン銘柄の発見術
        ",https://www.amazon.co.jp/%E3%83%80%E3%83%B3%E3%83%89%E3%83%BC%E3%81%AE%E3%83%90%E3%83%AA%E3%83%A5%E3%83%BC%E6%8A%95%E8%B3%87-%E2%80%94%E2%80%94%E4%BD%8E%E3%83%AA%E3%82%B9%E3%82%AF%E3%83%BB%E9%AB%98%E3%83%AA%E3%82%BF%E3%83%BC%E3%83%B3%E9%8A%98%E6%9F%84%E3%81%AE%E7%99%BA%E8%A6%8B%E8%A1%93-%E3%83%A2%E3%83%8B%E3%83%83%E3%82%B7%E3%83%A5%E3%83%BB%E3%83%91%E3%83%96%E3%83%A9%E3%82%A4-ebook/dp/B07PDKBGMP?_encoding=UTF8&psc=1
#33,"図解　山崎元の お金に強くなる！
        ",https://www.amazon.co.jp/%E5%9B%B3%E8%A7%A3-%E5%B1%B1%E5%B4%8E%E5%85%83%E3%81%AE-%E3%81%8A%E9%87%91%E3%81%AB%E5%BC%B7%E3%81%8F%E3%81%AA%E3%82%8B%EF%BC%81-%E5%B1%B1%E5%B4%8E%E5%85%83-ebook/dp/B014QOEVHS?_encoding=UTF8&psc=1
#34,"革命のファンファーレ 現代のお金と広告 (幻冬舎単行本)
        ",https://www.amazon.co.jp/%E9%9D%A9%E5%91%BD%E3%81%AE%E3%83%95%E3%82%A1%E3%83%B3%E3%83%95%E3%82%A1%E3%83%BC%E3%83%AC-%E7%8F%BE%E4%BB%A3%E3%81%AE%E3%81%8A%E9%87%91%E3%81%A8%E5%BA%83%E5%91%8A-%E5%B9%BB%E5%86%AC%E8%88%8E%E5%8D%98%E8%A1%8C%E6%9C%AC-%E8%A5%BF%E9%87%8E-%E4%BA%AE%E5%BB%A3-ebook/dp/B075CHHZDY?_encoding=UTF8&psc=1
#35,"コンサル一年目が学ぶこと
        ",https://www.amazon.co.jp/%E3%82%B3%E3%83%B3%E3%82%B5%E3%83%AB%E4%B8%80%E5%B9%B4%E7%9B%AE%E3%81%8C%E5%AD%A6%E3%81%B6%E3%81%93%E3%81%A8-%E5%A4%A7%E7%9F%B3%E5%93%B2%E4%B9%8B-ebook/dp/B00MA671WW?_encoding=UTF8&psc=1
#36,"ホントにゼロからの簿記３級 『ふくしままさゆきのホントに』シリーズ
        ",https://www.amazon.co.jp/%E3%83%9B%E3%83%B3%E3%83%88%E3%81%AB%E3%82%BC%E3%83%AD%E3%81%8B%E3%82%89%E3%81%AE%E7%B0%BF%E8%A8%98%EF%BC%93%E7%B4%9A-%E3%80%8E%E3%81%B5%E3%81%8F%E3%81%97%E3%81%BE%E3%81%BE%E3%81%95%E3%82%86%E3%81%8D%E3%81%AE%E3%83%9B%E3%83%B3%E3%83%88%E3%81%AB%E3%80%8F%E3%82%B7%E3%83%AA%E3%83%BC%E3%82%BA-%E3%81%B5%E3%81%8F%E3%81%97%E3%81%BE%E3%81%BE%E3%81%95%E3%82%86%E3%81%8D-ebook/dp/B00FEGO498?_encoding=UTF8&psc=1
#37,"桜木美涼 MISUZU MODE あした晴れの日に 200pages or more (エスデジタル)
        ",https://www.amazon.co.jp/%E6%A1%9C%E6%9C%A8%E7%BE%8E%E6%B6%BC-MISUZU-%E3%81%82%E3%81%97%E3%81%9F%E6%99%B4%E3%82%8C%E3%81%AE%E6%97%A5%E3%81%AB-200pages-%E3%82%A8%E3%82%B9%E3%83%87%E3%82%B8%E3%82%BF%E3%83%AB-ebook/dp/B08PZB9C5V?_encoding=UTF8&psc=1
#38,"勝間式 超コントロール思考
        ",https://www.amazon.co.jp/%E5%8B%9D%E9%96%93%E5%BC%8F-%E8%B6%85%E3%82%B3%E3%83%B3%E3%83%88%E3%83%AD%E3%83%BC%E3%83%AB%E6%80%9D%E8%80%83-%E5%8B%9D%E9%96%93-%E5%92%8C%E4%BB%A3-ebook/dp/B07N6F6Y7W?_encoding=UTF8&psc=1
#39,"勝つ投資　負けない投資
        ",https://www.amazon.co.jp/%E5%8B%9D%E3%81%A4%E6%8A%95%E8%B3%87-%E8%B2%A0%E3%81%91%E3%81%AA%E3%81%84%E6%8A%95%E8%B3%87-%E7%89%87%E5%B1%B1%E6%99%83-ebook/dp/B00XKU4COM?_encoding=UTF8&psc=1
#40,"夢をかなえるゾウ２　ガネーシャと貧乏神
        ",https://www.amazon.co.jp/%E5%A4%A2%E3%82%92%E3%81%8B%E3%81%AA%E3%81%88%E3%82%8B%E3%82%BE%E3%82%A62-%E3%82%AC%E3%83%8D%E3%83%BC%E3%82%B7%E3%83%A3%E3%81%A8%E8%B2%A7%E4%B9%8F%E7%A5%9E-%E6%B0%B4%E9%87%8E%E6%95%AC%E4%B9%9F-ebook/dp/B00CHIL9KS?_encoding=UTF8&psc=1
#41,"仕事は楽しいかね？ (きこ書房)
        ",https://www.amazon.co.jp/%E4%BB%95%E4%BA%8B%E3%81%AF%E6%A5%BD%E3%81%97%E3%81%84%E3%81%8B%E3%81%AD%EF%BC%9F-%E3%81%8D%E3%81%93%E6%9B%B8%E6%88%BF-%E3%83%87%E3%82%A4%E3%83%AB%E3%83%BB%E3%83%89%E3%83%BC%E3%83%86%E3%83%B3-ebook/dp/B00SIM19YS?_encoding=UTF8&psc=1
#42,"要領がよくないと思い込んでいる人のための仕事術図鑑
        ",https://www.amazon.co.jp/%E8%A6%81%E9%A0%98%E3%81%8C%E3%82%88%E3%81%8F%E3%81%AA%E3%81%84%E3%81%A8%E6%80%9D%E3%81%84%E8%BE%BC%E3%82%93%E3%81%A7%E3%81%84%E3%82%8B%E4%BA%BA%E3%81%AE%E3%81%9F%E3%82%81%E3%81%AE%E4%BB%95%E4%BA%8B%E8%A1%93%E5%9B%B3%E9%91%91-F%E5%A4%AA-ebook/dp/B086MYZH7G?_encoding=UTF8&psc=1
#43,"隣の席になった美少女が惚れさせようとからかってくるがいつの間にか返り討ちにしていた ： 1 (モンスター文庫)
        ",https://www.amazon.co.jp/%E9%9A%A3%E3%81%AE%E5%B8%AD%E3%81%AB%E3%81%AA%E3%81%A3%E3%81%9F%E7%BE%8E%E5%B0%91%E5%A5%B3%E3%81%8C%E6%83%9A%E3%82%8C%E3%81%95%E3%81%9B%E3%82%88%E3%81%86%E3%81%A8%E3%81%8B%E3%82%89%E3%81%8B%E3%81%A3%E3%81%A6%E3%81%8F%E3%82%8B%E3%81%8C%E3%81%84%E3%81%A4%E3%81%AE%E9%96%93%E3%81%AB%E3%81%8B%E8%BF%94%E3%82%8A%E8%A8%8E%E3%81%A1%E3%81%AB%E3%81%97%E3%81%A6%E3%81%84%E3%81%9F-%EF%BC%9A-1-%E3%83%A2%E3%83%B3%E3%82%B9%E3%82%BF%E3%83%BC%E6%96%87%E5%BA%AB-%E8%8D%92%E4%B8%89%E6%B0%B4-ebook/dp/B081VJHQD3?_encoding=UTF8&psc=1
#44,"味つけ黄金比率で基本の料理100
        ",https://www.amazon.co.jp/%E5%91%B3%E3%81%A4%E3%81%91%E9%BB%84%E9%87%91%E6%AF%94%E7%8E%87%E3%81%A7%E5%9F%BA%E6%9C%AC%E3%81%AE%E6%96%99%E7%90%86100-%E3%82%AA%E3%83%AC%E3%83%B3%E3%82%B8%E3%83%9A%E3%83%BC%E3%82%B8-ebook/dp/B081DCHP4Z?_encoding=UTF8&psc=1
#45,"「いつでもおしゃれ」を実現できる 幸せなクローゼットの育て方
        ",https://www.amazon.co.jp/%E3%80%8C%E3%81%84%E3%81%A4%E3%81%A7%E3%82%82%E3%81%8A%E3%81%97%E3%82%83%E3%82%8C%E3%80%8D%E3%82%92%E5%AE%9F%E7%8F%BE%E3%81%A7%E3%81%8D%E3%82%8B-%E5%B9%B8%E3%81%9B%E3%81%AA%E3%82%AF%E3%83%AD%E3%83%BC%E3%82%BC%E3%83%83%E3%83%88%E3%81%AE%E8%82%B2%E3%81%A6%E6%96%B9-%E3%83%9F%E3%83%A9%E3%83%B3%E3%83%80%E3%81%8B%E3%81%82%E3%81%A1%E3%82%83%E3%82%93%EF%BC%88%E8%BC%AA%E6%B9%96%E3%82%82%E3%81%AA%E3%81%BF%EF%BC%89-ebook/dp/B07C9884XP?_encoding=UTF8&psc=1
#46,"人生の勝算 (幻冬舎文庫)
        ",https://www.amazon.co.jp/%E4%BA%BA%E7%94%9F%E3%81%AE%E5%8B%9D%E7%AE%97-%E5%B9%BB%E5%86%AC%E8%88%8E%E6%96%87%E5%BA%AB-%E5%89%8D%E7%94%B0%E8%A3%95%E4%BA%8C-ebook/dp/B07S8CK5NV?_encoding=UTF8&psc=1
#47,"オレンジページ 2021 1/17号[雑誌]
        ",https://www.amazon.co.jp/%E3%82%AA%E3%83%AC%E3%83%B3%E3%82%B8%E3%83%9A%E3%83%BC%E3%82%B8-2021-1-17%E5%8F%B7-%E9%9B%91%E8%AA%8C-ebook/dp/B08L8QG1LG?_encoding=UTF8&psc=1
#48,"超雑談力　人づきあいがラクになる　誰とでも信頼関係が築ける
        ",https://www.amazon.co.jp/%E8%B6%85%E9%9B%91%E8%AB%87%E5%8A%9B-%E4%BA%BA%E3%81%A5%E3%81%8D%E3%81%82%E3%81%84%E3%81%8C%E3%83%A9%E3%82%AF%E3%81%AB%E3%81%AA%E3%82%8B-%E8%AA%B0%E3%81%A8%E3%81%A7%E3%82%82%E4%BF%A1%E9%A0%BC%E9%96%A2%E4%BF%82%E3%81%8C%E7%AF%89%E3%81%91%E3%82%8B-%E4%BA%94%E7%99%BE%E7%94%B0%E9%81%94%E6%88%90-ebook/dp/B0831D258M?_encoding=UTF8&psc=1
#49,"成長株投資の神
        ",https://www.amazon.co.jp/%E6%88%90%E9%95%B7%E6%A0%AA%E6%8A%95%E8%B3%87%E3%81%AE%E7%A5%9E-%E3%83%9E%E3%83%BC%E3%82%AF%E3%83%BB%E3%83%9F%E3%83%8D%E3%83%AB%E3%83%B4%E3%82%A3%E3%83%8B-ebook/dp/B01J4Y0ZVQ?_encoding=UTF8&psc=1
#50,"Tarzan特別編集 決定版 自律神経を整える。
        ",https://www.amazon.co.jp/Tarzan%E7%89%B9%E5%88%A5%E7%B7%A8%E9%9B%86-%E6%B1%BA%E5%AE%9A%E7%89%88-%E8%87%AA%E5%BE%8B%E7%A5%9E%E7%B5%8C%E3%82%92%E6%95%B4%E3%81%88%E3%82%8B%E3%80%82-%E3%83%9E%E3%82%AC%E3%82%B8%E3%83%B3%E3%83%8F%E3%82%A6%E3%82%B9-ebook/dp/B089GJ3F2R?_encoding=UTF8&psc=1
