#1,"NONIO 舌専用クリーニングジェル 45g×2個
        ",https://www.amazon.co.jp/NONIO-%E3%83%8E%E3%83%8B%E3%82%AA-%E8%88%8C%E5%B0%82%E7%94%A8%E3%82%AF%E3%83%AA%E3%83%BC%E3%83%8B%E3%83%B3%E3%82%B0%E3%82%B8%E3%82%A7%E3%83%AB-45g%C3%972%E5%80%8B/dp/B07NHMRS4R?_encoding=UTF8&psc=1
#2,"エリクシール シュペリエル スリーピングジェルパック WN ナイトグリーンアロマの香り 105g
        ",https://www.amazon.co.jp/%E3%82%A8%E3%83%AA%E3%82%AF%E3%82%B7%E3%83%BC%E3%83%AB-%E3%82%B7%E3%83%A5%E3%83%9A%E3%83%AA%E3%82%A8%E3%83%AB-%E3%82%B9%E3%83%AA%E3%83%BC%E3%83%94%E3%83%B3%E3%82%B0%E3%82%B8%E3%82%A7%E3%83%AB%E3%83%91%E3%83%83%E3%82%AF-%E3%83%8A%E3%82%A4%E3%83%88%E3%82%B0%E3%83%AA%E3%83%BC%E3%83%B3%E3%82%A2%E3%83%AD%E3%83%9E%E3%81%AE%E9%A6%99%E3%82%8A-105g/dp/B07DDSB9WB?_encoding=UTF8&psc=1
#3,"ラックス プレミアム ボタニフィーク ダメージリペア サシェセット 10g+10g
        ",https://www.amazon.co.jp/%E3%83%A9%E3%83%83%E3%82%AF%E3%82%B9-%E3%83%97%E3%83%AC%E3%83%9F%E3%82%A2%E3%83%A0-%E3%83%9C%E3%82%BF%E3%83%8B%E3%83%95%E3%82%A3%E3%83%BC%E3%82%AF-%E3%83%80%E3%83%A1%E3%83%BC%E3%82%B8%E3%83%AA%E3%83%9A%E3%82%A2-%E3%82%B5%E3%82%B7%E3%82%A7%E3%82%BB%E3%83%83%E3%83%88/dp/B073ZG835M?_encoding=UTF8&psc=1
#4,"【Amazon.co.jp限定】 LISTERINE(リステリン) 【医薬部外品】 薬用 リステリン トータルケアプラス マウスウォッシュ クリーンミント味 原因菌殺菌 1000mL+おまけつき
        ",https://www.amazon.co.jp/%E3%80%90Amazon-co-jp-LISTERINE-%E3%83%AA%E3%82%B9%E3%83%86%E3%83%AA%E3%83%B3-%E3%83%9E%E3%82%A6%E3%82%B9%E3%82%A6%E3%82%A9%E3%83%83%E3%82%B7%E3%83%A5-%E3%83%88%E3%83%BC%E3%82%BF%E3%83%AB%E3%82%B1%E3%82%A2%E3%83%97%E3%83%A9%E3%82%B9/dp/B07K3DVT9B?_encoding=UTF8&psc=1
#5,"【NATURE REPUBLIC】 ネーチャーリパブリック スージング＆モイスチャー アロエベラ92％スージングジェル
        ",https://www.amazon.co.jp/%E3%80%90NATURE-REPUBLIC%E3%80%91-%E3%83%8D%E3%83%BC%E3%83%81%E3%83%A3%E3%83%BC%E3%83%AA%E3%83%91%E3%83%96%E3%83%AA%E3%83%83%E3%82%AF-%E3%82%B9%E3%83%BC%E3%82%B8%E3%83%B3%E3%82%B0%EF%BC%86%E3%83%A2%E3%82%A4%E3%82%B9%E3%83%81%E3%83%A3%E3%83%BC-%E3%82%A2%E3%83%AD%E3%82%A8%E3%83%99%E3%83%A992%EF%BC%85%E3%82%B9%E3%83%BC%E3%82%B8%E3%83%B3%E3%82%B0%E3%82%B8%E3%82%A7%E3%83%AB/dp/B0080EEMCA?_encoding=UTF8&psc=1
#6,"無印良品 導入美容液+化粧水(さっぱりタイプ)セット 各400ml
        ",https://www.amazon.co.jp/%E7%84%A1%E5%8D%B0%E8%89%AF%E5%93%81-%E5%B0%8E%E5%85%A5%E7%BE%8E%E5%AE%B9%E6%B6%B2-%E5%8C%96%E7%B2%A7%E6%B0%B4-%E3%81%95%E3%81%A3%E3%81%B1%E3%82%8A%E3%82%BF%E3%82%A4%E3%83%97-%E5%90%84400ml/dp/B08FHZB7RY?_encoding=UTF8&psc=1
#7,"【大容量】 バブ メディキュア 15錠入 高濃度 炭酸 温泉成分 (泡の数バブの10倍) [医薬部外品] 入浴剤 15錠入り(3種類×各5錠)
        ",https://www.amazon.co.jp/%E3%80%90%E5%A4%A7%E5%AE%B9%E9%87%8F%E3%80%91-%E3%83%90%E3%83%96-%E3%83%A1%E3%83%87%E3%82%A3%E3%82%AD%E3%83%A5%E3%82%A2-%E6%B3%A1%E3%81%AE%E6%95%B0%E3%83%90%E3%83%96%E3%81%AE10%E5%80%8D-3%E7%A8%AE%E9%A1%9E%C3%97%E5%90%845%E9%8C%A0/dp/B07WFNQ138?_encoding=UTF8&psc=1
#8,"クリニカ アドバンテージ デンタルフロス Y字タイプ 大容量 単品 18本×3
        ",https://www.amazon.co.jp/%E3%82%AF%E3%83%AA%E3%83%8B%E3%82%AB-%E3%82%AF%E3%83%AA%E3%83%8B%E3%82%AB%E3%82%A2%E3%83%89%E3%83%90%E3%83%B3%E3%83%86%E3%83%BC%E3%82%B8-%E3%83%87%E3%83%B3%E3%82%BF%E3%83%AB%E3%83%95%E3%83%AD%E3%82%B9-Y%E5%AD%97%E3%82%BF%E3%82%A4%E3%83%97-18%E6%9C%AC%E5%85%A5%C3%973%E5%80%8B/dp/B07B5CD8NY?_encoding=UTF8&psc=1
#9,"【大容量】ビオレU さっぱりさらさら つめかえ用 1350ml
        ",https://www.amazon.co.jp/%E3%83%93%E3%82%AA%E3%83%ACu-%E3%80%90%E5%A4%A7%E5%AE%B9%E9%87%8F%E3%80%91%E3%83%93%E3%82%AA%E3%83%ACU-%E3%81%95%E3%81%A3%E3%81%B1%E3%82%8A%E3%81%95%E3%82%89%E3%81%95%E3%82%89-%E3%81%A4%E3%82%81%E3%81%8B%E3%81%88%E7%94%A8-1350ml/dp/B07D39RPWF?_encoding=UTF8&psc=1
#10,"【大容量】パンテーン シャンプー エクストラダメージケア 詰め替え 超特大 2200mL
        ",https://www.amazon.co.jp/%E3%80%90%E5%A4%A7%E5%AE%B9%E9%87%8F%E3%80%91%E3%83%91%E3%83%B3%E3%83%86%E3%83%BC%E3%83%B3-%E3%82%B7%E3%83%A3%E3%83%B3%E3%83%97%E3%83%BC-%E3%82%A8%E3%82%AF%E3%82%B9%E3%83%88%E3%83%A9%E3%83%80%E3%83%A1%E3%83%BC%E3%82%B8%E3%82%B1%E3%82%A2-%E8%A9%B0%E3%82%81%E6%9B%BF%E3%81%88-200mL/dp/B07HRSMSWQ?_encoding=UTF8&psc=1
#11,"BULK HOMME THE BUBBLE NET 泡立てネット
        ",https://www.amazon.co.jp/BULK-HOMME-BUBBLE-NET-%E6%B3%A1%E7%AB%8B%E3%81%A6%E3%83%8D%E3%83%83%E3%83%88/dp/B01NBC0Y7L?_encoding=UTF8&psc=1
#12,"イニスフリー(innisfree) ノーセバム ミネラルカラーパウダー 2[グリーン (赤みの補正に)] ファンデーション パウダー/グリーン 5g
        ",https://www.amazon.co.jp/%E3%82%A4%E3%83%8B%E3%82%B9%E3%83%95%E3%83%AA%E3%83%BC-innisfree-%E3%83%9F%E3%83%8D%E3%83%A9%E3%83%AB%E3%82%AB%E3%83%A9%E3%83%BC%E3%83%91%E3%82%A6%E3%83%80%E3%83%BC-%E8%B5%A4%E3%81%BF%E3%81%AE%E8%A3%9C%E6%AD%A3%E3%81%AB-%E3%83%95%E3%82%A1%E3%83%B3%E3%83%87%E3%83%BC%E3%82%B7%E3%83%A7%E3%83%B3/dp/B07S6MJCBR?_encoding=UTF8&psc=1
#13,"HMENZ メンズ 除毛クリーム 医薬部外品 210g
        ",https://www.amazon.co.jp/%E5%8C%BB%E8%96%AC%E9%83%A8%E5%A4%96%E5%93%81-HMENZ-%E9%99%A4%E6%AF%9B%E3%82%AF%E3%83%AA%E3%83%BC%E3%83%A0-VIO%E4%BD%BF%E7%94%A8%E5%8F%AF%E8%83%BD-210g/dp/B0744ZQ5V5?_encoding=UTF8&psc=1
#14,"フィーノ(fino) 【まとめ買い】フィーノ プレミアムタッチ 浸透美容液ヘアマスク A. 230g×3個
        ",https://www.amazon.co.jp/%E3%83%95%E3%82%A3%E3%83%BC%E3%83%8E-fino-%E3%80%90%E3%81%BE%E3%81%A8%E3%82%81%E8%B2%B7%E3%81%84%E3%80%91%E3%83%95%E3%82%A3%E3%83%BC%E3%83%8E-%E3%83%97%E3%83%AC%E3%83%9F%E3%82%A2%E3%83%A0%E3%82%BF%E3%83%83%E3%83%81-%E6%B5%B8%E9%80%8F%E7%BE%8E%E5%AE%B9%E6%B6%B2%E3%83%98%E3%82%A2%E3%83%9E%E3%82%B9%E3%82%AF/dp/B00YM1MEJI?_encoding=UTF8&psc=1
#15,"【Amazon.co.jp限定】 NONIO(ノニオ) プラス ホワイトニング [医薬部外品] ハミガキ (高濃度フッ素 1450ppm配合) セット 130g×2個+フロス
        ",https://www.amazon.co.jp/%E3%80%90Amazon-co-jp%E9%99%90%E5%AE%9A%E3%80%91-NONIO-%E3%83%8E%E3%83%8B%E3%82%AA-%E3%83%9B%E3%83%AF%E3%82%A4%E3%83%88%E3%83%8B%E3%83%B3%E3%82%B0-1450ppm%E9%85%8D%E5%90%88/dp/B08DRT1QC4?_encoding=UTF8&psc=1
#16,"ライオン デントチェックアップスタンダード (DENT.Check-Upstandard) フッ素1450ppm 135g×2個セット
        ",https://www.amazon.co.jp/%E3%83%A9%E3%82%A4%E3%82%AA%E3%83%B3-%E3%83%87%E3%83%B3%E3%83%88%E3%83%81%E3%82%A7%E3%83%83%E3%82%AF%E3%82%A2%E3%83%83%E3%83%97%E3%82%B9%E3%82%BF%E3%83%B3%E3%83%80%E3%83%BC%E3%83%89-DENT-Check-Upstandard-%E3%83%95%E3%83%83%E7%B4%A01450ppm-135g%C3%972%E5%80%8B%E3%82%BB%E3%83%83%E3%83%88/dp/B0758DVTPB?_encoding=UTF8&psc=1
#17,"バルクオム (BULK HOMME) BULK HOMME THE FACE WASH 洗顔料 単品 100g
        ",https://www.amazon.co.jp/BULK-HOMME-FACE-WASH-100g/dp/B00O2P9ALO?_encoding=UTF8&psc=1
#18,"【Amazon.co.jp限定】 Dove(ダヴ) 【大容量】ボディソープ(ボディウォッシュ) プレミアム モイスチャーケア 詰替え用 超特大 2800g
        ",https://www.amazon.co.jp/%E3%80%90Amazon-co-jp%E9%99%90%E5%AE%9A%E3%80%91-Dove-%E3%83%80%E3%83%B4-%E3%80%90%E5%A4%A7%E5%AE%B9%E9%87%8F%E3%80%91%E3%83%9C%E3%83%87%E3%82%A3%E3%82%BD%E3%83%BC%E3%83%97-%E3%83%9C%E3%83%87%E3%82%A3%E3%82%A6%E3%82%A9%E3%83%83%E3%82%B7%E3%83%A5/dp/B085DXTKFW?_encoding=UTF8&psc=1
#19,"【Amazon.co.jp限定】 メラノCC 【医薬部外品】しみ集中対策美容液 2個+おまけつき セット 20mLX2
        ",https://www.amazon.co.jp/%E3%80%90Amazon-co-jp%E9%99%90%E5%AE%9A%E3%80%91-%E3%83%A1%E3%83%A9%E3%83%8ECC-%E3%80%90%E5%8C%BB%E8%96%AC%E9%83%A8%E5%A4%96%E5%93%81%E3%80%91%E3%81%97%E3%81%BF%E9%9B%86%E4%B8%AD%E5%AF%BE%E7%AD%96%E7%BE%8E%E5%AE%B9%E6%B6%B2-%E3%81%8A%E3%81%BE%E3%81%91%E3%81%A4%E3%81%8D-20mLX2/dp/B089Z7CQKZ?_encoding=UTF8&psc=1
#20,"【大容量】 パンテーン トリートメントコンディショナー エクストラダメージケア 詰替用 超特大サイズ 1.7kg
        ",https://www.amazon.co.jp/%E3%80%90%E5%A4%A7%E5%AE%B9%E9%87%8F%E3%80%91-%E3%83%91%E3%83%B3%E3%83%86%E3%83%BC%E3%83%B3-%E3%83%88%E3%83%AA%E3%83%BC%E3%83%88%E3%83%A1%E3%83%B3%E3%83%88%E3%82%B3%E3%83%B3%E3%83%87%E3%82%A3%E3%82%B7%E3%83%A7%E3%83%8A%E3%83%BC-%E3%82%A8%E3%82%AF%E3%82%B9%E3%83%88%E3%83%A9%E3%83%80%E3%83%A1%E3%83%BC%E3%82%B8%E3%82%B1%E3%82%A2-%E8%B6%85%E7%89%B9%E5%A4%A7%E3%82%B5%E3%82%A4%E3%82%BA/dp/B01MG064E9?_encoding=UTF8&psc=1
#21,"BARTH バース 中性 重炭酸 入浴剤 9錠入り (ギフト プレゼント 炭酸泉 無香料 保湿 発汗)
        ",https://www.amazon.co.jp/BARTH%E3%80%90%E3%83%90%E3%83%BC%E3%82%B9%E3%80%91%E4%B8%AD%E6%80%A7-%E9%87%8D%E7%82%AD%E9%85%B8-9%E9%8C%A0%E5%85%A5%E3%82%8A-%E3%82%AF%E3%82%A8%E3%83%B3%E9%85%B8-%E3%83%93%E3%82%BF%E3%83%9F%E3%83%B3C/dp/B076BC7FF1?_encoding=UTF8&psc=1
#22,"ドクターオーラル (Dr.Oral) Dr.オーラル ホワイトニングパウダー 天然アパタイト40% 配合 単品 26g
        ",https://www.amazon.co.jp/%E3%83%89%E3%82%AF%E3%82%BF%E3%83%BC%E3%82%AA%E3%83%BC%E3%83%A9%E3%83%AB-Dr-Oral-Dr-%E3%82%AA%E3%83%BC%E3%83%A9%E3%83%AB-%E3%83%9B%E3%83%AF%E3%82%A4%E3%83%88%E3%83%8B%E3%83%B3%E3%82%B0%E3%83%91%E3%82%A6%E3%83%80%E3%83%BC-%E5%A4%A9%E7%84%B6%E3%82%A2%E3%83%91%E3%82%BF%E3%82%A4%E3%83%8840-%E9%85%8D%E5%90%88/dp/B00SRJ2N3I?_encoding=UTF8&psc=1
#23,"Neutrogena(ニュートロジーナ) ノルウェーフォーミュラ インテンスリペア ボディエマルジョン 超乾燥肌用 ボディクリーム 無香料 単品 250mL
        ",https://www.amazon.co.jp/Neutrogena-%E3%83%8B%E3%83%A5%E3%83%BC%E3%83%88%E3%83%AD%E3%82%B8%E3%83%BC%E3%83%8A-%E3%83%8E%E3%83%AB%E3%82%A6%E3%82%A7%E3%83%BC%E3%83%95%E3%82%A9%E3%83%BC%E3%83%9F%E3%83%A5%E3%83%A9-%E3%82%A4%E3%83%B3%E3%83%86%E3%83%B3%E3%82%B9%E3%83%AA%E3%83%9A%E3%82%A2-%E3%83%9C%E3%83%87%E3%82%A3%E3%82%A8%E3%83%9E%E3%83%AB%E3%82%B8%E3%83%A7%E3%83%B3/dp/B01JKV7AIE?_encoding=UTF8&psc=1
#24,"クリニカアドバンテージ ハミガキ クールミント 130g×2個パック (医薬部外品)
        ",https://www.amazon.co.jp/%E3%82%AF%E3%83%AA%E3%83%8B%E3%82%AB%E3%82%A2%E3%83%89%E3%83%90%E3%83%B3%E3%83%86%E3%83%BC%E3%82%B8-%E3%83%8F%E3%83%9F%E3%82%AC%E3%82%AD-%E3%82%AF%E3%83%BC%E3%83%AB%E3%83%9F%E3%83%B3%E3%83%88-130g%C3%972%E5%80%8B%E3%83%91%E3%83%83%E3%82%AF-%E5%8C%BB%E8%96%AC%E9%83%A8%E5%A4%96%E5%93%81/dp/B01BBS7VK6?_encoding=UTF8&psc=1
#25,"【医薬部外品】薬泉めぐり 入浴剤 [18包入]
        ",https://www.amazon.co.jp/%E6%B9%AF%E3%82%81%E3%81%90%E3%82%8A%E3%82%B7%E3%83%AA%E3%83%BC%E3%82%BA-NA-%E3%82%A2%E3%83%BC%E3%82%B9%E8%A3%BD%E8%96%AC-%E8%96%AC%E6%B3%89%E3%82%81%E3%81%90%E3%82%8A-18%E5%8C%85%E5%85%A5/dp/B000FQMMXW?_encoding=UTF8&psc=1
#26,"shefun メッシュ アイテープ 380枚 水で貼る 二重まぶた 両面 網目 二重テープ 二重 目立たない ふたえテープ メッシュテープ 極細 自然 二重テープ 3typeJP173 (【半月太め】)
        ",https://www.amazon.co.jp/shefun-%E3%81%B5%E3%81%9F%E3%81%88%E3%83%86%E3%83%BC%E3%83%97-%E3%83%A1%E3%83%83%E3%82%B7%E3%83%A5%E3%83%86%E3%83%BC%E3%83%97-3typeJP173-%E3%80%90%E5%8D%8A%E6%9C%88%E5%A4%AA%E3%82%81%E3%80%91/dp/B07Z39VCB1?_encoding=UTF8&psc=1
#27,"LULULUN(ルルルン) ルルルンプレシャスGREEN 32枚入り(肌メンテナンスタイプ) フェイスマスク
        ",https://www.amazon.co.jp/LULULUN-%E3%83%AB%E3%83%AB%E3%83%AB%E3%83%B3-%E3%83%AB%E3%83%AB%E3%83%AB%E3%83%B3%E3%83%97%E3%83%AC%E3%82%B7%E3%83%A3%E3%82%B9GREEN-%E8%82%8C%E3%83%A1%E3%83%B3%E3%83%86%E3%83%8A%E3%83%B3%E3%82%B9%E3%82%BF%E3%82%A4%E3%83%97-%E3%83%95%E3%82%A7%E3%82%A4%E3%82%B9%E3%83%9E%E3%82%B9%E3%82%AF/dp/B07TSCWSXJ?_encoding=UTF8&psc=1
#28,"【セット買い】【大容量】 バブ 6つの香りお楽しみBOX 48錠 炭酸 入浴剤 詰め合わせ [医薬部外品] & バブ 厳選4種類の香りセレクトBOX 薬用 炭酸 入浴剤 詰め合わせ [医薬部外品] 単品 48錠
        ",https://www.amazon.co.jp/%E3%80%90%E3%82%BB%E3%83%83%E3%83%88%E8%B2%B7%E3%81%84%E3%80%91%E3%80%90%E5%A4%A7%E5%AE%B9%E9%87%8F%E3%80%91-%E3%83%90%E3%83%96-6%E3%81%A4%E3%81%AE%E9%A6%99%E3%82%8A%E3%81%8A%E6%A5%BD%E3%81%97%E3%81%BFBOX-%E8%A9%B0%E3%82%81%E5%90%88%E3%82%8F%E3%81%9B-%E5%8E%B3%E9%81%B84%E7%A8%AE%E9%A1%9E%E3%81%AE%E9%A6%99%E3%82%8A%E3%82%BB%E3%83%AC%E3%82%AF%E3%83%88BOX/dp/B07ZTFM455?_encoding=UTF8&psc=1
#29,"ロレッタ(Loretta) ロレッタ ハードゼリー 単品 300g
        ",https://www.amazon.co.jp/%E3%83%AD%E3%83%AC%E3%83%83%E3%82%BF-Loretta-%E3%83%8F%E3%83%BC%E3%83%89%E3%82%BC%E3%83%AA%E3%83%BC-300g/dp/B004WBF8EG?_encoding=UTF8&psc=1
#30,"無印良品 乳液・敏感肌用・さっぱりタイプ(大容量) 400ml 15258536
        ",https://www.amazon.co.jp/%E7%84%A1%E5%8D%B0%E8%89%AF%E5%93%81-%E4%B9%B3%E6%B6%B2%E3%83%BB%E6%95%8F%E6%84%9F%E8%82%8C%E7%94%A8%E3%83%BB%E3%81%95%E3%81%A3%E3%81%B1%E3%82%8A%E3%82%BF%E3%82%A4%E3%83%97-%E5%A4%A7%E5%AE%B9%E9%87%8F-400ml-15258536/dp/B07WSR5NW8?_encoding=UTF8&psc=1
#31,"Vaseline(ヴァセリン) インテンシブケア アドバンスドリペア ボディローション 無香性 400mL
        ",https://www.amazon.co.jp/%E3%83%B4%E3%82%A1%E3%82%BB%E3%83%AA%E3%83%B3-%E3%82%A4%E3%83%B3%E3%83%86%E3%83%B3%E3%82%B7%E3%83%96%E3%82%B1%E3%82%A2-%E3%82%A2%E3%83%89%E3%83%90%E3%83%B3%E3%82%B9%E3%83%89%E3%83%AA%E3%83%9A%E3%82%A2-%E3%83%9C%E3%83%87%E3%82%A3%E3%83%AD%E3%83%BC%E3%82%B7%E3%83%A7%E3%83%B3-400mL/dp/B07H4PD7XC?_encoding=UTF8&psc=1
#32,"シークリスタルス (Sea Crystals) シークリスタルス 国産 エプソムソルト (硫酸マグネシウム) 入浴剤 浴用化粧品 計量スプーン付 無香料 2.2約14回分
        ",https://www.amazon.co.jp/%E3%82%B7%E3%83%BC%E3%82%AF%E3%83%AA%E3%82%B9%E3%82%BF%E3%83%AB%E3%82%B9-%E3%82%A8%E3%83%97%E3%82%BD%E3%83%A0%E3%82%BD%E3%83%AB%E3%83%88-%E7%A1%AB%E9%85%B8%E3%83%9E%E3%82%B0%E3%83%8D%E3%82%B7%E3%82%A6%E3%83%A0-2-2%E3%8E%8F%E7%B4%8414%E5%9B%9E%E5%88%86-%E8%A8%88%E9%87%8F%E3%82%B9%E3%83%97%E3%83%BC%E3%83%B3%E4%BB%98/dp/B00C1CACNU?_encoding=UTF8&psc=1
#33,"【クレアス】フレッシュリジューシドビタミンドロップ(35ml)｜韓国コスメ・純粋ビタミンC・ピュアビタミンC・ビタミンCセラム・美白・角質・低刺激｜[dear,klairs] Freshly Juiced Vitamin Drop 35ml
        ",https://www.amazon.co.jp/Klairs-Freshly-Juiced-Drop-Rejuvenating/dp/B010FOFSH0?_encoding=UTF8&psc=1
#34,"【2020年春発売】【医薬部外品】デオナチュレ ソフトストーンW ワキ用 直ヌリ 制汗剤 スティック 1個
        ",https://www.amazon.co.jp/%E3%80%902020%E5%B9%B4%E6%98%A5%E7%99%BA%E5%A3%B2%E3%80%91%E3%80%90%E5%8C%BB%E8%96%AC%E9%83%A8%E5%A4%96%E5%93%81%E3%80%91%E3%83%87%E3%82%AA%E3%83%8A%E3%83%81%E3%83%A5%E3%83%AC-%E3%82%BD%E3%83%95%E3%83%88%E3%82%B9%E3%83%88%E3%83%BC%E3%83%B3W-%E3%83%AF%E3%82%AD%E7%94%A8-%E7%9B%B4%E3%83%8C%E3%83%AA-%E3%82%B9%E3%83%86%E3%82%A3%E3%83%83%E3%82%AF/dp/B083LXHQ78?_encoding=UTF8&psc=1
#35,"Nile 化粧水 メンズ オールインワン アフターシェーブ 【化粧水/美容液/乳液/保湿クリーム/4役】 (150mL)
        ",https://www.amazon.co.jp/Nile-%E3%82%AA%E3%83%BC%E3%83%AB%E3%82%A4%E3%83%B3%E3%83%AF%E3%83%B3-%E3%82%A2%E3%83%95%E3%82%BF%E3%83%BC%E3%82%B7%E3%82%A7%E3%83%BC%E3%83%96-%E4%BF%9D%E6%B9%BF%E3%82%AF%E3%83%AA%E3%83%BC%E3%83%A0-4%E5%BD%B9%E3%80%91150mL/dp/B07Y87K319?_encoding=UTF8&psc=1
#36,"毛穴撫子 お米のマスク 10枚入
        ",https://www.amazon.co.jp/%E6%AF%9B%E7%A9%B4%E6%92%AB%E5%AD%90-BU20X05959-%E3%81%8A%E7%B1%B3%E3%81%AE%E3%83%9E%E3%82%B9%E3%82%AF-10%E6%9E%9A%E5%85%A5/dp/B018FM03CO?_encoding=UTF8&psc=1
#37,"ink.クレンジングバーム (ink.クレンジングバーム シトラス 90g 約50日分)
        ",https://www.amazon.co.jp/ink-ink-%E3%82%AF%E3%83%AC%E3%83%B3%E3%82%B8%E3%83%B3%E3%82%B0%E3%83%90%E3%83%BC%E3%83%A0-ink-%E3%82%AF%E3%83%AC%E3%83%B3%E3%82%B8%E3%83%B3%E3%82%B0%E3%83%90%E3%83%BC%E3%83%A0-%E3%82%B7%E3%83%88%E3%83%A9%E3%82%B9-90g-%E7%B4%8450%E6%97%A5%E5%88%86/dp/B07C3D5JYW?_encoding=UTF8&psc=1
#38,"菊正宗 日本酒の化粧水 高保湿 単品 500ml
        ",https://www.amazon.co.jp/%E8%8F%8A%E6%AD%A3%E5%AE%97-%E6%97%A5%E6%9C%AC%E9%85%92%E3%81%AE%E5%8C%96%E7%B2%A7%E6%B0%B4-%E9%AB%98%E4%BF%9D%E6%B9%BF-500ml/dp/B00ECQCVK0?_encoding=UTF8&psc=1
#39,"MAJOLICA MAJORCA(マジョリカ マジョルカ) ラッシュジェリードロップ EX ブラシタイプ 単品 5.3g
        ",https://www.amazon.co.jp/%E3%83%9E%E3%82%B8%E3%83%A7%E3%83%AA%E3%82%AB-%E3%83%9E%E3%82%B8%E3%83%A7%E3%83%AB%E3%82%AB-%E3%83%A9%E3%83%83%E3%82%B7%E3%83%A5%E3%82%B8%E3%82%A7%E3%83%AA%E3%83%BC%E3%83%89%E3%83%AD%E3%83%83%E3%83%97-EX-5-3g/dp/B00B43NDDI?_encoding=UTF8&psc=1
#40,"【Amazon.co.jp 限定】ロゼット 洗顔パスタ 海泥スムース 180g [大容量 通常の1.5倍] 洗顔フォーム 毛穴
        ",https://www.amazon.co.jp/%E3%80%90Amazon-co-jp-%E9%99%90%E5%AE%9A%E3%80%91%E5%A4%A7%E5%AE%B9%E9%87%8F-%E3%83%AD%E3%82%BC%E3%83%83%E3%83%88-%E6%B4%97%E9%A1%94%E3%83%91%E3%82%B9%E3%82%BF-%E6%B5%B7%E6%B3%A5%E3%82%B9%E3%83%A0%E3%83%BC%E3%82%B9/dp/B07JV9S421?_encoding=UTF8&psc=1
#41,"システマ ハグキプラス [医薬部外品] デンタルリンス 液体歯磨 450ml
        ",https://www.amazon.co.jp/%E3%82%B7%E3%82%B9%E3%83%86%E3%83%9E-%E3%83%8F%E3%82%B0%E3%82%AD%E3%83%97%E3%83%A9%E3%82%B9-%E3%83%87%E3%83%B3%E3%82%BF%E3%83%AB%E3%83%AA%E3%83%B3%E3%82%B9-450ml-%E5%8C%BB%E8%96%AC%E9%83%A8%E5%A4%96%E5%93%81/dp/B00NS9GOTG?_encoding=UTF8&psc=1
#42,"【正規品】Mediheal メディヒール ティーツリーケアソリューション・エッセンシャル・マスクパック10枚入り3箱
        ",https://www.amazon.co.jp/MEDIHEAL-%E3%80%90%E6%AD%A3%E8%A6%8F%E8%BC%B8%E5%85%A5%E5%93%81%E3%80%91Mediheal-%E3%83%A1%E3%83%87%E3%82%A3%E3%83%92%E3%83%BC%E3%83%AB-%E3%83%86%E3%82%A3%E3%83%BC%E3%83%84%E3%83%AA%E3%83%BC%E3%82%B1%E3%82%A2%E3%82%BD%E3%83%AA%E3%83%A5%E3%83%BC%E3%82%B7%E3%83%A7%E3%83%B3%E3%83%BB%E3%82%A8%E3%83%83%E3%82%BB%E3%83%B3%E3%82%B7%E3%83%A3%E3%83%AB%E3%83%BB%E3%83%9E%E3%82%B9%E3%82%AF%E3%83%91%E3%83%83%E3%82%AF10%E6%9E%9A%E5%85%A5%E3%82%8A3%E7%AE%B1/dp/B082PTHPRQ?_encoding=UTF8&psc=1
#43,"ミルボン ディーセス エルジューダMO 120ml
        ",https://www.amazon.co.jp/%E3%83%9F%E3%83%AB%E3%83%9C%E3%83%B3-MILBON-%E3%83%87%E3%82%A3%E3%83%BC%E3%82%BB%E3%82%B9-%E3%82%A8%E3%83%AB%E3%82%B8%E3%83%A5%E3%83%BC%E3%83%80MO-120ml/dp/B0076JBOBC?_encoding=UTF8&psc=1
#44,"シャンプー ＆ トリートメント 【 無添加 天然由来洗浄 】 オルナ オーガニック ボタニカル ノンシリコンシャンプー / ボタニカル トリートメント 500ml&500ml ヒアルロン酸 コラーゲン ビタミンC誘導体 セラミド 配合 スムースセット
        ",https://www.amazon.co.jp/%E3%82%AA%E3%83%BC%E3%82%AC%E3%83%8B%E3%83%83%E3%82%AF-%E3%83%8E%E3%83%B3%E3%82%B7%E3%83%AA%E3%82%B3%E3%83%B3-%E3%82%A2%E3%83%9F%E3%83%8E%E9%85%B8%E7%B3%BB%E6%B4%97%E6%B5%84-%E3%83%88%E3%83%AA%E3%83%BC%E3%83%88%E3%83%A1%E3%83%B3%E3%83%88-%E3%83%93%E3%82%BF%E3%83%9F%E3%83%B3C%E8%AA%98%E5%B0%8E%E4%BD%93/dp/B073W1637L?_encoding=UTF8&psc=1
#45,"【Amazon.co.jp限定】 クリニカ アドバンテージ [医薬部外品]デンタルリンス 低刺激タイプ(ノンアルコール) 900ml×2個+ミニハミガキ 30g×2個
        ",https://www.amazon.co.jp/%E3%80%90Amazon-co-jp%E9%99%90%E5%AE%9A%E3%80%91-%E3%82%AF%E3%83%AA%E3%83%8B%E3%82%AB-%E3%82%A2%E3%83%89%E3%83%90%E3%83%B3%E3%83%86%E3%83%BC%E3%82%B8-%E3%83%87%E3%83%B3%E3%82%BF%E3%83%AB%E3%83%AA%E3%83%B3%E3%82%B9-900ml%C3%972%E5%80%8B/dp/B08425ZTZZ?_encoding=UTF8&psc=1
#46,"ウエラトーン2+1 クリームタイプ 4B [医薬部外品](おしゃれな白髪染め)
        ",https://www.amazon.co.jp/%E3%82%A6%E3%82%A8%E3%83%A9%E3%83%88%E3%83%BC%E3%83%B32-%E3%82%AF%E3%83%AA%E3%83%BC%E3%83%A0%E3%82%BF%E3%82%A4%E3%83%97-4B-%E5%8C%BB%E8%96%AC%E9%83%A8%E5%A4%96%E5%93%81-%E3%81%8A%E3%81%97%E3%82%83%E3%82%8C%E3%81%AA%E7%99%BD%E9%AB%AA%E6%9F%93%E3%82%81/dp/B014KNY5XK?_encoding=UTF8&psc=1
#47,"ビオレ おうちdeエステ 洗顔ジェル なめらか 単品 150g
        ",https://www.amazon.co.jp/%E3%83%93%E3%82%AA%E3%83%AC-%E3%81%8A%E3%81%86%E3%81%A1de%E3%82%A8%E3%82%B9%E3%83%86-%E6%B4%97%E9%A1%94%E3%82%B8%E3%82%A7%E3%83%AB-%E3%81%AA%E3%82%81%E3%82%89%E3%81%8B/dp/B0759HMBJK?_encoding=UTF8&psc=1
#48,"まつ毛美容液 まつげケア 人幹細胞培養液 人気ランキング エターナルアイラッシュ 【約２ヶ月分/6ml/日本製】
        ",https://www.amazon.co.jp/%E3%81%BE%E3%81%A4%E6%AF%9B-%E7%BE%8E%E5%AE%B9%E6%B6%B2-%E4%BA%BA%E5%B9%B9%E7%B4%B0%E8%83%9E%E5%9F%B9%E9%A4%8A%E6%B6%B2-%E3%83%8A%E3%83%8E%E3%82%AD%E3%83%A5%E3%83%BC%E3%83%96-%E3%82%A8%E3%82%BF%E3%83%BC%E3%83%8A%E3%83%AB%E3%82%A2%E3%82%A4%E3%83%A9%E3%83%83%E3%82%B7%E3%83%A5%E6%97%A5%E6%9C%AC%E8%A3%BD/dp/B07FDF51G6?_encoding=UTF8&psc=1
#49,"クリニカ アドバンテージハブラシ 4列 超コンパク ト ふつう(※色は選べません) 超コンパクト 単品 3本
        ",https://www.amazon.co.jp/%E3%82%AF%E3%83%AA%E3%83%8B%E3%82%AB%E3%82%A2%E3%83%89%E3%83%90%E3%83%B3%E3%83%86%E3%83%BC%E3%82%B8%E3%83%8F%E3%83%96%E3%83%A9%E3%82%B7-4%E5%88%97-%E8%B6%85%E3%82%B3%E3%83%B3%E3%83%91%E3%82%AF-%E3%81%B5%E3%81%A4%E3%81%86-3%E6%9C%AC%E3%83%91%E3%83%83%E3%82%AF/dp/B00FXOBY76?_encoding=UTF8&psc=1
#50,"Nile ボリュームアップスカルプシャンプー メンズ アミノ酸シャンプー ノンシリコン リンス成分配合
        ",https://www.amazon.co.jp/Nile-%E6%BF%83%E5%AF%86%E6%B3%A1%E3%82%B9%E3%82%AB%E3%83%AB%E3%83%97%E3%82%B7%E3%83%A3%E3%83%B3%E3%83%97%E3%83%BC-%E3%82%A2%E3%83%9F%E3%83%8E%E9%85%B8%E3%82%B7%E3%83%A3%E3%83%B3%E3%83%97%E3%83%BC-%E3%83%8E%E3%83%B3%E3%82%B7%E3%83%AA%E3%82%B3%E3%83%B3-%E3%83%AA%E3%83%B3%E3%82%B9%E3%82%A4%E3%83%B3%E3%82%B7%E3%83%A3%E3%83%B3%E3%83%97%E3%83%BC280ml/dp/B084Q5L3X4?_encoding=UTF8&psc=1
