#1,"ハイセンス 全自動洗濯機 4.5kg HW-K45E 本体幅50cm 最短10分洗濯 ひとり暮らし ホワイト/ホワイト 2020年モデル
        ",https://www.amazon.co.jp/%E3%83%8F%E3%82%A4%E3%82%BB%E3%83%B3%E3%82%B9-HW-K45E-%E6%9C%AC%E4%BD%93%E5%B9%8550cm-%E6%9C%80%E7%9F%AD10%E5%88%86%E6%B4%97%E6%BF%AF-2020%E5%B9%B4%E3%83%A2%E3%83%87%E3%83%AB/dp/B08B13BXQL?_encoding=UTF8&psc=1
#2,"Kitdine 冷蔵庫 マット キズ防止 凹み防止 床保護シート70×75cm 〜600Lクラス 無色 透明 国内正規一年保証 (Lサイズ)
        ",https://www.amazon.co.jp/Kitdine-%E5%BA%8A%E4%BF%9D%E8%AD%B7%E3%82%B7%E3%83%BC%E3%83%88L%E3%82%B5%E3%82%A4%E3%82%BA-%E3%80%9C600L%E3%82%AF%E3%83%A9%E3%82%B9-%E5%9B%BD%E5%86%85%E6%AD%A3%E8%A6%8F%E4%B8%80%E5%B9%B4%E4%BF%9D%E8%A8%BC-2mm-600L%E3%82%AF%E3%83%A9%E3%82%B9/dp/B07XRCQB4T?_encoding=UTF8&psc=1
#3,"ハイセンス 冷凍冷蔵庫(幅48.1cm) 93L 2ドア 右開き HR-B95A ひとり暮らし ホワイト
        ",https://www.amazon.co.jp/Hisense-%E3%83%8F%E3%82%A4%E3%82%BB%E3%83%B3%E3%82%B9-HR-B95A-%E5%86%B7%E5%87%8D%E5%86%B7%E8%94%B5%E5%BA%AB-93L/dp/B01MFETABP?_encoding=UTF8&psc=1
#4,"東洋アルミ フレームカバーNEW60cm用 2416
        ",https://www.amazon.co.jp/%E6%9D%B1%E6%B4%8B%E3%82%A2%E3%83%AB%E3%83%9F-TOYO-ALUMINIUM-2416-%E3%83%95%E3%83%AC%E3%83%BC%E3%83%A0%E3%82%AB%E3%83%90%E3%83%BCNEW60cm%E7%94%A8/dp/B00H37Q7XC?_encoding=UTF8&psc=1
#5,"【2020年5月新製品】洗濯機用防振ゴム 4枚入り st-001 6cm×6cm departure
        ",https://www.amazon.co.jp/%E3%80%902020%E5%B9%B45%E6%9C%88%E6%96%B0%E8%A3%BD%E5%93%81%E3%80%91%E6%B4%97%E6%BF%AF%E6%A9%9F%E7%94%A8%E9%98%B2%E6%8C%AF%E3%82%B4%E3%83%A0-4%E6%9E%9A%E5%85%A5%E3%82%8A-st-001-6cm%C3%976cm-departure/dp/B087NFK2VY?_encoding=UTF8&psc=1
#6,"洗濯機 台 DEWEL キャスター付き 置き台 冷蔵庫 台 ジャッキ付き 移動できる洗濯機パン 減音防振 360度回転 目盛り付き 多サイズ対応 伸縮式奥行/幅:44.8~69cm 耐荷重:500kg 昇降可能 異音振動軽減
        ",https://www.amazon.co.jp/DEWEL-%E8%80%90%E8%8D%B7%E9%87%8D%E7%B4%84500kg-%E5%A5%A5%E8%A1%8C44-8%EF%BD%9E69cm-%E3%82%AD%E3%83%A3%E3%82%B9%E3%82%BF%E3%83%BC%E4%BB%98%E3%81%8D-%E4%B8%88%E5%A4%AB-%E3%82%B9%E3%83%86%E3%82%A4%E3%83%B3%E3%83%AC%E3%82%B9%E8%A3%BD/dp/B07R7Q2QZP?_encoding=UTF8&psc=1
#7,"洗濯機 台 Lifinsky 冷蔵庫置き台 キャスター付 かさ上げ 移動式 昇降可能 幅/奥行46.5-68cm 減音効果 防振パッド付き 灰色
        ",https://www.amazon.co.jp/Lifinsky-%E5%86%B7%E8%94%B5%E5%BA%AB%E7%BD%AE%E3%81%8D%E5%8F%B0-%E3%82%AD%E3%83%A3%E3%82%B9%E3%82%BF%E3%83%BC%E4%BB%98-%E5%A5%A5%E8%A1%8C46-5-68cm-%E9%98%B2%E6%8C%AF%E3%83%91%E3%83%83%E3%83%89%E4%BB%98%E3%81%8D/dp/B07SLX2HX6?_encoding=UTF8&psc=1
#8,"HITACHI 自動製氷機能付冷蔵庫交換用浄水フィルター RJK-30
        ",https://www.amazon.co.jp/%E6%97%A5%E7%AB%8B-HITACHI-RJK-30-%E8%87%AA%E5%8B%95%E8%A3%BD%E6%B0%B7%E6%A9%9F%E8%83%BD%E4%BB%98%E5%86%B7%E8%94%B5%E5%BA%AB%E4%BA%A4%E6%8F%9B%E7%94%A8%E6%B5%84%E6%B0%B4%E3%83%95%E3%82%A3%E3%83%AB%E3%82%BF%E3%83%BC/dp/B0000C91EK?_encoding=UTF8&psc=1
#9,"ECO SPACE 冷蔵庫 マット Sサイズ 53×62cm 〜200Lクラス 厚さ2mm キズ防止 凹み防止 無色 透明 床保護シート
        ",https://www.amazon.co.jp/ECO-SPACE-53%C3%9762cm-%E3%80%9C200L%E3%82%AF%E3%83%A9%E3%82%B9-%E5%BA%8A%E4%BF%9D%E8%AD%B7%E3%82%B7%E3%83%BC%E3%83%88/dp/B08HYSYMVG?_encoding=UTF8&psc=1
#10,"シャープ 「純正品」 糸くずフィルター ES-LP1
        ",https://www.amazon.co.jp/%E3%82%B7%E3%83%A3%E3%83%BC%E3%83%97-SHARP-ES-LP1-%E3%80%8C%E7%B4%94%E6%AD%A3%E5%93%81%E3%80%8D-%E7%B3%B8%E3%81%8F%E3%81%9A%E3%83%95%E3%82%A3%E3%83%AB%E3%82%BF%E3%83%BC/dp/B079PPS6GQ?_encoding=UTF8&psc=1
#11,"アイリスオーヤマ 冷蔵庫 142L (幅約50cm) 冷凍室52L 右開き 静音 シルバー IRSD-14A-S
        ",https://www.amazon.co.jp/%E3%82%A2%E3%82%A4%E3%83%AA%E3%82%B9%E3%82%AA%E3%83%BC%E3%83%A4%E3%83%9E-142L-%E5%86%B7%E5%87%8D%E5%86%B7%E8%94%B5%E5%BA%AB-%E3%83%8E%E3%83%B3%E3%83%95%E3%83%AD%E3%83%B3-IRSD-14A-S/dp/B07Z89K1CN?_encoding=UTF8&psc=1
#12,"シャープ SHARP 洗濯機 ES-GW11E-S シルバー系 穴なし槽 インバーター搭載 11kg
        ",https://www.amazon.co.jp/%E3%82%B7%E3%83%A3%E3%83%BC%E3%83%97-SHARP-ES-GW11E-S-%E3%82%B7%E3%83%AB%E3%83%90%E3%83%BC%E7%B3%BB-%E3%82%A4%E3%83%B3%E3%83%90%E3%83%BC%E3%82%BF%E3%83%BC%E6%90%AD%E8%BC%89/dp/B08JYXFS7C?_encoding=UTF8&psc=1
#13,"シャープ[SHARP] 純正 洗濯機用糸くずフィルター ES-LP1（２個セット）
        ",https://www.amazon.co.jp/%E3%82%B7%E3%83%A3%E3%83%BC%E3%83%97-SHARP-%E7%B4%94%E6%AD%A3-%E6%B4%97%E6%BF%AF%E6%A9%9F%E7%94%A8%E7%B3%B8%E3%81%8F%E3%81%9A%E3%83%95%E3%82%A3%E3%83%AB%E3%82%BF%E3%83%BC-ES-LP1%EF%BC%88%EF%BC%92%E5%80%8B%E3%82%BB%E3%83%83%E3%83%88%EF%BC%89/dp/B07NPSGYDB?_encoding=UTF8&psc=1
#14,"SANEI 風呂水給水ホースセット PT171-871S-4 グレー & 洗濯の給水ポンプに バスポンプフィルター PM791-1SA【セット買い】
        ",https://www.amazon.co.jp/SANEI-%E9%A2%A8%E5%91%82%E6%B0%B4%E7%B5%A6%E6%B0%B4%E3%83%9B%E3%83%BC%E3%82%B9%E3%82%BB%E3%83%83%E3%83%88-PT171-871S-4-%E3%83%90%E3%82%B9%E3%83%9D%E3%83%B3%E3%83%97%E3%83%95%E3%82%A3%E3%83%AB%E3%82%BF%E3%83%BC-PM791-1SA%E3%80%90%E3%82%BB%E3%83%83%E3%83%88%E8%B2%B7%E3%81%84%E3%80%91/dp/B08L3415VG?_encoding=UTF8&psc=1
#15,"日立 糸くずフィルター NET-KD9SV （部品番号 NET-KD9SV 001）
        ",https://www.amazon.co.jp/%E6%97%A5%E7%AB%8B-%E3%80%8C%E7%B4%94%E6%AD%A3%E5%93%81%E3%80%8D-%E6%B4%97%E6%BF%AF%E6%A9%9F%E7%94%A8-%E7%B3%B8%E3%81%8F%E3%81%9A%E3%83%95%E3%82%A3%E3%83%AB%E3%82%BF%E3%83%BC-NET-KD9SV/dp/B00HZEVI8W?_encoding=UTF8&psc=1
#16,"シャープ SHARP ガラスドア 冷蔵庫 (幅48.0cm) 137L プラズマクラスター 両開き 2ドア (つけかえどっちもドア) クリアホワイトSJ-GD14F-W
        ",https://www.amazon.co.jp/%E3%82%B7%E3%83%A3%E3%83%BC%E3%83%97-SHARP-%E3%83%97%E3%83%A9%E3%82%BA%E3%83%9E%E3%82%AF%E3%83%A9%E3%82%B9%E3%82%BF%E3%83%BC-%E3%81%A4%E3%81%91%E3%81%8B%E3%81%88%E3%81%A9%E3%81%A3%E3%81%A1%E3%82%82%E3%83%89%E3%82%A2-%E3%82%AF%E3%83%AA%E3%82%A2%E3%83%9B%E3%83%AF%E3%82%A4%E3%83%88SJ-GD14F-W/dp/B0819BF1FZ?_encoding=UTF8&psc=1
#17,"タカギ(Takagi) nano next (SK) 10m 全自動洗濯機用分岐栓セット
        ",https://www.amazon.co.jp/%E3%82%BF%E3%82%AB%E3%82%AE-Takagi-nano-next-%E5%85%A8%E8%87%AA%E5%8B%95%E6%B4%97%E6%BF%AF%E6%A9%9F%E7%94%A8%E5%88%86%E5%B2%90%E6%A0%93%E3%82%BB%E3%83%83%E3%83%88/dp/B08431F6S8?_encoding=UTF8&psc=1
#18,"キレイディア 兼用型レンジフードフィルター お徳用１０枚入
        ",https://www.amazon.co.jp/%E4%B8%89%E8%8F%B1%E3%82%A2%E3%83%AB%E3%83%9F%E3%83%8B%E3%82%A6%E3%83%A0-%E5%85%BC%E7%94%A8%E5%9E%8B%E3%83%AC%E3%83%B3%E3%82%B8%E3%83%95%E3%83%BC%E3%83%89%E3%83%95%E3%82%A3%E3%83%AB%E3%82%BF%E3%83%BC10P/dp/B0049P2V36?_encoding=UTF8&psc=1
#19,"アイリスオーヤマ 冷凍庫 100L 上開き 静音 温度調節3段階 静音 省エネ 大容量 ホワイト PF-A100TD-W
        ",https://www.amazon.co.jp/%E3%82%A2%E3%82%A4%E3%83%AA%E3%82%B9%E3%82%AA%E3%83%BC%E3%83%A4%E3%83%9E-%E5%86%B7%E5%87%8D%E5%BA%AB-100L-1%E3%83%89%E3%82%A2-PF-A100TD-W/dp/B01N26N14X?_encoding=UTF8&psc=1
#20,"日立 冷蔵庫 520L 6ドア 強化ガラスドア 観音開き 本体日本製 幅65.0cm まるごとチルド R-HW52K XW クリスタルホワイト
        ",https://www.amazon.co.jp/%E6%97%A5%E7%AB%8B-520L-6%E3%83%89%E3%82%A2%E5%86%B7%E8%94%B5%E5%BA%AB%EF%BC%88%E3%82%AF%E3%83%AA%E3%82%B9%E3%82%BF%E3%83%AB%E3%83%9B%E3%83%AF%E3%82%A4%E3%83%88%EF%BC%89HITACHI-HW%E3%82%B7%E3%83%AA%E3%83%BC%E3%82%BA-R-HW52K-XW/dp/B07NHKC2TN?_encoding=UTF8&psc=1
#21,"シャープ ドラム式 洗濯乾燥機 ヒーターセンサー乾燥 右開き(ヒンジ右) 洗濯7kg/乾燥3.5kg ホワイト系 幅640mm 奥行600mm DDインバーター搭載 2020年モデル ES-S7E-WR
        ",https://www.amazon.co.jp/%E3%82%B7%E3%83%A3%E3%83%BC%E3%83%97-%E3%83%92%E3%83%BC%E3%82%BF%E3%83%BC%E3%82%BB%E3%83%B3%E3%82%B5%E3%83%BC%E4%B9%BE%E7%87%A5-DD%E3%82%A4%E3%83%B3%E3%83%90%E3%83%BC%E3%82%BF%E3%83%BC%E6%90%AD%E8%BC%89-2020%E5%B9%B4%E3%83%A2%E3%83%87%E3%83%AB-ES-S7E-WR/dp/B084S3399V?_encoding=UTF8&psc=1
#22,"Panasonic 洗濯機 糸くずフィルター AXW22A-9MB0 (2個)
        ",https://www.amazon.co.jp/Panasonic-%E6%B4%97%E6%BF%AF%E6%A9%9F-%E7%B3%B8%E3%81%8F%E3%81%9A%E3%83%95%E3%82%A3%E3%83%AB%E3%82%BF%E3%83%BC-AXW22A-9MB0-2%E5%80%8B/dp/B0827XP1HT?_encoding=UTF8&psc=1
#23,"アイリスオーヤマ ドラム式洗濯機 7.5kg 温水洗浄機能付き 左開き 幅595mm 奥行672mm 2019年モデル HD71
        ",https://www.amazon.co.jp/%E3%82%A2%E3%82%A4%E3%83%AA%E3%82%B9%E3%82%AA%E3%83%BC%E3%83%A4%E3%83%9E-%E3%83%89%E3%83%A9%E3%83%A0%E5%BC%8F%E6%B4%97%E6%BF%AF%E6%A9%9F%E3%80%90%E5%B7%A6%E9%96%8B%E3%81%8D%E3%80%91%E3%83%9B%E3%83%AF%E3%82%A4%E3%83%88-%E3%82%B7%E3%83%AB%E3%83%90%E3%83%BCIRIS-%EF%BC%88%E4%B9%BE%E7%87%A5%E6%A9%9F%E8%83%BD%E7%84%A1%E3%81%97%EF%BC%89-HD71-W/dp/B07L6W1HGX?_encoding=UTF8&psc=1
#24,"三菱 冷蔵庫 自動製氷機用 浄水フィルター光除菌 鉛クリーンタイプ M20KWO526
        ",https://www.amazon.co.jp/%E5%86%B7%E8%94%B5%E5%BA%AB-%E8%87%AA%E5%8B%95%E8%A3%BD%E6%B0%B7%E6%A9%9F%E7%94%A8-%E6%B5%84%E6%B0%B4%E3%83%95%E3%82%A3%E3%83%AB%E3%82%BF%E3%83%BC%E5%85%89%E9%99%A4%E8%8F%8C-%E9%89%9B%E3%82%AF%E3%83%AA%E3%83%BC%E3%83%B3%E3%82%BF%E3%82%A4%E3%83%97-M20KWO526/dp/B00R0Q64B6?_encoding=UTF8&psc=1
#25,"maxzen 全自動 洗濯機 5.5kg 一人暮らし マクスゼン チャイルドロック ホワイト JW55WP01WH
        ",https://www.amazon.co.jp/maxzen-5-5kg-%E4%B8%80%E4%BA%BA%E6%9A%AE%E3%82%89%E3%81%97-%E3%83%81%E3%83%A3%E3%82%A4%E3%83%AB%E3%83%89%E3%83%AD%E3%83%83%E3%82%AF-JW55WP01WH/dp/B07MZM19LZ?_encoding=UTF8&psc=1
#26,"おそうじブラシ AXW22R-9DA0 互換品 お掃除ブラシ ドラム式洗濯機
        ",https://www.amazon.co.jp/%E3%81%8A%E3%81%9D%E3%81%86%E3%81%98%E3%83%96%E3%83%A9%E3%82%B7-AXW22R-9DA0-%E4%BA%92%E6%8F%9B%E5%93%81-%E3%81%8A%E6%8E%83%E9%99%A4%E3%83%96%E3%83%A9%E3%82%B7-%E3%83%89%E3%83%A9%E3%83%A0%E5%BC%8F%E6%B4%97%E6%BF%AF%E6%A9%9F/dp/B0885SK6K2?_encoding=UTF8&psc=1
#27,"kubo 冷蔵庫 マット キズ防止 凹み防止 床保護マット Mサイズ 65 x 70cm ~ 500Lクラス 厚さ2mm 耐熱 耐震 防水 滑り止め 洗濯機 マット防振 無色 傷防止 透明 環境に優しい素材 2年保証 熱と衝撃に強いポリカーボネート製 (m)
        ",https://www.amazon.co.jp/kubo-%E5%BA%8A%E4%BF%9D%E8%AD%B7%E3%83%9E%E3%83%83%E3%83%88-%E5%8E%9A%E3%81%952mm-%E7%92%B0%E5%A2%83%E3%81%AB%E5%84%AA%E3%81%97%E3%81%84%E7%B4%A0%E6%9D%90-%E7%86%B1%E3%81%A8%E8%A1%9D%E6%92%83%E3%81%AB%E5%BC%B7%E3%81%84%E3%83%9D%E3%83%AA%E3%82%AB%E3%83%BC%E3%83%9C%E3%83%8D%E3%83%BC%E3%83%88%E8%A3%BD/dp/B0876TV5XJ?_encoding=UTF8&psc=1
#28,"CREEKS 冷蔵庫マット Sサイズ 53×62cm 〜200Lクラス RM-01
        ",https://www.amazon.co.jp/CREEKS%E3%80%90-%E5%B0%82%E9%96%80%E5%BA%97%E3%80%91-65%C3%9770cm-%E3%80%9C500L%E3%82%AF%E3%83%A9%E3%82%B9-RM-02%EF%BC%9C%E5%9B%BD%E5%86%85%E6%AD%A3%E8%A6%8F1%E5%B9%B4%E4%BF%9D%E8%A8%BC%EF%BC%9E/dp/B07NKV9R37?_encoding=UTF8&psc=1
#29,"ELPA エルパ 朝日電器 糸くずフィルター JW-RFG50ADH
        ",https://www.amazon.co.jp/%E6%9C%9D%E6%97%A5%E9%9B%BB%E5%99%A8-%E3%82%A4%E3%83%88%E3%82%AF%E3%82%BA%E3%83%95%E3%82%A3%E3%83%AB%E3%82%BF%E3%83%BC-HA-%E3%83%9B%E3%83%AF%E3%82%A4%E3%83%88-JW-RFG50ADH/dp/B006K0C732?_encoding=UTF8&psc=1
#30,"冷凍庫 家庭用 小型 32L ノンフロン チェストフリーザー 右開き フリーザー ストッカー 冷凍 氷 食材 食品 食糧 冷凍食品 保存 ストック キッチン家電 ガンメタリック ブラック maxzen JF032ML01GM
        ",https://www.amazon.co.jp/%E3%83%81%E3%82%A7%E3%82%B9%E3%83%88%E3%83%95%E3%83%AA%E3%83%BC%E3%82%B6%E3%83%BC-%E3%82%AD%E3%83%83%E3%83%81%E3%83%B3%E5%AE%B6%E9%9B%BB-%E3%82%AC%E3%83%B3%E3%83%A1%E3%82%BF%E3%83%AA%E3%83%83%E3%82%AF-maxzen-JF032ML01GM/dp/B088TCSNWW?_encoding=UTF8&psc=1
#31,"ドラム式洗濯機用 ゴミ取り 糸くず取りフィルター（54枚入）
        ",https://www.amazon.co.jp/%E3%83%93%E3%83%BC%E3%83%AF%E3%83%B3%E3%82%B7%E3%83%A7%E3%83%83%E3%83%97-%E3%83%89%E3%83%A9%E3%83%A0%E5%BC%8F%E6%B4%97%E6%BF%AF%E6%A9%9F%E7%94%A8-%E3%82%B4%E3%83%9F%E5%8F%96%E3%82%8A-%E7%B3%B8%E3%81%8F%E3%81%9A%E5%8F%96%E3%82%8A%E3%83%95%E3%82%A3%E3%83%AB%E3%82%BF%E3%83%BC%EF%BC%8854%E6%9E%9A%E5%85%A5%EF%BC%89/dp/B07ZJ3FZRN?_encoding=UTF8&psc=1
#32,"日立 タテ型洗濯乾燥機 ビートウォッシュ 洗濯12kg/洗濯~乾燥6kg 本体幅61cm 本体日本製 液体洗剤・柔軟剤自動投入 BW-DX120C W ホワイト
        ",https://www.amazon.co.jp/%E6%97%A5%E7%AB%8B-12-0kg-%E3%83%9B%E3%83%AF%E3%82%A4%E3%83%88HITACHI-%E3%83%93%E3%83%BC%E3%83%88%E3%82%A6%E3%82%A9%E3%83%83%E3%82%B7%E3%83%A5-BW-DX120C-W/dp/B07JLVNR2P?_encoding=UTF8&psc=1
#33,"日立 洗濯機用糸くずフィルターHITACHI NET-KD9SV ２個パック品
        ",https://www.amazon.co.jp/%E6%97%A5%E7%AB%8B-HITACHI-%E6%B4%97%E6%BF%AF%E6%A9%9F%E7%94%A8%E7%B3%B8%E3%81%8F%E3%81%9A%E3%83%95%E3%82%A3%E3%83%AB%E3%82%BF%E3%83%BCHITACHI-NET-KD9SV-%EF%BC%92%E5%80%8B%E3%83%91%E3%83%83%E3%82%AF%E5%93%81/dp/B01CCEMX3S?_encoding=UTF8&psc=1
#34,"SANEI 洗濯機給水ホース 全自動用 元口付き ワンタッチ接続 50cm PT17-1-0.5
        ",https://www.amazon.co.jp/SANEI-%E6%97%A7%E7%A4%BE%E5%90%8D-%E4%B8%89%E6%A0%84%E6%B0%B4%E6%A0%93%E8%A3%BD%E4%BD%9C%E6%89%80-PT17-1-0-5-%E3%80%90%E8%87%AA%E5%8B%95%E6%B4%97%E6%BF%AF%E6%A9%9F%E7%B5%A6%E6%B0%B4%E3%83%9B%E3%83%BC%E3%82%B9%E3%80%91/dp/B004XEZSYM?_encoding=UTF8&psc=1
#35,"AstroAI 冷蔵庫 小型 ミニ冷蔵庫 小型冷蔵庫 冷温庫 保温 冷温庫 4L 小型でポータブル 化粧品 家庭 車載両用 保温 保冷 2電源式 便利な携帯式 コンパクト プレゼント日本語説明書 3年保証付き (ブラック)
        ",https://www.amazon.co.jp/AstroAI-%E5%B0%8F%E5%9E%8B%E3%81%A7%E3%83%9D%E3%83%BC%E3%82%BF%E3%83%96%E3%83%AB-%E4%BE%BF%E5%88%A9%E3%81%AA%E6%90%BA%E5%B8%AF%E5%BC%8F-%E6%97%A5%E6%9C%AC%E8%AA%9E%E8%AA%AC%E6%98%8E%E6%9B%B8-3%E5%B9%B4%E4%BF%9D%E8%A8%BC%E4%BB%98%E3%81%8D/dp/B07RXK37LL?_encoding=UTF8&psc=1
#36,"EENOUR 冷温庫 10L ポータブル 小型 冷蔵庫 保温・保冷用 -2℃60℃ 温度調節可 ワンタッチ操作 LCD温度表示 発泡ウレタン採用 断熱性能抜群 省エネ ペルチェ式 静音 AC/DC給電 車載用 車中泊 キャンプ アウトドア 家庭用 24ヶ月保証
        ",https://www.amazon.co.jp/EENOUR-2%E2%84%83%EF%BD%9E60%E2%84%83-%E3%83%AF%E3%83%B3%E3%82%BF%E3%83%83%E3%83%81%E6%93%8D%E4%BD%9C-LCD%E6%B8%A9%E5%BA%A6%E8%A1%A8%E7%A4%BA-%E7%99%BA%E6%B3%A1%E3%82%A6%E3%83%AC%E3%82%BF%E3%83%B3%E6%8E%A1%E7%94%A8/dp/B08FHY9LGM?_encoding=UTF8&psc=1
#37,"シャープ 洗濯機 糸くずフィルター（リントフィルター） ESTG70GN 2103370353
        ",https://www.amazon.co.jp/%E3%82%B7%E3%83%A3%E3%83%BC%E3%83%97-%E6%B4%97%E6%BF%AF%E6%A9%9F-%E7%B3%B8%E3%81%8F%E3%81%9A%E3%83%95%E3%82%A3%E3%83%AB%E3%82%BF%E3%83%BC%EF%BC%88%E3%83%AA%E3%83%B3%E3%83%88%E3%83%95%E3%82%A3%E3%83%AB%E3%82%BF%E3%83%BC%EF%BC%89-ESTG70GN-2103370353/dp/B008RF4Q3C?_encoding=UTF8&psc=1
#38,"アイリスオーヤマ 冷凍庫 142L 上開き ノンフロン 温度調節6段階 大容量 静音 省エネ ホワイト ICSD-14A-W
        ",https://www.amazon.co.jp/%E3%82%A2%E3%82%A4%E3%83%AA%E3%82%B9%E3%82%AA%E3%83%BC%E3%83%A4%E3%83%9E-142L-%E3%83%8E%E3%83%B3%E3%83%95%E3%83%AD%E3%83%B3-%E6%B8%A9%E5%BA%A6%E8%AA%BF%E7%AF%806%E6%AE%B5%E9%9A%8E-ICSD-14A-W/dp/B07VQLQGLT?_encoding=UTF8&psc=1
#39,"パナソニック 糸くず（リント）フィルター AXW22A-6RUO 洗濯機付け替え用
        ",https://www.amazon.co.jp/%E3%83%91%E3%83%8A%E3%82%BD%E3%83%8B%E3%83%83%E3%82%AF-Panasonic-%E7%B3%B8%E3%81%8F%E3%81%9A%EF%BC%88%E3%83%AA%E3%83%B3%E3%83%88%EF%BC%89%E3%83%95%E3%82%A3%E3%83%AB%E3%82%BF%E3%83%BC-AXW22A-6RUO-%E6%B4%97%E6%BF%AF%E6%A9%9F%E4%BB%98%E3%81%91%E6%9B%BF%E3%81%88%E7%94%A8/dp/B002MWZKV8?_encoding=UTF8&psc=1
#40,"縦型洗濯機用フィルター 20枚入 糸くずケース 洗濯ネット ゴミ取り 掃除 ペットの毛 細かなごみ 楽 カット可 約9×16cm
        ",https://www.amazon.co.jp/%E3%82%B3%E3%83%A2%E3%83%A9%E3%82%A4%E3%83%95-%E7%B8%A6%E5%9E%8B%E6%B4%97%E6%BF%AF%E6%A9%9F%E7%94%A8%E3%83%95%E3%82%A3%E3%83%AB%E3%82%BF%E3%83%BC-%E7%B3%B8%E3%81%8F%E3%81%9A%E3%82%B1%E3%83%BC%E3%82%B9-%E7%B4%849%C3%9716cm-%E3%82%AB%E3%83%83%E3%83%88%E5%8F%AF/dp/B07Z9JXC6Z?_encoding=UTF8&psc=1
#41,"シャープ 「純正品」 糸くずフィルター ES-LT1
        ",https://www.amazon.co.jp/%E3%82%B7%E3%83%A3%E3%83%BC%E3%83%97-SHARP-ES-LT1-%E3%80%8C%E7%B4%94%E6%AD%A3%E5%93%81%E3%80%8D-%E7%B3%B8%E3%81%8F%E3%81%9A%E3%83%95%E3%82%A3%E3%83%AB%E3%82%BF%E3%83%BC/dp/B079PLY17F?_encoding=UTF8&psc=1
#42,"東洋アルミエコープロダクツ 幅60用システムガスマットFlat!NEW シックブラック
        ",https://www.amazon.co.jp/%E6%9D%B1%E6%B4%8B%E3%82%A2%E3%83%AB%E3%83%9F-TOYO-ALUMINIUM-%E5%B9%8560%E3%8E%9D%E7%94%A8%E3%82%B7%E3%82%B9%E3%83%86%E3%83%A0%E3%82%AC%E3%82%B9%E3%83%9E%E3%83%83%E3%83%88Flat-%E3%82%B7%E3%83%83%E3%82%AF%E3%83%96%E3%83%A9%E3%83%83%E3%82%AF/dp/B00M6QFRCW?_encoding=UTF8&psc=1
#43,"アイリスオーヤマ 冷蔵庫 162L 静音 省エネ ノンフロン 冷凍冷蔵庫 ブラック IRSE-16A-B
        ",https://www.amazon.co.jp/%E3%82%A2%E3%82%A4%E3%83%AA%E3%82%B9%E3%82%AA%E3%83%BC%E3%83%A4%E3%83%9E-162L-%E3%83%8E%E3%83%B3%E3%83%95%E3%83%AD%E3%83%B3-%E5%86%B7%E5%87%8D%E5%86%B7%E8%94%B5%E5%BA%AB-IRSE-16A-B/dp/B07X2JH9LT?_encoding=UTF8&psc=1
#44,"ハイセンス 冷凍冷蔵庫(幅55cm) 282L 3ドア 右開き HR-G2801BR 自動霜取機能付き ダークブラウン
        ",https://www.amazon.co.jp/%E3%83%8F%E3%82%A4%E3%82%BB%E3%83%B3%E3%82%B9-282L-%E5%86%B7%E5%87%8D%E5%86%B7%E8%94%B5%E5%BA%AB-%E3%83%80%E3%83%BC%E3%82%AF%E3%83%96%E3%83%A9%E3%82%A6%E3%83%B3-HR-G2801BR/dp/B074W6WQV3?_encoding=UTF8&psc=1
#45,"ガオナ ホリダー・シモン 自動洗濯機用 給水ホース 0.8m ワンタッチ給水ジョイントセット (水漏れ防止 安心ストッパーつき 取付ネジ2サイズ兼用 取付簡単) GA-LC008
        ",https://www.amazon.co.jp/%E3%82%AC%E3%82%AA%E3%83%8A-%E3%83%AF%E3%83%B3%E3%82%BF%E3%83%83%E3%83%81%E7%B5%A6%E6%B0%B4%E3%82%B8%E3%83%A7%E3%82%A4%E3%83%B3%E3%83%88%E3%82%BB%E3%83%83%E3%83%88-%E5%AE%89%E5%BF%83%E3%82%B9%E3%83%88%E3%83%83%E3%83%91%E3%83%BC%E3%81%A4%E3%81%8D-%E5%8F%96%E4%BB%98%E3%83%8D%E3%82%B82%E3%82%B5%E3%82%A4%E3%82%BA%E5%85%BC%E7%94%A8-GA-LC008/dp/B01J7E6TLI?_encoding=UTF8&psc=1
#46,"山崎実業(Yamazaki) 伸縮 洗濯機排水口上ラック ホワイト 約37~64X15X12cm タワー 4338
        ",https://www.amazon.co.jp/%E5%B1%B1%E5%B4%8E%E5%AE%9F%E6%A5%AD-Yamazaki-%E4%BC%B8%E7%B8%AE%E6%B4%97%E6%BF%AF%E6%A9%9F%E6%8E%92%E6%B0%B4%E5%8F%A3%E4%B8%8A%E3%83%A9%E3%83%83%E3%82%AF-%E7%B4%84W37-64XD15XH12cm-4338/dp/B07MCBS65L?_encoding=UTF8&psc=1
#47,"maxzen 冷蔵庫 157L 大容量 2ドア 新生活 コンパクト 右開き オフィス 単身 家族 一人暮らし おしゃれ 白 ホワイト 1年保証 JR160ML01WH
        ",https://www.amazon.co.jp/maxzen-157L-%E3%82%B3%E3%83%B3%E3%83%91%E3%82%AF%E3%83%88-%E4%B8%80%E4%BA%BA%E6%9A%AE%E3%82%89%E3%81%97-JR160ML01WH/dp/B083J1M7BB?_encoding=UTF8&psc=1
#48,"洗濯機 台 キャスター付き Bexeze 洗濯機かさ上げ台 360°回転 奥行き47-67伸縮可能 移動式 昇降可能 騒音対策 減音効果 耐荷重500kg 防振パッド付き 全自動式対応 冷蔵庫台
        ",https://www.amazon.co.jp/%E3%82%AD%E3%83%A3%E3%82%B9%E3%82%BF%E3%83%BC%E4%BB%98%E3%81%8D-Bexeze-%E6%B4%97%E6%BF%AF%E6%A9%9F%E3%81%8B%E3%81%95%E4%B8%8A%E3%81%92%E5%8F%B0-%E5%A5%A5%E8%A1%8C%E3%81%8D47-67%E3%8E%9D%E4%BC%B8%E7%B8%AE%E5%8F%AF%E8%83%BD-%E8%80%90%E8%8D%B7%E9%87%8D500kg/dp/B07X32F15Q?_encoding=UTF8&psc=1
#49,"洗濯機 台 冷蔵庫置き台 Bexeze 洗濯機パン かさ上げ キャスター付 高さを調節可能 台座かさ上げ 幅/奥行4767cm 対応移動式 昇降可能 騒音対策 減音効果 耐荷重 500kg
        ",https://www.amazon.co.jp/%E5%86%B7%E8%94%B5%E5%BA%AB%E7%BD%AE%E3%81%8D%E5%8F%B0-Bexeze-%E3%82%AD%E3%83%A3%E3%82%B9%E3%82%BF%E3%83%BC%E4%BB%98-%E9%AB%98%E3%81%95%E3%82%92%E8%AA%BF%E7%AF%80%E5%8F%AF%E8%83%BD-%E5%A5%A5%E8%A1%8C47%EF%BD%9E67cm/dp/B088DB6S4M?_encoding=UTF8&psc=1
#50,"アイメディア ドラム式洗濯機用 ゴミ取りフィルター 糸くずフィルター 30枚入 ネット型 ネットタイプ 抗菌 防臭 白 (約)直径4.5×16cm 1009042
        ",https://www.amazon.co.jp/%E3%82%A2%E3%82%A4%E3%83%A1%E3%83%87%E3%82%A3%E3%82%A2-%E3%83%89%E3%83%A9%E3%83%A0%E5%BC%8F%E6%B4%97%E6%BF%AF%E6%A9%9F%E7%94%A8-%E3%82%B4%E3%83%9F%E5%8F%96%E3%82%8A%E3%83%95%E3%82%A3%E3%83%AB%E3%82%BF%E3%83%BC-%E7%9B%B4%E5%BE%844-5%C3%9716cm-1009042/dp/B08D66F6TZ?_encoding=UTF8&psc=1
