#1,"ブロックス BJV44
        ",https://www.amazon.co.jp/%E3%83%9E%E3%83%86%E3%83%AB-MATTEL-BJV44-%E3%83%96%E3%83%AD%E3%83%83%E3%82%AF%E3%82%B9/dp/B00FBWBM3G?_encoding=UTF8&psc=1
#2,"ウノ H2Oウノ カードゲーム
        ",https://www.amazon.co.jp/%E3%83%9E%E3%83%86%E3%83%AB-MATTEL-H8165-H2O%E3%82%A6%E3%83%8E-%E3%82%AB%E3%83%BC%E3%83%89%E3%82%B2%E3%83%BC%E3%83%A0/dp/B0007YJ7ZI?_encoding=UTF8&psc=1
#3,"ラングスジャパン(RANGS) リップスティックデラックスミニ プリズム
        ",https://www.amazon.co.jp/%E3%83%A9%E3%83%B3%E3%82%B0%E3%82%B9%E3%82%B8%E3%83%A3%E3%83%91%E3%83%B3-%E3%80%90Amazon-co-jp%E9%99%90%E5%AE%9A%E3%80%91%E3%83%A9%E3%83%B3%E3%82%B0%E3%82%B9%E3%82%B8%E3%83%A3%E3%83%91%E3%83%B3-RANGS-%E3%83%AA%E3%83%83%E3%83%97%E3%82%B9%E3%83%86%E3%82%A3%E3%83%83%E3%82%AF%E3%83%87%E3%83%A9%E3%83%83%E3%82%AF%E3%82%B9%E3%83%9F%E3%83%8B-%E3%83%97%E3%83%AA%E3%82%BA%E3%83%A0/dp/B087Z6PP3Z?_encoding=UTF8&psc=1
#4,"鬼滅の刃 DX日輪刀
        ",https://www.amazon.co.jp/BANDAI-00050027-%E9%AC%BC%E6%BB%85%E3%81%AE%E5%88%83-DX%E6%97%A5%E8%BC%AA%E5%88%80/dp/B08F32SXKG?_encoding=UTF8&psc=1
#5,"プレイ・ドー 8色セット こむぎねんど A7923 正規品
        ",https://www.amazon.co.jp/%E3%83%97%E3%83%AC%E3%82%A4%E3%83%BB%E3%83%89%E3%83%BC-8%E8%89%B2%E3%82%BB%E3%83%83%E3%83%88-%E3%81%93%E3%82%80%E3%81%8E%E3%81%AD%E3%82%93%E3%81%A9-A7923-%E6%AD%A3%E8%A6%8F%E5%93%81/dp/B07B98Q36G?_encoding=UTF8&psc=1
#6,"エポック アクアビーズ 5000ビーズバケツセット AQ-S63
        ",https://www.amazon.co.jp/%E3%82%A8%E3%83%9D%E3%83%83%E3%82%AF-EPOCH-AQ-S63-%E3%82%A2%E3%82%AF%E3%82%A2%E3%83%93%E3%83%BC%E3%82%BA-5000%E3%83%93%E3%83%BC%E3%82%BA%E3%83%90%E3%82%B1%E3%83%84%E3%82%BB%E3%83%83%E3%83%88/dp/B072PS6J6P?_encoding=UTF8&psc=1
#7,"アクアビーズ 鬼滅の刃　バケツセット
        ",https://www.amazon.co.jp/%E3%82%A8%E3%83%9D%E3%83%83%E3%82%AF-EPOCH-%E3%82%A2%E3%82%AF%E3%82%A2%E3%83%93%E3%83%BC%E3%82%BA-%E9%AC%BC%E6%BB%85%E3%81%AE%E5%88%83-%E3%83%90%E3%82%B1%E3%83%84%E3%82%BB%E3%83%83%E3%83%88/dp/B08KGMCC1M?_encoding=UTF8&psc=1
#8,"人生ゲーム
        ",https://www.amazon.co.jp/%E3%82%BF%E3%82%AB%E3%83%A9%E3%83%88%E3%83%9F%E3%83%BC-TAKARA-TOMY-%E4%BA%BA%E7%94%9F%E3%82%B2%E3%83%BC%E3%83%A0/dp/B01C812MAE?_encoding=UTF8&psc=1
#9,"ハズブロ ボードゲーム モノポリー クラシック C1009 正規品
        ",https://www.amazon.co.jp/%E3%83%8F%E3%82%BA%E3%83%96%E3%83%AD-HASBRO-C1009-%E3%83%A2%E3%83%8E%E3%83%9D%E3%83%AA%E3%83%BC-%E3%82%AF%E3%83%A9%E3%82%B7%E3%83%83%E3%82%AF/dp/B07BB4FDLG?_encoding=UTF8&psc=1
#10,"アルミ製パズルフレーム パネルマックス ブラック (18.2x25.7cm)
        ",https://www.amazon.co.jp/%E3%82%A8%E3%83%9D%E3%83%83%E3%82%AF-EPOCH-%E3%82%A2%E3%83%AB%E3%83%9F%E8%A3%BD%E3%83%91%E3%82%BA%E3%83%AB%E3%83%95%E3%83%AC%E3%83%BC%E3%83%A0-%E3%83%91%E3%83%8D%E3%83%AB%E3%83%9E%E3%83%83%E3%82%AF%E3%82%B9-18-2x25-7cm/dp/B0002YN9KM?_encoding=UTF8&psc=1
#11,"カタン スタンダード版
        ",https://www.amazon.co.jp/GP-AOTGP-CTNS6042-%E3%82%AB%E3%82%BF%E3%83%B3-%E3%82%B9%E3%82%BF%E3%83%B3%E3%83%80%E3%83%BC%E3%83%89%E7%89%88/dp/B017SB7QLO?_encoding=UTF8&psc=1
#12,"はぁって言うゲーム & 会話型心理ゲーム 人狼 (JIN-ROU)カード 日本製【セット買い】
        ",https://www.amazon.co.jp/%E3%81%AF%E3%81%81%E3%81%A3%E3%81%A6%E8%A8%80%E3%81%86%E3%82%B2%E3%83%BC%E3%83%A0-%E4%BC%9A%E8%A9%B1%E5%9E%8B%E5%BF%83%E7%90%86%E3%82%B2%E3%83%BC%E3%83%A0-JIN-ROU-%E3%82%AB%E3%83%BC%E3%83%89-%E6%97%A5%E6%9C%AC%E8%A3%BD%E3%80%90%E3%82%BB%E3%83%83%E3%83%88%E8%B2%B7%E3%81%84%E3%80%91/dp/B08KQFLNXP?_encoding=UTF8&psc=1
#13,"XENO (通常版)
        ",https://www.amazon.co.jp/XENO-%E3%82%BC%E3%83%8E-%E9%80%9A%E5%B8%B8%E7%89%88/dp/B07Y2ZZBGV?_encoding=UTF8&psc=1
#14,"レゴ (LEGO) クラシック 黄色のアイデアボックス スペシャル 10698
        ",https://www.amazon.co.jp/%E3%83%AC%E3%82%B4-LEGO-%E3%82%AF%E3%83%A9%E3%82%B7%E3%83%83%E3%82%AF-%E9%BB%84%E8%89%B2%E3%81%AE%E3%82%A2%E3%82%A4%E3%83%87%E3%82%A2%E3%83%9C%E3%83%83%E3%82%AF%E3%82%B9-10698/dp/B00PY3EYQO?_encoding=UTF8&psc=1
#15,"エポック(EPOCH) アクアビーズ フリップビーズトレイ W11.8xD15.8xH2.1cm PP AQ-297 & アクアビーズ Wアクアビーズペン W1.2xD1.5xH13.6cm ABS AQ-298【セット買い】
        ",https://www.amazon.co.jp/%E3%82%A8%E3%83%9D%E3%83%83%E3%82%AF-EPOCH-W11-8xD15-8xH2-1cm-W1-2xD1-5xH13-6cm-AQ-298%E3%80%90%E3%82%BB%E3%83%83%E3%83%88%E8%B2%B7%E3%81%84%E3%80%91/dp/B08NV17YVV?_encoding=UTF8&psc=1
#16,"レゴ(LEGO) スーパーマリオ ヨッシー と マリオハウス 71367
        ",https://www.amazon.co.jp/%E3%83%AC%E3%82%B4-LEGO-%E3%82%B9%E3%83%BC%E3%83%91%E3%83%BC%E3%83%9E%E3%83%AA%E3%82%AA-%E3%83%9E%E3%83%AA%E3%82%AA%E3%83%8F%E3%82%A6%E3%82%B9-71367/dp/B082WF8MB5?_encoding=UTF8&psc=1
#17,"アンパンマン にほんご えいご 二語文も! アンパンマン おしゃべりいっぱい! ことばずかんSuperDX 260×290×45mm & アンパンマン おしゃべりものしり図鑑セット【セット買い】
        ",https://www.amazon.co.jp/%E3%82%A2%E3%83%B3%E3%83%91%E3%83%B3%E3%83%9E%E3%83%B3-%E3%81%8A%E3%81%97%E3%82%83%E3%81%B9%E3%82%8A%E3%81%84%E3%81%A3%E3%81%B1%E3%81%84-%E3%81%93%E3%81%A8%E3%81%B0%E3%81%9A%E3%81%8B%E3%82%93SuperDX-260%C3%97290%C3%9745mm-%E3%81%8A%E3%81%97%E3%82%83%E3%81%B9%E3%82%8A%E3%82%82%E3%81%AE%E3%81%97%E3%82%8A%E5%9B%B3%E9%91%91%E3%82%BB%E3%83%83%E3%83%88%E3%80%90%E3%82%BB%E3%83%83%E3%83%88%E8%B2%B7%E3%81%84%E3%80%91/dp/B08NV127N7?_encoding=UTF8&psc=1
#18,"エポック(EPOCH) どこでもドラえもん日本旅行ゲーム5 62×0.2×40cm ABS
        ",https://www.amazon.co.jp/%E3%82%A8%E3%83%9D%E3%83%83%E3%82%AF-EPOCH-%E3%81%A9%E3%81%93%E3%81%A7%E3%82%82%E3%83%89%E3%83%A9%E3%81%88%E3%82%82%E3%82%93%E6%97%A5%E6%9C%AC%E6%97%85%E8%A1%8C%E3%82%B2%E3%83%BC%E3%83%A05/dp/B00SAFT5OE?_encoding=UTF8&psc=1
#19,"ポケットモンスター ポケモン メザスタ メザスタボックス
        ",https://www.amazon.co.jp/%E3%82%BF%E3%82%AB%E3%83%A9%E3%83%88%E3%83%9F%E3%83%BC%E3%82%A2%E3%83%BC%E3%83%84-TAKARATOMY-A-R-T-S-00460004-%E3%83%9D%E3%82%B1%E3%83%83%E3%83%88%E3%83%A2%E3%83%B3%E3%82%B9%E3%82%BF%E3%83%BC/dp/B08F333GDM?_encoding=UTF8&psc=1
#20,"アクアビーズアート くろ
        ",https://www.amazon.co.jp/%E3%82%A8%E3%83%9D%E3%83%83%E3%82%AF-EPOCH-%E3%82%A2%E3%82%AF%E3%82%A2%E3%83%93%E3%83%BC%E3%82%BA%E3%82%A2%E3%83%BC%E3%83%88-%E3%81%8F%E3%82%8D/dp/B0007Z0WAQ?_encoding=UTF8&psc=1
#21,"日本けん玉協会認定 New 競技用けん玉「大空」単色 ピンク 国産品 (OZORA KENDAMA)
        ",https://www.amazon.co.jp/%E6%97%A5%E6%9C%AC%E3%81%91%E3%82%93%E7%8E%89%E5%8D%94%E4%BC%9A%E8%AA%8D%E5%AE%9A-New-%E7%AB%B6%E6%8A%80%E7%94%A8%E3%81%91%E3%82%93%E7%8E%89%E3%80%8C%E5%A4%A7%E7%A9%BA%E3%80%8D%E5%8D%98%E8%89%B2-OZORA-KENDAMA/dp/B077GQ3NGH?_encoding=UTF8&psc=1
#22,"ウノ フリップ GDR44
        ",https://www.amazon.co.jp/%E3%83%9E%E3%83%86%E3%83%AB-MATTEL-GDR44-%E3%82%A6%E3%83%8E-%E3%83%95%E3%83%AA%E3%83%83%E3%83%97/dp/B07JKB2H59?_encoding=UTF8&psc=1
#23,"アクアビーズ すみっコぐらし イラストシートセット AQ-304
        ",https://www.amazon.co.jp/%E3%82%A8%E3%83%9D%E3%83%83%E3%82%AF-EPOCH-AQ-304-%E3%81%99%E3%81%BF%E3%81%A3%E3%82%B3%E3%81%90%E3%82%89%E3%81%97-%E3%82%A4%E3%83%A9%E3%82%B9%E3%83%88%E3%82%B7%E3%83%BC%E3%83%88%E3%82%BB%E3%83%83%E3%83%88/dp/B07PHBRL1T?_encoding=UTF8&psc=1
#24,"ジェンガ クラシック A2120 正規品
        ",https://www.amazon.co.jp/%E3%83%8F%E3%82%BA%E3%83%96%E3%83%AD-HASBRO-A2120-%E3%82%B8%E3%82%A7%E3%83%B3%E3%82%AC-%E3%82%AF%E3%83%A9%E3%82%B7%E3%83%83%E3%82%AF/dp/B07B9HK8S5?_encoding=UTF8&psc=1
#25,"エポック(EPOCH) アクアビーズ Wアクアビーズペン W1.2xD1.5xH13.6cm ABS AQ-298 & アクアビーズアート くろ【セット買い】
        ",https://www.amazon.co.jp/%E3%82%A8%E3%83%9D%E3%83%83%E3%82%AF-EPOCH-W%E3%82%A2%E3%82%AF%E3%82%A2%E3%83%93%E3%83%BC%E3%82%BA%E3%83%9A%E3%83%B3-W1-2xD1-5xH13-6cm-%E3%82%A2%E3%82%AF%E3%82%A2%E3%83%93%E3%83%BC%E3%82%BA%E3%82%A2%E3%83%BC%E3%83%88/dp/B08NV12DM8?_encoding=UTF8&psc=1
#26,"パズルしようよ 30ピース 「アンパンマンとみんなでパーティ」 & アンパンマン 知育パズル ひらがな【セット買い】
        ",https://www.amazon.co.jp/%E3%83%91%E3%82%BA%E3%83%AB%E3%81%97%E3%82%88%E3%81%86%E3%82%88-30%E3%83%94%E3%83%BC%E3%82%B9-%E3%80%8C%E3%82%A2%E3%83%B3%E3%83%91%E3%83%B3%E3%83%9E%E3%83%B3%E3%81%A8%E3%81%BF%E3%82%93%E3%81%AA%E3%81%A7%E3%83%91%E3%83%BC%E3%83%86%E3%82%A3%E3%80%8D-%E3%82%A2%E3%83%B3%E3%83%91%E3%83%B3%E3%83%9E%E3%83%B3-%E3%81%B2%E3%82%89%E3%81%8C%E3%81%AA%E3%80%90%E3%82%BB%E3%83%83%E3%83%88%E8%B2%B7%E3%81%84%E3%80%91/dp/B08KQDCPV3?_encoding=UTF8&psc=1
#27,"タカラトミー ポケットモンスター スマホロトム (おもちゃ屋が選んだクリスマスおもちゃ2020 「男の子向け玩具」部門2位選出商品) 00070014
        ",https://www.amazon.co.jp/%E3%82%BF%E3%82%AB%E3%83%A9%E3%83%88%E3%83%9F%E3%83%BC-TAKARA-TOMY-%E3%81%8A%E3%82%82%E3%81%A1%E3%82%83%E5%B1%8B%E3%81%8C%E9%81%B8%E3%82%93%E3%81%A0%E3%82%AF%E3%83%AA%E3%82%B9%E3%83%9E%E3%82%B9%E3%81%8A%E3%82%82%E3%81%A1%E3%82%832020-%E3%80%8C%E7%94%B7%E3%81%AE%E5%AD%90%E5%90%91%E3%81%91%E7%8E%A9%E5%85%B7%E3%80%8D%E9%83%A8%E9%96%802%E4%BD%8D%E9%81%B8%E5%87%BA%E5%95%86%E5%93%81/dp/B0895CZ74K?_encoding=UTF8&psc=1
#28,"BANDAI 鬼滅の刃 全集中 札取りカードゲーム
        ",https://www.amazon.co.jp/BANDAI-%E9%AC%BC%E6%BB%85%E3%81%AE%E5%88%83-%E5%85%A8%E9%9B%86%E4%B8%AD-%E6%9C%AD%E5%8F%96%E3%82%8A%E3%82%AB%E3%83%BC%E3%83%89%E3%82%B2%E3%83%BC%E3%83%A0/dp/B08MGDH5KW?_encoding=UTF8&psc=1
#29,"アンパンマン プリちぃビーンズS Plus ばいきんまん
        ",https://www.amazon.co.jp/%E3%82%BB%E3%82%AC%E3%83%88%E3%82%A4%E3%82%BA-SEGA-TOYS-%E3%82%A2%E3%83%B3%E3%83%91%E3%83%B3%E3%83%9E%E3%83%B3-%E3%83%97%E3%83%AA%E3%81%A1%E3%81%83%E3%83%93%E3%83%BC%E3%83%B3%E3%82%BAS/dp/B00D39GTMS?_encoding=UTF8&psc=1
#30,"レゴ(LEGO) スーパーマリオ　レゴ(R)マリオ と ぼうけんのはじまり 〜 スターターセット 71360
        ",https://www.amazon.co.jp/LEGO-%E3%82%B9%E3%83%BC%E3%83%91%E3%83%BC%E3%83%9E%E3%83%AA%E3%82%AA-%E3%83%AC%E3%82%B4-%E3%81%BC%E3%81%86%E3%81%91%E3%82%93%E3%81%AE%E3%81%AF%E3%81%98%E3%81%BE%E3%82%8A-%E3%82%B9%E3%82%BF%E3%83%BC%E3%82%BF%E3%83%BC%E3%82%BB%E3%83%83%E3%83%88-71360/dp/B082WDQHZQ?_encoding=UTF8&psc=1
#31,"レゴ(LEGO) スーパーマリオ ペンギンマリオ パワーアップ パック 71384
        ",https://www.amazon.co.jp/%E3%83%AC%E3%82%B4-LEGO-%E3%82%B9%E3%83%BC%E3%83%91%E3%83%BC%E3%83%9E%E3%83%AA%E3%82%AA-%E3%83%9A%E3%83%B3%E3%82%AE%E3%83%B3%E3%83%9E%E3%83%AA%E3%82%AA-71384/dp/B08G4RP2DC?_encoding=UTF8&psc=1
#32,"トミカ ロングタイプトミカ No.141 自衛隊 重装輪回収車
        ",https://www.amazon.co.jp/%E3%83%88%E3%83%9F%E3%82%AB-%E3%83%AD%E3%83%B3%E3%82%B0%E3%82%BF%E3%82%A4%E3%83%97%E3%83%88%E3%83%9F%E3%82%AB-No-141-%E8%87%AA%E8%A1%9B%E9%9A%8A-%E9%87%8D%E8%A3%85%E8%BC%AA%E5%9B%9E%E5%8F%8E%E8%BB%8A/dp/B08LRD68WW?_encoding=UTF8&psc=1
#33,"BT21 ぬいぐるみ キャラクター人形ファンギフト可愛い抱き枕BTS 公式 防弾少年団 抱き枕 玩具 (CHIMMY, 30*40cm)
        ",https://www.amazon.co.jp/BT21-%E3%81%AC%E3%81%84%E3%81%90%E3%82%8B%E3%81%BF-%E3%82%AD%E3%83%A3%E3%83%A9%E3%82%AF%E3%82%BF%E3%83%BC%E4%BA%BA%E5%BD%A2%E3%83%95%E3%82%A1%E3%83%B3%E3%82%AE%E3%83%95%E3%83%88%E5%8F%AF%E6%84%9B%E3%81%84%E6%8A%B1%E3%81%8D%E6%9E%95BTS-%E9%98%B2%E5%BC%BE%E5%B0%91%E5%B9%B4%E5%9B%A3-CHIMMY/dp/B08PFK2KRM?_encoding=UTF8&psc=1
#34,"アルタ 6万円貯まる カレンダー 2021 1円プラス H9.6×W14.7×D11cm ZZ000269
        ",https://www.amazon.co.jp/%E3%82%A2%E3%83%AB%E3%82%BF-6%E4%B8%87%E5%86%86%E8%B2%AF%E3%81%BE%E3%82%8B-%E3%82%AB%E3%83%AC%E3%83%B3%E3%83%80%E3%83%BC-H9-6%C3%97W14-7%C3%97D11cm-ZZ000269/dp/B08DRB7FDC?_encoding=UTF8&psc=1
#35,"タカラトミー ベイブレードバースト B-174 ベイブレード 限界突破DXセット
        ",https://www.amazon.co.jp/%E3%82%BF%E3%82%AB%E3%83%A9%E3%83%88%E3%83%9F%E3%83%BC-%E3%83%99%E3%82%A4%E3%83%96%E3%83%AC%E3%83%BC%E3%83%89%E3%83%90%E3%83%BC%E3%82%B9%E3%83%88-B-174-%E3%83%99%E3%82%A4%E3%83%96%E3%83%AC%E3%83%BC%E3%83%89-%E9%99%90%E7%95%8C%E7%AA%81%E7%A0%B4DX%E3%82%BB%E3%83%83%E3%83%88/dp/B08KWD9MSG?_encoding=UTF8&psc=1
#36,"マウスできせかえ! すみっコぐらしパソコン 275×202×202mm
        ",https://www.amazon.co.jp/%E3%82%BB%E3%82%AC%E3%83%88%E3%82%A4%E3%82%BA-SEGA-TOYS-%E3%83%9E%E3%82%A6%E3%82%B9%E3%81%A7%E3%81%8D%E3%81%9B%E3%81%8B%E3%81%88-%E3%81%99%E3%81%BF%E3%81%A3%E3%82%B3%E3%81%90%E3%82%89%E3%81%97%E3%83%91%E3%82%BD%E3%82%B3%E3%83%B3/dp/B07XNXDS6P?_encoding=UTF8&psc=1
#37,"タカラトミーアーツ ポケットモンスター ポケモン メザスタ メザスタトランク
        ",https://www.amazon.co.jp/%E3%82%BF%E3%82%AB%E3%83%A9%E3%83%88%E3%83%9F%E3%83%BC%E3%82%A2%E3%83%BC%E3%83%84-%E3%83%9D%E3%82%B1%E3%83%83%E3%83%88%E3%83%A2%E3%83%B3%E3%82%B9%E3%82%BF%E3%83%BC-%E3%83%9D%E3%82%B1%E3%83%A2%E3%83%B3-%E3%83%A1%E3%82%B6%E3%82%B9%E3%82%BF-%E3%83%A1%E3%82%B6%E3%82%B9%E3%82%BF%E3%83%88%E3%83%A9%E3%83%B3%E3%82%AF/dp/B08K3XZGN4?_encoding=UTF8&psc=1
#38,"BANDAI 仮面ライダーセイバー DX雷鳴剣黄雷エンブレム&ランプドアランジーナワンダーライドブック
        ",https://www.amazon.co.jp/BANDAI-%E4%BB%AE%E9%9D%A2%E3%83%A9%E3%82%A4%E3%83%80%E3%83%BC%E3%82%BB%E3%82%A4%E3%83%90%E3%83%BC-DX%E9%9B%B7%E9%B3%B4%E5%89%A3%E9%BB%84%E9%9B%B7%E3%82%A8%E3%83%B3%E3%83%96%E3%83%AC%E3%83%A0-%E3%83%A9%E3%83%B3%E3%83%97%E3%83%89%E3%82%A2%E3%83%A9%E3%83%B3%E3%82%B8%E3%83%BC%E3%83%8A%E3%83%AF%E3%83%B3%E3%83%80%E3%83%BC%E3%83%A9%E3%82%A4%E3%83%89%E3%83%96%E3%83%83%E3%82%AF/dp/B08JZSS495?_encoding=UTF8&psc=1
#39,"アクアビーズ 鬼滅の刃　キャラクターセット
        ",https://www.amazon.co.jp/%E3%82%A8%E3%83%9D%E3%83%83%E3%82%AF-EPOCH-%E3%82%A2%E3%82%AF%E3%82%A2%E3%83%93%E3%83%BC%E3%82%BA-%E9%AC%BC%E6%BB%85%E3%81%AE%E5%88%83-%E3%82%AD%E3%83%A3%E3%83%A9%E3%82%AF%E3%82%BF%E3%83%BC%E3%82%BB%E3%83%83%E3%83%88/dp/B08KGLCF9Y?_encoding=UTF8&psc=1
#40,"オーボール ラトル イエロー (22826)
        ",https://www.amazon.co.jp/%E3%82%AD%E3%83%83%E3%82%BA%E3%83%84%E3%83%BC%E3%82%B8%E3%83%A3%E3%83%91%E3%83%B3-Kids-II-Japan-12282/dp/B07QXL2V7G?_encoding=UTF8&psc=1
#41,"学研 (Gakken) ニューブロック おはなのセット 20種105パーツ 83158
        ",https://www.amazon.co.jp/Gakken-%E3%83%8B%E3%83%A5%E3%83%BC%E3%83%96%E3%83%AD%E3%83%83%E3%82%AF-%E3%81%8A%E3%81%AF%E3%81%AA%E3%81%AE%E3%82%BB%E3%83%83%E3%83%88-20%E7%A8%AE105%E3%83%91%E3%83%BC%E3%83%84-83158/dp/B00MAY7LQK?_encoding=UTF8&psc=1
#42,"ディズニー ピクサーキャラクターズ Dream Switch(ドリーム スイッチ)
        ",https://www.amazon.co.jp/%E3%83%87%E3%82%A3%E3%82%BA%E3%83%8B%E3%83%BC-%E3%83%94%E3%82%AF%E3%82%B5%E3%83%BC%E3%82%AD%E3%83%A3%E3%83%A9%E3%82%AF%E3%82%BF%E3%83%BC%E3%82%BA-%E3%83%89%E3%83%AA%E3%83%BC%E3%83%A0%E3%82%B9%E3%82%A4%E3%83%83%E3%83%81-Dream-Switch/dp/B075XNDQP8?_encoding=UTF8&psc=1
#43,"エポック(EPOCH) アクアビーズ 24色ビーズセット AQ-211
        ",https://www.amazon.co.jp/%E3%82%A8%E3%83%9D%E3%83%83%E3%82%AF-EPOCH-AQ-211-%E3%82%A2%E3%82%AF%E3%82%A2%E3%83%93%E3%83%BC%E3%82%BA-24%E8%89%B2%E3%83%93%E3%83%BC%E3%82%BA%E3%82%BB%E3%83%83%E3%83%88/dp/B00KP1UM34?_encoding=UTF8&psc=1
#44,"オリケシ 鬼滅の刃 スタンダードセット
        ",https://www.amazon.co.jp/BANDAI-%E3%82%AA%E3%83%AA%E3%82%B1%E3%82%B7-%E9%AC%BC%E6%BB%85%E3%81%AE%E5%88%83-%E3%82%B9%E3%82%BF%E3%83%B3%E3%83%80%E3%83%BC%E3%83%89%E3%82%BB%E3%83%83%E3%83%88/dp/B08F2Z4247?_encoding=UTF8&psc=1
#45,"ジュラシック・ワールド ビッグ&リアル! モササウルス 【全長:71.1】 FNG24
        ",https://www.amazon.co.jp/%E3%82%B8%E3%83%A5%E3%83%A9%E3%82%B7%E3%83%83%E3%82%AF%E3%83%BB%E3%83%AF%E3%83%BC%E3%83%AB%E3%83%89-%E3%83%93%E3%83%83%E3%82%B0-%E3%83%AA%E3%82%A2%E3%83%AB-%E3%83%A2%E3%82%B5%E3%82%B5%E3%82%A6%E3%83%AB%E3%82%B9-FNG24/dp/B076FSLQVR?_encoding=UTF8&psc=1
#46,"アクアビーズ すみっコぐらし スタンダードセット
        ",https://www.amazon.co.jp/%E3%82%A8%E3%83%9D%E3%83%83%E3%82%AF-EPOCH-AQ-S72-%E3%81%99%E3%81%BF%E3%81%A3%E3%82%B3%E3%81%90%E3%82%89%E3%81%97-%E3%82%B9%E3%82%BF%E3%83%B3%E3%83%80%E3%83%BC%E3%83%89%E3%82%BB%E3%83%83%E3%83%88/dp/B07J64T15D?_encoding=UTF8&psc=1
#47,"Canバッチgood! 3cmバッチ素材いっぱいセット
        ",https://www.amazon.co.jp/%E3%83%90%E3%83%B3%E3%83%80%E3%82%A4-BANDAI-Can%E3%83%90%E3%83%83%E3%83%81good-3cm%E3%83%90%E3%83%83%E3%83%81%E7%B4%A0%E6%9D%90%E3%81%84%E3%81%A3%E3%81%B1%E3%81%84%E3%82%BB%E3%83%83%E3%83%88/dp/B019I2BH5C?_encoding=UTF8&psc=1
#48,"HOMESTAR Classic (ホームスター クラシック) パールホワイト
        ",https://www.amazon.co.jp/HOMESTAR-Classic-%E3%83%9B%E3%83%BC%E3%83%A0%E3%82%B9%E3%82%BF%E3%83%BC-%E3%82%AF%E3%83%A9%E3%82%B7%E3%83%83%E3%82%AF-%E3%83%91%E3%83%BC%E3%83%AB%E3%83%9B%E3%83%AF%E3%82%A4%E3%83%88/dp/B00BB2NIXC?_encoding=UTF8&psc=1
#49,"Canバッチgood! 鬼滅の刃セット
        ",https://www.amazon.co.jp/BANDAI-Can%E3%83%90%E3%83%83%E3%83%81good-%E9%AC%BC%E6%BB%85%E3%81%AE%E5%88%83%E3%82%BB%E3%83%83%E3%83%88/dp/B08F2YDQ67?_encoding=UTF8&psc=1
#50,"アクアビーズアート☆ビーズトレイ AQ-77
        ",https://www.amazon.co.jp/%E3%82%A8%E3%83%9D%E3%83%83%E3%82%AF-EPOCH-%E3%82%A2%E3%82%AF%E3%82%A2%E3%83%93%E3%83%BC%E3%82%BA%E3%82%A2%E3%83%BC%E3%83%88%E2%98%86%E3%83%93%E3%83%BC%E3%82%BA%E3%83%88%E3%83%AC%E3%82%A4-AQ-77/dp/B004KJBEES?_encoding=UTF8&psc=1
