#1,"[ニューバランス] スニーカー ML574(現行モデル)
        ",https://www.amazon.co.jp/%E3%83%8B%E3%83%A5%E3%83%BC%E3%83%90%E3%83%A9%E3%83%B3%E3%82%B9-%E3%82%B9%E3%83%8B%E3%83%BC%E3%82%AB%E3%83%BC-ML574-%E3%82%B0%E3%83%AC%E3%83%BC-Egg/dp/B076H6FBJT?_encoding=UTF8&psc=1
#2,"[アディダス] ランニングシューズ ギャラクシー 5 KZI38 メンズ
        ",https://www.amazon.co.jp/%E3%82%A2%E3%83%87%E3%82%A3%E3%83%80%E3%82%B9-%E3%83%86%E3%83%83%E3%82%AF%E3%82%A4%E3%83%B3%E3%83%87%E3%82%A3%E3%82%B4-%E3%83%95%E3%83%83%E3%83%88%E3%82%A6%E3%82%A7%E3%82%A2%E3%83%9B%E3%83%AF%E3%82%A4%E3%83%88-%E3%83%AC%E3%82%B8%E3%82%A7%E3%83%B3%E3%83%89%E3%82%A4%E3%83%B3%E3%82%AF-FW5705/dp/B082SYH4GH?_encoding=UTF8&psc=1
#3,"[ニューバランス] ベビーシューズ IZ996(現行モデル) 12~16.5cm 運動靴 通学履き 男の子 女の子
        ",https://www.amazon.co.jp/%E3%83%8B%E3%83%A5%E3%83%BC%E3%83%90%E3%83%A9%E3%83%B3%E3%82%B9-%E3%82%AD%E3%83%83%E3%82%BA%E3%82%B9%E3%83%8B%E3%83%BC%E3%82%AB%E3%83%BC-IZ996-%E3%82%B0%E3%83%AC%E3%83%BC-12/dp/B07KS8SYWV?_encoding=UTF8&psc=1
#4,"[コロンブス] キレイな状態をキープ 撥水・防水・防汚スプレー アメダス420ml 靴やバッグ、衣服のケアに
        ",https://www.amazon.co.jp/%E3%82%B3%E3%83%AD%E3%83%B3%E3%83%96%E3%82%B9-columbus-AMEDAS-%E9%98%B2%E6%B0%B4%E3%82%B9%E3%83%97%E3%83%AC%E3%83%BC-420ml/dp/B003S1MUMY?_encoding=UTF8&psc=1
#5,"[ムーンスター] 上履き 日本製 バレー 14~27cm キッズ ビニールバレー
        ",https://www.amazon.co.jp/%E3%83%A0%E3%83%BC%E3%83%B3%E3%82%B9%E3%82%BF%E3%83%BC-%E3%83%93%E3%83%8B%E3%83%BC%E3%83%AB%E3%83%90%E3%83%AC%E3%83%BC-%E3%82%B7%E3%83%AD-%E3%83%9B%E3%83%AF%E3%82%A4%E3%83%88C-14/dp/B01294EK4G?_encoding=UTF8&psc=1
#6,"[アキレス] 上履き バレー 日本製 15cm~28cm 2E キッズ 男の子 女の子 HCB 5200
        ",https://www.amazon.co.jp/%E3%82%A2%E3%82%AD%E3%83%AC%E3%82%B9-%E3%82%A2%E3%82%AD%E3%83%AC%E3%82%B9%E3%83%90%E3%83%AC%E3%83%BC-%E3%83%AB%E3%83%BC%E3%83%A0%E3%82%AB%E3%83%A9%E3%83%BC-HCB-5200/dp/B01FBH2ACC?_encoding=UTF8&psc=1
#7,"[アディダス] スニーカー ファルコンラン DBG95 メンズ
        ",https://www.amazon.co.jp/%E3%82%A2%E3%83%87%E3%82%A3%E3%83%80%E3%82%B9-%E3%83%A9%E3%83%B3%E3%83%8B%E3%83%B3%E3%82%B0%E3%82%B7%E3%83%A5%E3%83%BC%E3%82%BA-FALCONRUN-24-5cm-32-0cm-F36199/dp/B07K2LHMZL?_encoding=UTF8&psc=1
#8,"[アキレス] 上履き バレー 日本製 三角甲 18cm~28cm 2E キッズ 男子 女子 キッズ HRS 6200
        ",https://www.amazon.co.jp/%E3%82%A2%E3%82%AD%E3%83%AC%E3%82%B9-%E3%82%A2%E3%82%AD%E3%83%AC%E3%82%B9%E6%A0%A1%E5%86%85%E5%B1%A5%E3%81%8D-EX2%E5%9E%8B-HRS-6200/dp/B004TI485W?_encoding=UTF8&psc=1
#9,"[ニューバランス] キッズシューズ YV996 17~24cm 運動靴 通学履き 男の子 女の子
        ",https://www.amazon.co.jp/%E3%83%8B%E3%83%A5%E3%83%BC%E3%83%90%E3%83%A9%E3%83%B3%E3%82%B9-%E3%82%AD%E3%83%83%E3%82%BA%E3%82%B9%E3%83%8B%E3%83%BC%E3%82%AB%E3%83%BC-YV996-%E3%82%B0%E3%83%AC%E3%83%BC-17/dp/B07KS8T37H?_encoding=UTF8&psc=1
#10,"[キャロット] 上履き バレー 14~25cm 0.5cm有 男の子 女の子 キッズ CR ST11
        ",https://www.amazon.co.jp/%E3%82%AD%E3%83%A3%E3%83%AD%E3%83%83%E3%83%88-4%E5%A4%A7%E6%A9%9F%E8%83%BD-%E3%82%86%E3%81%A3%E3%81%9F%E3%82%8A-CR-ST11/dp/B00R14OKEA?_encoding=UTF8&psc=1
#11,"[KOI] スリッパ メンズ 防寒 ルームシューズ 暖かい 大きいサイズ
        ",https://www.amazon.co.jp/KOI-%E3%83%AB%E3%83%BC%E3%83%A0%E3%82%B7%E3%83%A5%E3%83%BC%E3%82%BA-%E3%81%82%E3%81%A3%E3%81%9F%E3%81%8B%E3%81%84-%E5%B1%A5%E3%81%8D%E3%82%84%E3%81%99%E3%81%84-%E4%B8%B8%E6%B4%97%E3%81%84OK/dp/B07GGZY3C6?_encoding=UTF8&psc=1
#12,"[アシックス] ランニングシューズ JOLT 2 メンズ
        ",https://www.amazon.co.jp/%E3%82%A2%E3%82%B7%E3%83%83%E3%82%AF%E3%82%B9-%E3%83%A9%E3%83%B3%E3%83%8B%E3%83%B3%E3%82%B0%E3%82%B7%E3%83%A5%E3%83%BC%E3%82%BA-JOLT-%E3%82%A2%E3%82%B7%E3%83%83%E3%82%AF%E3%82%B9%E3%83%96%E3%83%AB%E3%83%BC-%E3%83%94%E3%83%A5%E3%82%A2%E3%82%B7%E3%83%AB%E3%83%90%E3%83%BC/dp/B081CXZSCR?_encoding=UTF8&psc=1
#13,"[シュンソク] スニーカー 運動靴 幅広 軽量 15~25cm 3E キッズ 男の子 女の子 SJJ 6380 6390 6400 6410
        ",https://www.amazon.co.jp/%E3%82%B7%E3%83%A5%E3%83%B3%E3%82%BD%E3%82%AF-%E3%82%B9%E3%83%8B%E3%83%BC%E3%82%AB%E3%83%BC-15-25cm-SJJ-6380/dp/B08HQGNLGZ?_encoding=UTF8&psc=1
#14,"インソール 衝撃吸収 中敷き 消臭 ドクターショール ジェルアクティブ アクティブプラス 運動などの強い衝撃用 S(22.5cm-26.0cm) ×2個
        ",https://www.amazon.co.jp/%E3%83%89%E3%82%AF%E3%82%BF%E3%83%BC%E3%82%B7%E3%83%A7%E3%83%BC%E3%83%AB-%E3%82%B8%E3%82%A7%E3%83%AB%E3%82%A2%E3%82%AF%E3%83%86%E3%82%A3%E3%83%96-%E3%82%A2%E3%82%AF%E3%83%86%E3%82%A3%E3%83%96%E3%83%97%E3%83%A9%E3%82%B9-%E9%81%8B%E5%8B%95%E3%81%AA%E3%81%A9%E3%81%AE%E5%BC%B7%E3%81%84%E8%A1%9D%E6%92%83%E7%94%A8-22-5cm-26-0cm/dp/B089TGWXJR?_encoding=UTF8&psc=1
#15,"[イフミー] 上履き 15cm~24cm 息するソール スリッポンタイプ SC-0002 キッズ
        ",https://www.amazon.co.jp/%E3%82%A4%E3%83%95%E3%83%9F%E3%83%BC-IFME-%E4%B8%8A%E5%B1%A5%E3%81%8D-SC-0002-PIK/dp/B006QGG556?_encoding=UTF8&psc=1
#16,"[ミズノ] ランニングシューズ マキシマイザー 22
        ",https://www.amazon.co.jp/%E3%83%9F%E3%82%BA%E3%83%8E-%E3%83%A9%E3%83%B3%E3%83%8B%E3%83%B3%E3%82%B0%E3%82%B7%E3%83%A5%E3%83%BC%E3%82%BA-%E3%83%9E%E3%82%AD%E3%82%B7%E3%83%9E%E3%82%A4%E3%82%B6%E3%83%BC-22-%E3%83%96%E3%83%A9%E3%83%83%E3%82%AF/dp/B07MX3NC8W?_encoding=UTF8&psc=1
#17,"[イフミー] 上履き 14cm~24cm 息するソール バレエシューズタイプ SC-0003 キッズ
        ",https://www.amazon.co.jp/%E3%82%A4%E3%83%95%E3%83%9F%E3%83%BC-IFME-%E4%B8%8A%E5%B1%A5%E3%81%8D-SC-0003-PIK/dp/B006QGGDYO?_encoding=UTF8&psc=1
#18,"[Putu] スノーブーツ メンズ レディース 防寒シューズ 防水 超軽量 滑り止め スノーシューズ
        ",https://www.amazon.co.jp/Putu-%E3%82%B9%E3%83%8E%E3%83%BC%E3%83%96%E3%83%BC%E3%83%84-%E3%82%B9%E3%83%8E%E3%83%BC%E3%82%B7%E3%83%A5%E3%83%BC%E3%82%BA-%E9%98%B2%E5%AF%92%E3%82%B7%E3%83%A5%E3%83%BC%E3%82%BA-22-5cm/dp/B08DHHQGKK?_encoding=UTF8&psc=1
#19,"[ムーンスター] 日本製 上履き バレー 14~28cm 男の子 女の子 キッズ アルファスクールカラー
        ",https://www.amazon.co.jp/%E3%83%A0%E3%83%BC%E3%83%B3%E3%82%B9%E3%82%BF%E3%83%BC-%E3%82%A2%E3%83%AB%E3%83%95%E3%82%A1%E3%82%B9%E3%82%AF%E3%83%BC%E3%83%AB%E3%82%AB%E3%83%A9%E3%83%BC-%E3%82%86%E3%81%A3%E3%81%9F%E3%82%8A-14%EF%BD%9E28cm-%E3%82%A4%E3%82%A8%E3%83%AD%E3%83%BC/dp/B00LIE1MUE?_encoding=UTF8&psc=1
#20,"マーナ(MARNA) 【限定】BENGT&LOTTA(ベングトアンドロッタ)×Shupatto (シュパット)コンパクトバッグ L キャンディー 一気にたためるエコバッグ 北欧 S475CA
        ",https://www.amazon.co.jp/%E3%83%9E%E3%83%BC%E3%83%8A-%E3%80%90%E9%99%90%E5%AE%9A%E3%80%91BENGT-%E3%83%99%E3%83%B3%E3%82%B0%E3%83%88%E3%82%A2%E3%83%B3%E3%83%89%E3%83%AD%E3%83%83%E3%82%BF-%E4%B8%80%E6%B0%97%E3%81%AB%E3%81%9F%E3%81%9F%E3%82%81%E3%82%8B%E3%82%A8%E3%82%B3%E3%83%90%E3%83%83%E3%82%B0-S475CA/dp/B086Z6YTFJ?_encoding=UTF8&psc=1
#21,"[シュンソク] スニーカー 通学履き 軽量 白 黒 15~27cm 2E キッズ 男の子 女の子 SJJ 1840,1880
        ",https://www.amazon.co.jp/%E3%82%B7%E3%83%A5%E3%83%B3%E3%82%BD%E3%82%AF-%E7%9E%AC%E8%B6%B3-15-27cm-SJJ-1880/dp/B077TP635Y?_encoding=UTF8&psc=1
#22,"LOCTITE(ロックタイト) 超強力防水スプレー 布・革 420ml DBS-420
        ",https://www.amazon.co.jp/LOCTITE-%E3%83%AD%E3%83%83%E3%82%AF%E3%82%BF%E3%82%A4%E3%83%88-%E8%B6%85%E5%BC%B7%E5%8A%9B%E9%98%B2%E6%B0%B4%E3%82%B9%E3%83%97%E3%83%AC%E3%83%BC-420ml-DBS-420/dp/B001LO0F2M?_encoding=UTF8&psc=1
#23,"[ムーンスター] 上履き 日本製 汚れにくい バイオTEF01 14~28cm 男の子 女の子 キッズ
        ",https://www.amazon.co.jp/%E3%83%A0%E3%83%BC%E3%83%B3%E3%82%B9%E3%82%BF%E3%83%BC-%E3%83%AC%E3%83%87%E3%82%A3%E3%83%BC%E3%82%B9-%E3%83%90%E3%82%A4%E3%82%AATEF-14-0%E3%8E%9D-%E6%B1%9A%E3%82%8C%E3%81%AB%E3%81%8F%E3%81%84%E3%83%86%E3%83%95%E3%83%AD%E3%83%B3%E5%8A%A0%E5%B7%A5%E3%81%AE%E4%B8%8A%E5%B1%A5%E3%81%8D/dp/B07K242HHD?_encoding=UTF8&psc=1
#24,"[キャリオット] 上履き キッズ 15.0~28.0cm 605 ホワイト 15
        ",https://www.amazon.co.jp/%E3%82%AD%E3%83%A3%E3%83%AA%E3%82%AA%E3%83%83%E3%83%88-cariot-%E4%B8%8A%E5%B1%A5%E3%81%8D-605-BLUE/dp/B004P5NVQG?_encoding=UTF8&psc=1
#25,"L.L.Bean(エルエルビーン) トートバッグ グローサリー・トート
        ",https://www.amazon.co.jp/L-L-Bean-%E3%82%A8%E3%83%AB%E3%82%A8%E3%83%AB%E3%83%93%E3%83%BC%E3%83%B3-%E3%83%88%E3%83%BC%E3%83%88%E3%83%90%E3%83%83%E3%82%B0-%E3%82%B0%E3%83%AD%E3%83%BC%E3%82%B5%E3%83%AA%E3%83%BC%E3%83%BB%E3%83%88%E3%83%BC%E3%83%88-%EF%BC%91%EF%BC%90%EF%BC%90%EF%BC%90%EF%BC%90%EF%BC%97%EF%BC%90%EF%BC%96%EF%BC%92%EF%BC%99/dp/B08LMMF3S6?_encoding=UTF8&psc=1
#26,"[エム・モゥブレィ] 靴 革小物用栄養・保革クリーム ソフトレザー対応 デリケートクリーム 乳化性 シミになりにくい ヌメ革にも
        ",https://www.amazon.co.jp/%E3%82%A8%E3%83%A0%E3%83%A2%E3%82%A5%E3%83%96%E3%83%AC%E3%82%A4-M-MOWBRAY-%E3%83%87%E3%83%AA%E3%82%B1%E3%83%BC%E3%83%88%E3%82%AF%E3%83%AA%E3%83%BC%E3%83%A0-%E3%83%A9%E3%83%BC%E3%82%B8%E3%82%B5%E3%82%A4%E3%82%BA-2020/dp/B004BQTJVK?_encoding=UTF8&psc=1
#27,"[アシックス] 運動靴 LAZERBEAM SE-MG '20秋冬 キッズ
        ",https://www.amazon.co.jp/%E3%82%A2%E3%82%B7%E3%83%83%E3%82%AF%E3%82%B9-LAZERBEAM-SE-MG-20%E7%A7%8B%E5%86%AC-%E3%82%AF%E3%83%BC%E3%83%AB%E3%83%9F%E3%82%B9%E3%83%88/dp/B081CX4SZF?_encoding=UTF8&psc=1
#28,"[新日本教育シューズ] 上履き パワーシューズ キッズ
        ",https://www.amazon.co.jp/%E6%96%B0%E6%97%A5%E6%9C%AC%E6%95%99%E8%82%B2%E3%82%B7%E3%83%A5%E3%83%BC%E3%82%BA-%E4%B8%8A%E5%B1%A5%E3%81%8D-%E6%95%99%E8%82%B2%E3%83%91%E3%83%AF%E3%83%BC%E3%82%B7%E3%83%A5%E3%83%BC%E3%82%BA-BL-%E3%82%A2%E3%82%AA/dp/B01N29CPIC?_encoding=UTF8&psc=1
#29,"[M.モゥブレィ] シューケア 靴磨き 栄養 保革 補色 ツヤ出しクリーム シュークリームジャー
        ",https://www.amazon.co.jp/%E3%82%A8%E3%83%A0%E3%83%A2%E3%82%A5%E3%83%96%E3%83%AC%E3%82%A3-M-MOWBRAY-%E3%82%B7%E3%83%A5%E3%83%BC%E3%82%AF%E3%83%AA%E3%83%BC%E3%83%A0%E3%82%B8%E3%83%A3%E3%83%BC-20258-%E3%82%A4%E3%82%A8%E3%83%AD%E3%83%BC/dp/B002C65FDM?_encoding=UTF8&psc=1
#30,"[ニューバランス] スニーカー CM996(現行モデル) 22~30cm
        ",https://www.amazon.co.jp/%E3%83%8B%E3%83%A5%E3%83%BC%E3%83%90%E3%83%A9%E3%83%B3%E3%82%B9-%E3%82%B9%E3%83%8B%E3%83%BC%E3%82%AB%E3%83%BC-CM996-%E3%83%8D%E3%82%A4%E3%83%93%E3%83%BC-22/dp/B07KSBVKNC?_encoding=UTF8&psc=1
#31,"O.M.C TOKYO インソール 人間工学に基づいた衝撃吸収中敷き
        ",https://www.amazon.co.jp/M-C-TOKYO-%E3%82%A4%E3%83%B3%E3%82%BD%E3%83%BC%E3%83%AB-%E4%BA%BA%E9%96%93%E5%B7%A5%E5%AD%A6%E3%81%AB%E5%9F%BA%E3%81%A5%E3%81%84%E3%81%9F%E8%A1%9D%E6%92%83%E5%90%B8%E5%8F%8E%E4%B8%AD%E6%95%B7%E3%81%8D-19-5cm%EF%BD%9E23cm/dp/B071YMQQRP?_encoding=UTF8&psc=1
#32,"[コンバース] スニーカー キャンバス オールスター OX (定番)
        ",https://www.amazon.co.jp/%E3%82%B3%E3%83%B3%E3%83%90%E3%83%BC%E3%82%B9-%E3%82%B9%E3%83%8B%E3%83%BC%E3%82%AB%E3%83%BC-%E3%82%AD%E3%83%A3%E3%83%B3%E3%83%90%E3%82%B9-%E3%82%AA%E3%83%BC%E3%83%AB%E3%82%B9%E3%82%BF%E3%83%BC-%E3%83%96%E3%83%A9%E3%83%83%E3%82%AF/dp/B07JP2N43V?_encoding=UTF8&psc=1
#33,"Wellnice シューキーパー シューツリー 高級レッドシダー 24.5-29cm対応 ブラシ・ムートン靴磨きクロス付 繋がる木紋 シワ伸ばし 型崩れ防止 調湿・脱臭・殺菌抗菌・香りメンズ (XSサイズ（23.5-24cm）)
        ",https://www.amazon.co.jp/Wellnice-24-5-29cm%E5%AF%BE%E5%BF%9C-%E3%83%96%E3%83%A9%E3%82%B7%E3%83%BB%E3%83%A0%E3%83%BC%E3%83%88%E3%83%B3%E9%9D%B4%E7%A3%A8%E3%81%8D%E3%82%AF%E3%83%AD%E3%82%B9%E4%BB%98-%E8%AA%BF%E6%B9%BF%E3%83%BB%E8%84%B1%E8%87%AD%E3%83%BB%E6%AE%BA%E8%8F%8C%E6%8A%97%E8%8F%8C%E3%83%BB%E9%A6%99%E3%82%8A%E3%83%A1%E3%83%B3%E3%82%BA-XS%E3%82%B5%E3%82%A4%E3%82%BA%EF%BC%8823-5-24cm%EF%BC%89/dp/B08PCH5GSB?_encoding=UTF8&psc=1
#34,"Tipo s 超撥水剤 弾き! 防汚コーティング剤 スプレータイプ 500ML×15個
        ",https://www.amazon.co.jp/Tipo-%E8%B6%85%E6%92%A5%E6%B0%B4%E5%89%A4-%E9%98%B2%E6%B1%9A%E3%82%B3%E3%83%BC%E3%83%86%E3%82%A3%E3%83%B3%E3%82%B0%E5%89%A4-%E3%82%B9%E3%83%97%E3%83%AC%E3%83%BC%E3%82%BF%E3%82%A4%E3%83%97-500ML%C3%9715%E5%80%8B/dp/B081R5HGTF?_encoding=UTF8&psc=1
#35,"[エム・モゥブレィ] 革靴用水性汚れ落とし ステインリムーバー 塩浮き スムースレザー クリーナー
        ",https://www.amazon.co.jp/%E3%82%A8%E3%83%A0%E3%83%BB%E3%83%A2%E3%82%A5%E3%83%96%E3%83%AC%E3%82%A3-%E6%B1%9A%E3%82%8C%E8%90%BD%E3%81%A8%E3%81%97-M-%E3%83%A2%E3%82%A5%E3%83%96%E3%83%AC%E3%82%A3-%E3%82%B9%E3%83%86%E3%82%A4%E3%83%B3%E3%83%AA%E3%83%A0%E3%83%BC%E3%83%90%E3%83%BC-60ml/dp/B002A7QXIO?_encoding=UTF8&psc=1
#36,"[NEESE] クレジットカードケース カード入れ スキミング防止 じゃばら 大容量 コインケース メンズ レディース
        ",https://www.amazon.co.jp/NEESE-%E3%82%AF%E3%83%AC%E3%82%B8%E3%83%83%E3%83%88%E3%82%AB%E3%83%BC%E3%83%89%E3%82%B1%E3%83%BC%E3%82%B9-%E3%82%B9%E3%82%AD%E3%83%9F%E3%83%B3%E3%82%B0%E9%98%B2%E6%AD%A2-%E3%82%B3%E3%82%A4%E3%83%B3%E3%82%B1%E3%83%BC%E3%82%B9-%E3%82%A2%E3%82%A4%E3%82%B9%E3%83%96%E3%83%AB%E3%83%BC/dp/B0838D4W94?_encoding=UTF8&psc=1
#37,"[ジェイソンマーク] シューケア キット Essential KIT あらゆる素材に対応可能 シュークリーナー 靴磨き 汚れ落とし 靴 スニーカー シューズ用 3691
        ",https://www.amazon.co.jp/%E3%82%B8%E3%82%A7%E3%82%A4%E3%82%BD%E3%83%B3%E3%83%9E%E3%83%BC%E3%82%AF-JASON-MARKK-OZ-PREMIUM/dp/B00D12KGVW?_encoding=UTF8&psc=1
#38,"[アモジ] サンダル AM1702 (現行モデル)
        ",https://www.amazon.co.jp/Amoji-%E3%83%AC%E3%83%87%E3%82%A3%E3%83%BC%E3%82%B9-%E3%83%A6%E3%83%8B%E3%82%BB%E3%83%83%E3%82%AF%E3%82%B9%E3%83%BB%E3%82%A2%E3%83%80%E3%83%AB%E3%83%88-%E3%83%A1%E3%83%B3%E3%82%BA-%E3%82%B5%E3%82%A4%E3%82%BA/dp/B07L5FWZLD?_encoding=UTF8&psc=1
#39,"Mianshe あったか ルームシューズ スリッパ かかと付き 男女兼用 もこもこ 軽量 洗える カボンブラック M
        ",https://www.amazon.co.jp/Mianshe-%E3%81%82%E3%81%A3%E3%81%9F%E3%81%8B-%E3%83%AB%E3%83%BC%E3%83%A0%E3%82%B7%E3%83%A5%E3%83%BC%E3%82%BA-%E3%81%8B%E3%81%8B%E3%81%A8%E4%BB%98%E3%81%8D-%E3%82%AB%E2%80%94%E3%83%9C%E3%83%B3%E3%83%96%E3%83%A9%E3%83%83%E3%82%AF/dp/B07VN39CS7?_encoding=UTF8&psc=1
#40,"[コロンブス] 塗るだけで簡単に高光沢 ナイトリキッド ツヤ出し 靴クリーム・シューズケア
        ",https://www.amazon.co.jp/%E3%82%B3%E3%83%AD%E3%83%B3%E3%83%96%E3%82%B9-columbus-KNIGHT-LIQUID-%E3%82%A8%E3%83%8A%E3%83%A1%E3%83%AB/dp/B004HACDPE?_encoding=UTF8&psc=1
#41,"[ニューバランス] スニーカー U220(現行モデル) 22~30cm
        ",https://www.amazon.co.jp/%E3%83%8B%E3%83%A5%E3%83%BC%E3%83%90%E3%83%A9%E3%83%B3%E3%82%B9-%E3%82%B9%E3%83%8B%E3%83%BC%E3%82%AB%E3%83%BC-U220-%E7%8F%BE%E8%A1%8C%E3%83%A2%E3%83%87%E3%83%AB-%E3%83%96%E3%83%AB%E3%83%BC/dp/B06ZZZNS1Z?_encoding=UTF8&psc=1
#42,"[グレヴィオ] 一流の財布職人が作る 財布 長財布 カーボンレザー 小銭入れ メンズ
        ",https://www.amazon.co.jp/GLEVIO%EF%BC%88%E3%82%B0%E3%83%AC%E3%83%B4%E3%82%A3%E3%82%AA%EF%BC%89-%E3%83%A1%E3%83%B3%E3%82%BA-%E3%82%AB%E3%83%BC%E3%83%9C%E3%83%B3%E3%83%AC%E3%82%B6%E3%83%BC-%E5%B0%8F%E9%8A%AD%E5%85%A5%E3%82%8C-%E3%83%8D%E3%82%A4%E3%83%93%E3%83%BC/dp/B07WR2SKZ7?_encoding=UTF8&psc=1
#43,"[アディダス] スニーカー グランド コート ベース EOU26
        ",https://www.amazon.co.jp/%E3%82%A2%E3%83%87%E3%82%A3%E3%83%80%E3%82%B9-GRANDCOURT-%E3%83%A9%E3%83%B3%E3%83%8B%E3%83%B3%E3%82%B0%E3%83%9B%E3%83%AF%E3%82%A4%E3%83%88-%E3%82%B3%E3%82%A2%E3%83%96%E3%83%A9%E3%83%83%E3%82%AF-%E3%83%80%E3%83%BC%E3%82%AF%E3%83%96%E3%83%AB%E3%83%BC/dp/B07QBCCJN8?_encoding=UTF8&psc=1
#44,"[エム・モゥブレィ] シューケア 手を汚さないクリーム塗布用ブラシ ペネトレィトブラシ
        ",https://www.amazon.co.jp/%E3%82%A8%E3%83%A0%E3%83%BB%E3%83%A2%E3%82%A5%E3%83%96%E3%83%AC%E3%82%A3-%E3%82%AF%E3%83%AA%E3%83%BC%E3%83%A0%E5%A1%97%E5%B8%83%E7%94%A8%E3%83%96%E3%83%A9%E3%82%B7-%E3%83%9A%E3%83%8D%E3%83%88%E3%83%AC%E3%82%A3%E3%83%88%E3%83%96%E3%83%A9%E3%82%B7-7012/dp/B002DP4ASI?_encoding=UTF8&psc=1
#45,"[RONDE]ボディバッグ ショルダーバッグ 斜めがけバッグ ワンショルダーバッグ ボディーバッグ メンズ メンズ
        ",https://www.amazon.co.jp/RONDE-%E6%96%9C%E3%82%81%E3%81%8C%E3%81%91-%E3%83%9C%E3%83%87%E3%82%A3%E3%83%90%E3%83%83%E3%82%B0-%E3%83%AF%E3%83%B3%E3%82%B7%E3%83%A7%E3%83%AB%E3%83%80%E3%83%BC-%E3%82%AD%E3%83%A3%E3%83%A1%E3%83%AB/dp/B06ZYKYXK9?_encoding=UTF8&psc=1
#46,"[アディダス] スニーカー アドバンテージ ベース EOT69
        ",https://www.amazon.co.jp/%E3%82%A2%E3%83%87%E3%82%A3%E3%83%80%E3%82%B9-ADVANCOURT-%E3%83%A9%E3%83%B3%E3%83%8B%E3%83%B3%E3%82%B0%E3%83%9B%E3%83%AF%E3%82%A4%E3%83%88-%E3%82%AF%E3%83%A9%E3%82%A6%E3%83%89%E3%83%9B%E3%83%AF%E3%82%A4%E3%83%88-EE7695/dp/B07N3QNCYC?_encoding=UTF8&psc=1
#47,"[Putu] ハイカット 防水 防滑 裏起毛 スノーブーツ 雪靴 男女兼用 登山靴 耐磨耗 衝撃吸収 防寒ブーツ アウトドア ハイキングブーツ
        ",https://www.amazon.co.jp/Putu-%E3%83%8F%E3%82%A4%E3%82%AB%E3%83%83%E3%83%88-%E3%82%B9%E3%83%8E%E3%83%BC%E3%83%96%E3%83%BC%E3%83%84-%E3%83%88%E3%83%AC%E3%83%83%E3%82%AD%E3%83%B3%E3%82%B0%E3%82%B7%E3%83%A5%E3%83%BC%E3%82%BA-22-5cm/dp/B07LGS8T1T?_encoding=UTF8&psc=1
#48,"3M 防水スプレー 速効性 1分で防水 衣類 革靴 スニーカー用 300ml スコッチガード SG-S300
        ",https://www.amazon.co.jp/3M-%E9%98%B2%E6%B0%B4%E3%82%B9%E3%83%97%E3%83%AC%E3%83%BC-%E3%82%B9%E3%83%8B%E3%83%BC%E3%82%AB%E3%83%BC%E7%94%A8-%E3%82%B9%E3%82%B3%E3%83%83%E3%83%81%E3%82%AC%E3%83%BC%E3%83%89-SG-S300/dp/B08NSMGWTC?_encoding=UTF8&psc=1
#49,"[シュンソク] スニーカー 通学履き 軽量 白 19cm~24.5cm 2E キッズ 女の子 LEJ 4270
        ",https://www.amazon.co.jp/%E3%82%B7%E3%83%A5%E3%83%B3%E3%82%BD%E3%82%AF-%E7%9E%AC%E8%B6%B3-19-24-5cm-LEJ-4270/dp/B07JZVDDBN?_encoding=UTF8&psc=1
#50,"[ジルマン] 財布 メンズ 長財布 牛革 YKK製 ラウンドファスナー
        ",https://www.amazon.co.jp/ZILLMAN%EF%BC%88%E3%82%B8%E3%83%AB%E3%83%9E%E3%83%B3%EF%BC%89%E9%95%B7%E8%B2%A1%E5%B8%83-%E7%89%9B%E9%9D%A9-YKK%E8%A3%BD-%E3%83%A9%E3%82%A6%E3%83%B3%E3%83%89%E3%83%95%E3%82%A1%E3%82%B9%E3%83%8A%E3%83%BC-1-%E3%83%96%E3%83%A9%E3%83%83%E3%82%AF/dp/B078LK1MCP?_encoding=UTF8&psc=1
