#1,"スコッティ ティシュー 400枚(200組) 5箱 ホワイトパッケージ
        ",https://www.amazon.co.jp/%E3%82%B9%E3%82%B3%E3%83%83%E3%83%86%E3%82%A3-%E3%83%86%E3%82%A3%E3%82%B7%E3%83%A5%E3%83%BC-400%E6%9E%9A-200%E7%B5%84-%E3%83%9B%E3%83%AF%E3%82%A4%E3%83%88%E3%83%91%E3%83%83%E3%82%B1%E3%83%BC%E3%82%B8/dp/B018TQ2D6U?_encoding=UTF8&psc=1
#2,"(日本製 PM2.5対応)超快適マスク プリ-ツタイプ ふつう 30枚入(unicharm)
        ",https://www.amazon.co.jp/PM2-5%E5%AF%BE%E5%BF%9C-%E8%B6%85%E5%BF%AB%E9%81%A9%E3%83%9E%E3%82%B9%E3%82%AF-%E3%83%97%E3%83%AA-%E3%83%84%E3%82%BF%E3%82%A4%E3%83%97-30%E6%9E%9A%E5%85%A5-unicharm/dp/B01MRWVEJU?_encoding=UTF8&psc=1
#3,"パイプユニッシュ 排水口・パイプクリーナー 液体タイプ 大容量 800g
        ",https://www.amazon.co.jp/%E3%83%91%E3%82%A4%E3%83%97%E3%83%A6%E3%83%8B%E3%83%83%E3%82%B7%E3%83%A5-%E6%8E%92%E6%B0%B4%E5%8F%A3%E3%83%BB%E3%83%91%E3%82%A4%E3%83%97%E3%82%AF%E3%83%AA%E3%83%BC%E3%83%8A%E3%83%BC-%E6%B6%B2%E4%BD%93%E3%82%BF%E3%82%A4%E3%83%97-%E5%A4%A7%E5%AE%B9%E9%87%8F-800g/dp/B00XMPPMIA?_encoding=UTF8&psc=1
#4,"エリエール キッチンペーパー 超吸収 キッチンタオル シートタイプ 100組×2パック パルプ100%
        ",https://www.amazon.co.jp/%E3%82%A8%E3%83%AA%E3%82%A8%E3%83%BC%E3%83%AB-%E3%82%AD%E3%83%83%E3%83%81%E3%83%B3%E3%83%9A%E3%83%BC%E3%83%91%E3%83%BC-%E3%82%AD%E3%83%83%E3%83%81%E3%83%B3%E3%82%BF%E3%82%AA%E3%83%AB-100%E7%B5%84%C3%972%E3%83%91%E3%83%83%E3%82%AF-%E3%83%91%E3%83%AB%E3%83%97100/dp/B01ABETJTC?_encoding=UTF8&psc=1
#5,"クリネックス ティシュー 360枚(180組) 5箱
        ",https://www.amazon.co.jp/%E3%82%AF%E3%83%AA%E3%83%8D%E3%83%83%E3%82%AF%E3%82%B9-%E3%83%86%E3%82%A3%E3%82%B7%E3%83%A5%E3%83%BC-360%E6%9E%9A-180%E7%B5%84-5%E7%AE%B1/dp/B06ZY6BFD2?_encoding=UTF8&psc=1
#6,"スコッティ フラワーパック 2倍巻き(6ロールで12ロール分) トイレット 50mダブル
        ",https://www.amazon.co.jp/%E3%82%B9%E3%82%B3%E3%83%83%E3%83%86%E3%82%A3-%E3%83%95%E3%83%A9%E3%83%AF%E3%83%BC%E3%83%91%E3%83%83%E3%82%AF-6%E3%83%AD%E3%83%BC%E3%83%AB%E3%81%A712%E3%83%AD%E3%83%BC%E3%83%AB%E5%88%86-%E3%83%88%E3%82%A4%E3%83%AC%E3%83%83%E3%83%88-50m%E3%83%80%E3%83%96%E3%83%AB/dp/B01KH08KX6?_encoding=UTF8&psc=1
#7,"カビキラー 洗たく槽クリーナー 洗たく槽カビキラー 塩素系液体タイプ 550g
        ",https://www.amazon.co.jp/%E3%82%AB%E3%83%93%E3%82%AD%E3%83%A9%E3%83%BC-%E6%B4%97%E3%81%9F%E3%81%8F%E6%A7%BD%E3%82%AF%E3%83%AA%E3%83%BC%E3%83%8A%E3%83%BC-%E6%B4%97%E3%81%9F%E3%81%8F%E6%A7%BD%E3%82%AB%E3%83%93%E3%82%AD%E3%83%A9%E3%83%BC-%E5%A1%A9%E7%B4%A0%E7%B3%BB%E6%B6%B2%E4%BD%93%E3%82%BF%E3%82%A4%E3%83%97-550g/dp/B00XMPQPKY?_encoding=UTF8&psc=1
#8,"(日本製 PM2.5対応)超快適マスク プリ-ツタイプ 小さめ 30枚入(unicharm)
        ",https://www.amazon.co.jp/PM2-5%E5%AF%BE%E5%BF%9C-%E8%B6%85%E5%BF%AB%E9%81%A9%E3%83%9E%E3%82%B9%E3%82%AF-%E3%83%97%E3%83%AA-%E3%83%84%E3%82%BF%E3%82%A4%E3%83%97-30%E6%9E%9A%E5%85%A5-unicharm/dp/B01N1F1YM9?_encoding=UTF8&psc=1
#9,"ネピア ネピネピトイレットロール 桜 25M 12ロール ダブル
        ",https://www.amazon.co.jp/%E3%83%8D%E3%83%94%E3%82%A2%E3%83%8D%E3%83%94%E3%83%8D%E3%83%94%E3%83%88%E3%82%A4%E3%83%AC%E3%83%83%E3%83%88%E3%83%AD%E3%83%BC%E3%83%AB-%E6%A1%9C-25M-12%E3%83%AD%E3%83%BC%E3%83%AB-%E3%83%80%E3%83%96%E3%83%AB/dp/B01FCRS0WK?_encoding=UTF8&psc=1
#10,"亀田製菓 ハッピーターン 108g
        ",https://www.amazon.co.jp/%E3%83%8F%E3%83%83%E3%83%94%E3%83%BC%E3%82%BF%E3%83%BC%E3%83%B3-%E4%BA%80%E7%94%B0%E8%A3%BD%E8%8F%93-108g/dp/B085V3RN3N?_encoding=UTF8&psc=1
#11,"スコッティ フラワーパック 3倍長持ち トイレット4ロール 75mダブル
        ",https://www.amazon.co.jp/%E3%82%B9%E3%82%B3%E3%83%83%E3%83%86%E3%82%A3-%E3%83%95%E3%83%A9%E3%83%AF%E3%83%BC%E3%83%91%E3%83%83%E3%82%AF-3%E5%80%8D%E9%95%B7%E6%8C%81%E3%81%A1-%E3%83%88%E3%82%A4%E3%83%AC%E3%83%83%E3%83%884%E3%83%AD%E3%83%BC%E3%83%AB-75m%E3%83%80%E3%83%96%E3%83%AB/dp/B01M06HQMW?_encoding=UTF8&psc=1
#12,"スコッティ フラワーパック 2倍巻き(6ロールで12ロール分) トイレット 100mシングル
        ",https://www.amazon.co.jp/%E3%82%B9%E3%82%B3%E3%83%83%E3%83%86%E3%82%A3-%E3%83%95%E3%83%A9%E3%83%AF%E3%83%BC%E3%83%91%E3%83%83%E3%82%AF-6%E3%83%AD%E3%83%BC%E3%83%AB%E3%81%A712%E3%83%AD%E3%83%BC%E3%83%AB%E5%88%86-%E3%83%88%E3%82%A4%E3%83%AC%E3%83%83%E3%83%88-100m%E3%82%B7%E3%83%B3%E3%82%B0%E3%83%AB/dp/B01KH09DNC?_encoding=UTF8&psc=1
#13,"サランラップ 22cm×50m
        ",https://www.amazon.co.jp/%E3%82%B5%E3%83%A9%E3%83%B3%E3%83%A9%E3%83%83%E3%83%97-22cm%C3%9750m/dp/B00XTZQDHC?_encoding=UTF8&psc=1
#14,"ユニ・チャーム 超立体マスク ふつう 50枚入
        ",https://www.amazon.co.jp/%E8%B6%85%E7%AB%8B%E4%BD%93%E3%83%9E%E3%82%B9%E3%82%AF-%E3%83%A6%E3%83%8B%E3%83%BB%E3%83%81%E3%83%A3%E3%83%BC%E3%83%A0-%E3%81%B5%E3%81%A4%E3%81%86-50%E6%9E%9A%E5%85%A5/dp/B018S17Y4W?_encoding=UTF8&psc=1
#15,"スコッティ ティシュー フラワーボックス 320枚(160組) 5箱
        ",https://www.amazon.co.jp/%E3%82%B9%E3%82%B3%E3%83%83%E3%83%86%E3%82%A3-%E3%83%86%E3%82%A3%E3%82%B7%E3%83%A5%E3%83%BC-%E3%83%95%E3%83%A9%E3%83%AF%E3%83%BC%E3%83%9C%E3%83%83%E3%82%AF%E3%82%B9-320%E6%9E%9A-160%E7%B5%84/dp/B00XOT105S?_encoding=UTF8&psc=1
#16,"エリエール ティッシュ プラスウォーター(+Water) 180組×5箱 パルプ100%
        ",https://www.amazon.co.jp/%E3%82%A8%E3%83%AA%E3%82%A8%E3%83%BC%E3%83%AB-%E3%83%86%E3%82%A3%E3%83%83%E3%82%B7%E3%83%A5-%E3%83%97%E3%83%A9%E3%82%B9%E3%82%A6%E3%82%A9%E3%83%BC%E3%82%BF%E3%83%BC-180%E7%B5%84%C3%975%E7%AE%B1-%E3%83%91%E3%83%AB%E3%83%97100/dp/B00XXC9JIQ?_encoding=UTF8&psc=1
#17,"エリエール キレキラ! トイレクリーナー つめかえ用 20枚(10枚×2パック) クリーンフローラル 230×330mm 1枚で徹底おそうじシート
        ",https://www.amazon.co.jp/%E3%82%A8%E3%83%AA%E3%82%A8%E3%83%BC%E3%83%AB-%E3%83%88%E3%82%A4%E3%83%AC%E3%82%AF%E3%83%AA%E3%83%BC%E3%83%8A%E3%83%BC-%E3%82%AF%E3%83%AA%E3%83%BC%E3%83%B3%E3%83%95%E3%83%AD%E3%83%BC%E3%83%A9%E3%83%AB-230%C3%97330mm-1%E6%9E%9A%E3%81%A7%E5%BE%B9%E5%BA%95%E3%81%8A%E3%81%9D%E3%81%86%E3%81%98%E3%82%B7%E3%83%BC%E3%83%88/dp/B075XLVCDK?_encoding=UTF8&psc=1
#18,"エリエール キッチンペーパー 超吸収 キッチンタオル 70カット×2ロール パルプ100%
        ",https://www.amazon.co.jp/%E3%82%A8%E3%83%AA%E3%82%A8%E3%83%BC%E3%83%AB-%E3%82%AD%E3%83%83%E3%83%81%E3%83%B3%E3%83%9A%E3%83%BC%E3%83%91%E3%83%BC-%E3%82%AD%E3%83%83%E3%83%81%E3%83%B3%E3%82%BF%E3%82%AA%E3%83%AB-70%E3%82%AB%E3%83%83%E3%83%88%C3%972%E3%83%AD%E3%83%BC%E3%83%AB-%E3%83%91%E3%83%AB%E3%83%97100/dp/B00Z5WBOX0?_encoding=UTF8&psc=1
#19,"サランラップ 30×50m
        ",https://www.amazon.co.jp/%E3%82%B5%E3%83%A9%E3%83%B3%E3%83%A9%E3%83%83%E3%83%97-30%E3%8E%9D%C3%9750m/dp/B00ZTR3ZG0?_encoding=UTF8&psc=1
#20,"エリエール トイレットペーパー 1.5倍巻き 45m×8ロール ダブル パルプ100% リラックス感のある香り
        ",https://www.amazon.co.jp/%E3%82%A8%E3%83%AA%E3%82%A8%E3%83%BC%E3%83%AB-%E3%83%88%E3%82%A4%E3%83%AC%E3%83%83%E3%83%88%E3%83%9A%E3%83%BC%E3%83%91%E3%83%BC-45m%C3%978%E3%83%AD%E3%83%BC%E3%83%AB-%E3%83%91%E3%83%AB%E3%83%97100-%E3%83%AA%E3%83%A9%E3%83%83%E3%82%AF%E3%82%B9%E6%84%9F%E3%81%AE%E3%81%82%E3%82%8B%E9%A6%99%E3%82%8A/dp/B0179KYHE8?_encoding=UTF8&psc=1
#21,"ビオレu 泡ハンドソープ つめかえ 800ML
        ",https://www.amazon.co.jp/%E3%83%93%E3%82%AA%E3%83%ACu-%E6%B3%A1%E3%83%8F%E3%83%B3%E3%83%89%E3%82%BD%E3%83%BC%E3%83%97-%E3%81%A4%E3%82%81%E3%81%8B%E3%81%88-800ML/dp/B0182366VS?_encoding=UTF8&psc=1
#22,"パイプユニッシュ 排水口・パイプクリーナー パイプユニッシュプロ 濃縮液体タイプ コンパクト 400g
        ",https://www.amazon.co.jp/%E3%83%91%E3%82%A4%E3%83%97%E3%83%A6%E3%83%8B%E3%83%83%E3%82%B7%E3%83%A5-%E6%8E%92%E6%B0%B4%E5%8F%A3%E3%83%BB%E3%83%91%E3%82%A4%E3%83%97%E3%82%AF%E3%83%AA%E3%83%BC%E3%83%8A%E3%83%BC-%E3%83%91%E3%82%A4%E3%83%97%E3%83%A6%E3%83%8B%E3%83%83%E3%82%B7%E3%83%A5%E3%83%97%E3%83%AD-%E6%BF%83%E7%B8%AE%E6%B6%B2%E4%BD%93%E3%82%BF%E3%82%A4%E3%83%97-%E3%82%B3%E3%83%B3%E3%83%91%E3%82%AF%E3%83%88/dp/B00XMPPCLC?_encoding=UTF8&psc=1
#23,"ポッカサッポロ じっくりコトコトブロッコリーチーズ 3袋入
        ",https://www.amazon.co.jp/%E3%83%9D%E3%83%83%E3%82%AB%E3%82%B5%E3%83%83%E3%83%9D%E3%83%AD-%E3%83%95%E3%83%BC%E3%83%89-%E3%83%93%E3%83%90%E3%83%AC%E3%83%83%E3%82%B8-%E3%81%98%E3%81%A3%E3%81%8F%E3%82%8A%E3%82%B3%E3%83%88%E3%82%B3%E3%83%88%E3%83%96%E3%83%AD%E3%83%83%E3%82%B3%E3%83%AA%E3%83%BC%E3%83%81%E3%83%BC%E3%82%BA-3%E8%A2%8B%E5%85%A5/dp/B08B3WSMWC?_encoding=UTF8&psc=1
#24,"クリネックス ティシュー アクアヴェール 360枚(180組) 5箱
        ",https://www.amazon.co.jp/%E3%82%AF%E3%83%AA%E3%83%8D%E3%83%83%E3%82%AF%E3%82%B9-%E3%83%86%E3%82%A3%E3%82%B7%E3%83%A5%E3%83%BC-%E3%82%A2%E3%82%AF%E3%82%A2%E3%83%B4%E3%82%A7%E3%83%BC%E3%83%AB-360%E6%9E%9A-180%E7%B5%84/dp/B01AWAESP0?_encoding=UTF8&psc=1
#25,"アリエール 洗たく槽クリーナー 250g
        ",https://www.amazon.co.jp/%E3%82%A2%E3%83%AA%E3%82%A8%E3%83%BC%E3%83%AB-%E6%B4%97%E3%81%9F%E3%81%8F%E6%A7%BD%E3%82%AF%E3%83%AA%E3%83%BC%E3%83%8A%E3%83%BC-250g/dp/B019RAUO18?_encoding=UTF8&psc=1
#26,"日清 カップヌードル 78g×3個
        ",https://www.amazon.co.jp/%E3%82%AB%E3%83%83%E3%83%97%E3%83%8C%E3%83%BC%E3%83%89%E3%83%AB-%E6%97%A5%E6%B8%85-77g%C3%973%E5%80%8B/dp/B079YH447Q?_encoding=UTF8&psc=1
#27,"永谷園 だし茶漬け 8袋入
        ",https://www.amazon.co.jp/%E6%B0%B8%E8%B0%B7%E5%9C%92-%E3%81%A0%E3%81%97%E8%8C%B6%E6%BC%AC%E3%81%91-8%E8%A2%8B%E5%85%A5/dp/B00Z5WNFQE?_encoding=UTF8&psc=1
#28,"ナチュリエ スキンコンディショナー(ハトムギ化粧水)500ml
        ",https://www.amazon.co.jp/%E3%83%8A%E3%83%81%E3%83%A5%E3%83%AA%E3%82%A8-%E3%82%B9%E3%82%AD%E3%83%B3%E3%82%B3%E3%83%B3%E3%83%87%E3%82%A3%E3%82%B7%E3%83%A7%E3%83%8A%E3%83%BC-%E3%83%8F%E3%83%88%E3%83%A0%E3%82%AE%E5%8C%96%E7%B2%A7%E6%B0%B4-500ml/dp/B00XTY2TAI?_encoding=UTF8&psc=1
#29,"ポッカサッポロ じっくりコトコト海老の濃厚ビスク 3袋入
        ",https://www.amazon.co.jp/%E3%83%9D%E3%83%83%E3%82%AB%E3%82%B5%E3%83%83%E3%83%9D%E3%83%AD-%E3%83%95%E3%83%BC%E3%83%89-%E3%83%93%E3%83%90%E3%83%AC%E3%83%83%E3%82%B8-%E3%81%98%E3%81%A3%E3%81%8F%E3%82%8A%E3%82%B3%E3%83%88%E3%82%B3%E3%83%88%E6%B5%B7%E8%80%81%E3%81%AE%E6%BF%83%E5%8E%9A%E3%83%93%E3%82%B9%E3%82%AF-3%E8%A2%8B%E5%85%A5/dp/B08B3YB37X?_encoding=UTF8&psc=1
#30,"エリス 朝まで超安心 360 羽つき 36cm (特に多い日の夜) 14枚
        ",https://www.amazon.co.jp/%E3%82%A8%E3%83%AA%E3%82%B9-%E6%9C%9D%E3%81%BE%E3%81%A7%E8%B6%85%E5%AE%89%E5%BF%83-360-36cm-%E7%89%B9%E3%81%AB%E5%A4%9A%E3%81%84%E6%97%A5%E3%81%AE%E5%A4%9C/dp/B01LYVJJ61?_encoding=UTF8&psc=1
#31,"アサヒ 三ツ矢サイダー 500ml×3本
        ",https://www.amazon.co.jp/%E4%B8%89%E3%83%84%E7%9F%A2%E3%82%B5%E3%82%A4%E3%83%80%E3%83%BC-%E3%82%A2%E3%82%B5%E3%83%92-500ml%C3%973%E6%9C%AC/dp/B079SK9V6W?_encoding=UTF8&psc=1
#32,"カビキラー つけかえ用 400g
        ",https://www.amazon.co.jp/%E3%82%AB%E3%83%93%E3%82%AD%E3%83%A9%E3%83%BC-642245-%E3%81%A4%E3%81%91%E3%81%8B%E3%81%88%E7%94%A8-400g/dp/B00XMPRVHK?_encoding=UTF8&psc=1
#33,"エリエール ティッシュ 保湿 200組×3箱 パルプ100% 贅沢保湿
        ",https://www.amazon.co.jp/%E3%82%A8%E3%83%AA%E3%82%A8%E3%83%BC%E3%83%AB-%E3%83%86%E3%82%A3%E3%83%83%E3%82%B7%E3%83%A5-200%E7%B5%84%C3%973%E7%AE%B1-%E3%83%91%E3%83%AB%E3%83%97100-%E8%B4%85%E6%B2%A2%E4%BF%9D%E6%B9%BF/dp/B07KQBWNH3?_encoding=UTF8&psc=1
#34,"スクラビングバブル ジャバ 1つ穴用 160g
        ",https://www.amazon.co.jp/%E3%82%B8%E3%83%A7%E3%83%B3%E3%82%BD%E3%83%B3-%E3%82%B9%E3%82%AF%E3%83%A9%E3%83%93%E3%83%B3%E3%82%B0%E3%83%90%E3%83%96%E3%83%AB-%E3%82%B8%E3%83%A3%E3%83%90-1%E3%81%A4%E7%A9%B4%E7%94%A8-160g/dp/B01BVAGBZK?_encoding=UTF8&psc=1
#35,"ポッカサッポロ じっくりコトコト 濃厚チキンクリーム 3袋入
        ",https://www.amazon.co.jp/%E3%83%9D%E3%83%83%E3%82%AB%E3%82%B5%E3%83%83%E3%83%9D%E3%83%AD-%E3%83%95%E3%83%BC%E3%83%89-%E3%83%93%E3%83%90%E3%83%AC%E3%83%83%E3%82%B8-%E3%81%98%E3%81%A3%E3%81%8F%E3%82%8A%E3%82%B3%E3%83%88%E3%82%B3%E3%83%88-%E6%BF%83%E5%8E%9A%E3%83%81%E3%82%AD%E3%83%B3%E3%82%AF%E3%83%AA%E3%83%BC%E3%83%A0/dp/B08B3WZRD2?_encoding=UTF8&psc=1
#36,"エリエール シャワートイレのためにつくった吸水力が2倍のトイレットペーパー 25m(112シート)×12ロールダブル パルプ100% フラワーブーケの香り
        ",https://www.amazon.co.jp/%E3%82%A8%E3%83%AA%E3%82%A8%E3%83%BC%E3%83%AB-%E3%82%B7%E3%83%A3%E3%83%AF%E3%83%BC%E3%83%88%E3%82%A4%E3%83%AC%E3%81%AE%E3%81%9F%E3%82%81%E3%81%AB%E3%81%A4%E3%81%8F%E3%81%A3%E3%81%9F%E5%90%B8%E6%B0%B4%E5%8A%9B%E3%81%8C2%E5%80%8D%E3%81%AE%E3%83%88%E3%82%A4%E3%83%AC%E3%83%83%E3%83%88%E3%83%9A%E3%83%BC%E3%83%91%E3%83%BC-%C3%9712%E3%83%AD%E3%83%BC%E3%83%AB%E3%83%80%E3%83%96%E3%83%AB-%E3%83%91%E3%83%AB%E3%83%97100-%E3%83%95%E3%83%A9%E3%83%AF%E3%83%BC%E3%83%96%E3%83%BC%E3%82%B1%E3%81%AE%E9%A6%99%E3%82%8A/dp/B07QTYMKL4?_encoding=UTF8&psc=1
#37,"【Amazon.co.jp 限定】【まとめ買い】トイレクイックル トイレ用そうじシート ニオイ予防プラス シトラスの香り 詰め替え 16枚×3個
        ",https://www.amazon.co.jp/%E3%80%90Amazon-co-jp-%E9%99%90%E5%AE%9A%E3%80%91%E3%80%90%E3%81%BE%E3%81%A8%E3%82%81%E8%B2%B7%E3%81%84%E3%80%91%E3%83%88%E3%82%A4%E3%83%AC%E3%82%AF%E3%82%A4%E3%83%83%E3%82%AF%E3%83%AB-%E3%83%88%E3%82%A4%E3%83%AC%E7%94%A8%E3%81%9D%E3%81%86%E3%81%98%E3%82%B7%E3%83%BC%E3%83%88-%E3%83%8B%E3%82%AA%E3%82%A4%E4%BA%88%E9%98%B2%E3%83%97%E3%83%A9%E3%82%B9-%E3%82%B7%E3%83%88%E3%83%A9%E3%82%B9%E3%81%AE%E9%A6%99%E3%82%8A/dp/B07P7YV52V?_encoding=UTF8&psc=1
#38,"サントリー 伊右衛門 お茶 525ml×3本
        ",https://www.amazon.co.jp/%E4%BC%8A%E5%8F%B3%E8%A1%9B%E9%96%80-%E3%82%B5%E3%83%B3%E3%83%88%E3%83%AA%E3%83%BC-%E3%81%8A%E8%8C%B6-525ml%C3%973%E6%9C%AC/dp/B07CZJVH93?_encoding=UTF8&psc=1
#39,"ファンタオレンジ 500ml PET×3本
        ",https://www.amazon.co.jp/%E3%83%95%E3%82%A1%E3%83%B3%E3%82%BF-%E3%83%95%E3%82%A1%E3%83%B3%E3%82%BF%E3%82%AA%E3%83%AC%E3%83%B3%E3%82%B8-500ml-PET%C3%973%E6%9C%AC/dp/B079TYJV92?_encoding=UTF8&psc=1
#40,"カルビー じゃがりこ サラダ 60g×3個
        ",https://www.amazon.co.jp/%E3%81%98%E3%82%83%E3%81%8C%E3%82%8A%E3%81%93-%E3%82%AB%E3%83%AB%E3%83%93%E3%83%BC-%E3%82%B5%E3%83%A9%E3%83%80-60g%C3%973%E5%80%8B/dp/B07C7VH7DH?_encoding=UTF8&psc=1
#41,"スコッティ キッチンタオル ボックス 150枚(75組) 3箱パック
        ",https://www.amazon.co.jp/%E3%82%B9%E3%82%B3%E3%83%83%E3%83%86%E3%82%A3-%E3%82%AD%E3%83%83%E3%83%81%E3%83%B3%E3%82%BF%E3%82%AA%E3%83%AB-%E3%83%9C%E3%83%83%E3%82%AF%E3%82%B9-150%E6%9E%9A-3%E7%AE%B1%E3%83%91%E3%83%83%E3%82%AF/dp/B01KH0FJGC?_encoding=UTF8&psc=1
#42,"テンプル 油処理剤 固めるテンプル 10包入(1包当たり油600ml) 18g×10包
        ",https://www.amazon.co.jp/%E3%83%86%E3%83%B3%E3%83%97%E3%83%AB-%E6%B2%B9%E5%87%A6%E7%90%86%E5%89%A4-%E5%9B%BA%E3%82%81%E3%82%8B%E3%83%86%E3%83%B3%E3%83%97%E3%83%AB-1%E5%8C%85%E5%BD%93%E3%81%9F%E3%82%8A%E6%B2%B9600ml-18g%C3%9710%E5%8C%85/dp/B01KH0NDZ6?_encoding=UTF8&psc=1
#43,"クリネックス 1.5倍巻き コンパクト トイレット8ロール 45mダブル
        ",https://www.amazon.co.jp/%E3%82%AF%E3%83%AA%E3%83%8D%E3%83%83%E3%82%AF%E3%82%B9-1-5%E5%80%8D%E5%B7%BB%E3%81%8D-%E3%82%B3%E3%83%B3%E3%83%91%E3%82%AF%E3%83%88-%E3%83%88%E3%82%A4%E3%83%AC%E3%83%83%E3%83%888%E3%83%AD%E3%83%BC%E3%83%AB-45m%E3%83%80%E3%83%96%E3%83%AB/dp/B07CPTMCY1?_encoding=UTF8&psc=1
#44,"はごろも シャキッと コーン 190g×3缶 (2571)
        ",https://www.amazon.co.jp/%E3%81%AF%E3%81%94%E3%82%8D%E3%82%82-%E3%82%B7%E3%83%A3%E3%82%AD%E3%83%83%E3%81%A8-%E3%82%B3%E3%83%BC%E3%83%B3-190g%C3%973%E7%BC%B6/dp/B00Z5WQYUI?_encoding=UTF8&psc=1
#45,"コカ・コーラ い・ろ・は・す 天然水 2LPET×3本
        ",https://www.amazon.co.jp/ILOHAS-%E3%82%A4%E3%83%AD%E3%83%8F%E3%82%B9-%E3%82%B3%E3%82%AB%E3%83%BB%E3%82%B3%E3%83%BC%E3%83%A9-%E3%81%84%E3%83%BB%E3%82%8D%E3%83%BB%E3%81%AF%E3%83%BB%E3%81%99-2LPET%C3%973%E6%9C%AC/dp/B07WGFJSNN?_encoding=UTF8&psc=1
#46,"AGF ブレンディ スティック ほうじ茶オレ 【 ほうじ茶 粉末 】 21本
        ",https://www.amazon.co.jp/AGF-%E3%83%96%E3%83%AC%E3%83%B3%E3%83%87%E3%82%A3-%E3%82%B9%E3%83%86%E3%82%A3%E3%83%83%E3%82%AF-%E3%81%BB%E3%81%86%E3%81%98%E8%8C%B6%E3%82%AA%E3%83%AC-%E3%81%BB%E3%81%86%E3%81%98%E8%8C%B6/dp/B082X77CJB?_encoding=UTF8&psc=1
#47,"スクラビングバブル 超強力トイレクリーナー 400g
        ",https://www.amazon.co.jp/%E3%82%B8%E3%83%A7%E3%83%B3%E3%82%BD%E3%83%B3-653827-%E3%82%B9%E3%82%AF%E3%83%A9%E3%83%93%E3%83%B3%E3%82%B0%E3%83%90%E3%83%96%E3%83%AB-%E8%B6%85%E5%BC%B7%E5%8A%9B%E3%83%88%E3%82%A4%E3%83%AC%E3%82%AF%E3%83%AA%E3%83%BC%E3%83%8A%E3%83%BC-400g/dp/B00XMPRLC0?_encoding=UTF8&psc=1
#48,"スコッティ フラワーパック 3倍長持ち トイレット12ロール 75mダブル
        ",https://www.amazon.co.jp/%E3%82%B9%E3%82%B3%E3%83%83%E3%83%86%E3%82%A3-%E3%83%95%E3%83%A9%E3%83%AF%E3%83%BC%E3%83%91%E3%83%83%E3%82%AF-3%E5%80%8D%E9%95%B7%E6%8C%81%E3%81%A1-%E3%83%88%E3%82%A4%E3%83%AC%E3%83%83%E3%83%8812%E3%83%AD%E3%83%BC%E3%83%AB-75m%E3%83%80%E3%83%96%E3%83%AB/dp/B08CKNSZWX?_encoding=UTF8&psc=1
#49,"マルちゃん ごつ盛り ソース焼そば 171g×3個
        ",https://www.amazon.co.jp/%E6%9D%B1%E6%B4%8B%E6%B0%B4%E7%94%A3-%E3%83%9E%E3%83%AB%E3%81%A1%E3%82%83%E3%82%93-%E3%81%94%E3%81%A4%E7%9B%9B%E3%82%8A-%E3%82%BD%E3%83%BC%E3%82%B9%E7%84%BC%E3%81%9D%E3%81%B0-171g%C3%973%E5%80%8B/dp/B079SNMN6T?_encoding=UTF8&psc=1
#50,"ワイドハイターEXパワー 大サイズ つめかえ用 880ml
        ",https://www.amazon.co.jp/%E3%83%AF%E3%82%A4%E3%83%89%E3%83%8F%E3%82%A4%E3%82%BF%E3%83%BC-%E3%83%AF%E3%82%A4%E3%83%89%E3%83%8F%E3%82%A4%E3%82%BF%E3%83%BCEX%E3%83%91%E3%83%AF%E3%83%BC-%E5%A4%A7%E3%82%B5%E3%82%A4%E3%82%BA-%E3%81%A4%E3%82%81%E3%81%8B%E3%81%88%E7%94%A8-880ml/dp/B00YQSV7HW?_encoding=UTF8&psc=1
