#1,"Microsoft 365 Personal(最新 1年版)|オンラインコード版|Win/Mac/iPad|インストール台数無制限(同時使用可能台数5台)
        ",https://www.amazon.co.jp/Microsoft365-Personal-%E3%82%AA%E3%83%B3%E3%83%A9%E3%82%A4%E3%83%B3%E3%82%B3%E3%83%BC%E3%83%89%E7%89%88-%E3%82%A4%E3%83%B3%E3%82%B9%E3%83%88%E3%83%BC%E3%83%AB%E5%8F%B0%E6%95%B0%E7%84%A1%E5%88%B6%E9%99%90-%E5%90%8C%E6%99%82%E4%BD%BF%E7%94%A8%E5%8F%AF%E8%83%BD%E5%8F%B0%E6%95%B05%E5%8F%B0/dp/B00O2TXF8O?_encoding=UTF8&psc=1
#2,"ESET インターネット セキュリティ(最新)|5台3年|オンラインコード版|Win/Mac/Android対応
        ",https://www.amazon.co.jp/ESET-%E3%82%A4%E3%83%B3%E3%82%BF%E3%83%BC%E3%83%8D%E3%83%83%E3%83%88-%E3%82%BB%E3%82%AD%E3%83%A5%E3%83%AA%E3%83%86%E3%82%A3-%E3%82%AA%E3%83%B3%E3%83%A9%E3%82%A4%E3%83%B3%E3%82%B3%E3%83%BC%E3%83%89%E7%89%88-Android%E5%AF%BE%E5%BF%9C/dp/B07NDKMKYY?_encoding=UTF8&psc=1
#3,"ESET インターネット セキュリティ(最新)|5台3年版|カード版|Win/Mac/Android対応
        ",https://www.amazon.co.jp/ESET-%E3%82%A4%E3%83%B3%E3%82%BF%E3%83%BC%E3%83%8D%E3%83%83%E3%83%88-%E3%82%BB%E3%82%AD%E3%83%A5%E3%83%AA%E3%83%86%E3%82%A3-5%E5%8F%B03%E5%B9%B4%E7%89%88-Android%E5%AF%BE%E5%BF%9C/dp/B07N95L7PY?_encoding=UTF8&psc=1
#4,"マインクラフト スターターコレクション|Windows 10|オンラインコード版
        ",https://www.amazon.co.jp/%E3%83%9E%E3%82%A4%E3%83%B3%E3%82%AF%E3%83%A9%E3%83%95%E3%83%88-%E3%82%B9%E3%82%BF%E3%83%BC%E3%82%BF%E3%83%BC%E3%82%B3%E3%83%AC%E3%82%AF%E3%82%B7%E3%83%A7%E3%83%B3-Windows-10-%E3%82%AA%E3%83%B3%E3%83%A9%E3%82%A4%E3%83%B3%E3%82%B3%E3%83%BC%E3%83%89%E7%89%88/dp/B07L51QCKP?_encoding=UTF8&psc=1
#5,"Adobe Creative Cloud コンプリート|12か月版|Windows/Mac対応|オンラインコード版
        ",https://www.amazon.co.jp/Adobe-Creative-Cloud-%E3%82%B3%E3%83%B3%E3%83%97%E3%83%AA%E3%83%BC%E3%83%88-%E3%82%AA%E3%83%B3%E3%83%A9%E3%82%A4%E3%83%B3%E3%82%B3%E3%83%BC%E3%83%89%E7%89%88/dp/B00FOHQZPI?_encoding=UTF8&psc=1
#6,"【新パッケージ】Windows 10 Home 日本語版/May 2019 Update適用/パッケージ版
        ",https://www.amazon.co.jp/%E3%80%90%E6%96%B0%E3%83%91%E3%83%83%E3%82%B1%E3%83%BC%E3%82%B8%E3%80%91Windows-Home-%E6%97%A5%E6%9C%AC%E8%AA%9E%E7%89%88-Update%E9%81%A9%E7%94%A8-%E3%83%91%E3%83%83%E3%82%B1%E3%83%BC%E3%82%B8%E7%89%88/dp/B07WGM2Y61?_encoding=UTF8&psc=1
#7,"【Amazon.co.jp限定】カスペルスキー セキュリティ (最新版) | 3年 5台版 | カード版 | Windows/Mac/Android/iOS対応
        ",https://www.amazon.co.jp/%E3%80%90Amazon-co-jp%E9%99%90%E5%AE%9A%E3%80%91%E3%82%AB%E3%82%B9%E3%83%9A%E3%83%AB%E3%82%B9%E3%82%AD%E3%83%BC-%E3%82%BB%E3%82%AD%E3%83%A5%E3%83%AA%E3%83%86%E3%82%A3-%E3%82%AB%E3%83%BC%E3%83%89%E7%89%88-Windows-Android%E5%AF%BE%E5%BF%9C/dp/B07KXGQ1G8?_encoding=UTF8&psc=1
#8,"筆ぐるめ 28 年賀状|ダウンロード版
        ",https://www.amazon.co.jp/%E3%82%B8%E3%83%A3%E3%83%B3%E3%82%B0%E3%83%AB-%E7%AD%86%E3%81%90%E3%82%8B%E3%82%81-28-%E5%B9%B4%E8%B3%80%E7%8A%B6-%E3%83%80%E3%82%A6%E3%83%B3%E3%83%AD%E3%83%BC%E3%83%89%E7%89%88/dp/B08HN7K1X2?_encoding=UTF8&psc=1
#9,"ロード・エルメロイII世の冒険 1巻「神を喰らった男」
        ",https://www.amazon.co.jp/TYPE-MOONBOOKS-%E3%83%AD%E3%83%BC%E3%83%89%E3%83%BB%E3%82%A8%E3%83%AB%E3%83%A1%E3%83%AD%E3%82%A4II%E4%B8%96%E3%81%AE%E5%86%92%E9%99%BA-1%E5%B7%BB%E3%80%8C%E7%A5%9E%E3%82%92%E5%96%B0%E3%82%89%E3%81%A3%E3%81%9F%E7%94%B7%E3%80%8D/dp/B08NW54R8H?_encoding=UTF8&psc=1
#10,"ファイナルファンタジーXIV コンプリートパック【新生エオルゼア~漆黒のヴィランズ】【Amazon.co.jp限定】オリジナルPC壁紙 配信 |Win対応|ダウンロード版
        ",https://www.amazon.co.jp/%E3%83%95%E3%82%A1%E3%82%A4%E3%83%8A%E3%83%AB%E3%83%95%E3%82%A1%E3%83%B3%E3%82%BF%E3%82%B8%E3%83%BCXIV-%E3%82%B3%E3%83%B3%E3%83%97%E3%83%AA%E3%83%BC%E3%83%88%E3%83%91%E3%83%83%E3%82%AF%E3%80%90%E6%96%B0%E7%94%9F%E3%82%A8%E3%82%AA%E3%83%AB%E3%82%BC%E3%82%A2-%E6%BC%86%E9%BB%92%E3%81%AE%E3%83%B4%E3%82%A3%E3%83%A9%E3%83%B3%E3%82%BA%E3%80%91%E3%80%90Amazon-co-jp%E9%99%90%E5%AE%9A%E3%80%91%E3%82%AA%E3%83%AA%E3%82%B8%E3%83%8A%E3%83%ABPC%E5%A3%81%E7%B4%99-%E9%85%8D%E4%BF%A1-Win%E5%AF%BE%E5%BF%9C%E3%82%AA%E3%83%B3%E3%83%A9%E3%82%A4%E3%83%B3%E3%82%B3%E3%83%BC%E3%83%89%E7%89%88-%E3%82%AA%E3%83%B3%E3%83%A9%E3%82%A4%E3%83%B3%E3%82%B3%E3%83%BC%E3%83%89%E7%89%88/dp/B07SK92WZ6?_encoding=UTF8&psc=1
#11,"カスペルスキー セキュリティ (最新版) | 3年 5台版 | オンラインコード版 | Windows/Mac/iOS/Android対応
        ",https://www.amazon.co.jp/%E3%82%AB%E3%82%B9%E3%83%9A%E3%83%AB%E3%82%B9%E3%82%AD%E3%83%BC-%E3%82%BB%E3%82%AD%E3%83%A5%E3%83%AA%E3%83%86%E3%82%A3-%E3%82%AA%E3%83%B3%E3%83%A9%E3%82%A4%E3%83%B3%E3%82%B3%E3%83%BC%E3%83%89%E7%89%88-Windows-Android%E5%AF%BE%E5%BF%9C/dp/B07G8J28NP?_encoding=UTF8&psc=1
#12,"Microsoft Office Home & Business 2019(最新 永続版)|カード版|Windows10/mac対応|PC2台
        ",https://www.amazon.co.jp/Microsoft-Office-Business-Windows10-mac%E5%AF%BE%E5%BF%9C/dp/B086QVBHXV?_encoding=UTF8&psc=1
#13,"Microsoft Office Home & Business 2019(最新 永続版)|オンラインコード版|Windows10/mac対応|PC2台
        ",https://www.amazon.co.jp/Microsoft-Office-Business-%E3%82%AA%E3%83%B3%E3%83%A9%E3%82%A4%E3%83%B3%E3%82%B3%E3%83%BC%E3%83%89%E7%89%88-Windows10/dp/B07LBNR2M1?_encoding=UTF8&psc=1
#14,"【ダウンロード版】契約事務手数料3000円が無料になるmineoエントリーパッケージ docomo/au/SoftBankの3回線が選べる格安SIMカード
        ",https://www.amazon.co.jp/mineo-%E3%83%9E%E3%82%A4%E3%83%8D%E3%82%AA-%E3%80%90%E3%83%80%E3%82%A6%E3%83%B3%E3%83%AD%E3%83%BC%E3%83%89%E7%89%88%E3%80%91%E5%A5%91%E7%B4%84%E4%BA%8B%E5%8B%99%E6%89%8B%E6%95%B0%E6%96%993000%E5%86%86%E3%81%8C%E7%84%A1%E6%96%99%E3%81%AB%E3%81%AA%E3%82%8Bmineo%E3%82%A8%E3%83%B3%E3%83%88%E3%83%AA%E3%83%BC%E3%83%91%E3%83%83%E3%82%B1%E3%83%BC%E3%82%B8-docomo-SoftBank%E3%81%AE3%E5%9B%9E%E7%B7%9A%E3%81%8C%E9%81%B8%E3%81%B9%E3%82%8B%E6%A0%BC%E5%AE%89SIM%E3%82%AB%E3%83%BC%E3%83%89/dp/B08295D758?_encoding=UTF8&psc=1
#15,"ノートン 360 デラックス セキュリティソフト(最新)|3年3台版|オンラインコード版|Win/Mac/iOS/Android対応【PC/スマホ対応】
        ",https://www.amazon.co.jp/%E3%83%8E%E3%83%BC%E3%83%88%E3%83%B3-%E3%82%BB%E3%82%AD%E3%83%A5%E3%83%AA%E3%83%86%E3%82%A3-%E3%83%97%E3%83%AC%E3%83%9F%E3%82%A2%E3%83%A0-%E3%82%AA%E3%83%B3%E3%83%A9%E3%82%A4%E3%83%B3%E3%82%B3%E3%83%BC%E3%83%89%E7%89%88-Android%E5%AF%BE%E5%BF%9C/dp/B01MA1KESI?_encoding=UTF8&psc=1
#16,"【最新版】筆ぐるめ 28
        ",https://www.amazon.co.jp/%E3%82%B8%E3%83%A3%E3%83%B3%E3%82%B0%E3%83%AB-%E3%80%90%E6%9C%80%E6%96%B0%E7%89%88%E3%80%91%E7%AD%86%E3%81%90%E3%82%8B%E3%82%81-28/dp/B08GQ5DM27?_encoding=UTF8&psc=1
#17,"ESET インターネット セキュリティ(最新)|1台3年|オンラインコード版|Win/Mac/Android対応
        ",https://www.amazon.co.jp/ESET-%E3%82%A4%E3%83%B3%E3%82%BF%E3%83%BC%E3%83%8D%E3%83%83%E3%83%88-%E3%82%BB%E3%82%AD%E3%83%A5%E3%83%AA%E3%83%86%E3%82%A3-%E3%82%AA%E3%83%B3%E3%83%A9%E3%82%A4%E3%83%B3%E3%82%B3%E3%83%BC%E3%83%89%E7%89%88-Android%E5%AF%BE%E5%BF%9C/dp/B07NDKJP8H?_encoding=UTF8&psc=1
#18,"ドラゴンクエストX オールインワンパッケージ version 1-5【購入特典】ゲーム内アイテム「黄金の花びら×10個」 - Windows|ダウンロード版
        ",https://www.amazon.co.jp/%E3%83%89%E3%83%A9%E3%82%B4%E3%83%B3%E3%82%AF%E3%82%A8%E3%82%B9%E3%83%88X-%E3%82%AA%E3%83%BC%E3%83%AB%E3%82%A4%E3%83%B3%E3%83%AF%E3%83%B3%E3%83%91%E3%83%83%E3%82%B1%E3%83%BC%E3%82%B8-version-1-5%E3%80%90%E8%B3%BC%E5%85%A5%E7%89%B9%E5%85%B8%E3%80%91%E3%82%B2%E3%83%BC%E3%83%A0%E5%86%85%E3%82%A2%E3%82%A4%E3%83%86%E3%83%A0%E3%80%8C%E9%BB%84%E9%87%91%E3%81%AE%E8%8A%B1%E3%81%B3%E3%82%89%C3%9710%E5%80%8B%E3%80%8D-Windows/dp/B086419GD6?_encoding=UTF8&psc=1
#19,"[法人専用] Office 365 Business | 月額版 | 購入後サポート付き | サブスクリプション (定期購入)
        ",https://www.amazon.co.jp/%E6%B3%95%E4%BA%BA%E5%B0%82%E7%94%A8-Office-Business-%E8%B3%BC%E5%85%A5%E5%BE%8C%E3%82%B5%E3%83%9D%E3%83%BC%E3%83%88%E4%BB%98%E3%81%8D-%E3%82%B5%E3%83%96%E3%82%B9%E3%82%AF%E3%83%AA%E3%83%97%E3%82%B7%E3%83%A7%E3%83%B3/dp/B06W5JKRRF?_encoding=UTF8&psc=1
#20,"Microsoft Excel 2019(最新 永続版)|オンラインコード版|Windows10/mac対応|PC2台
        ",https://www.amazon.co.jp/Microsoft-Excel-%E3%82%AA%E3%83%B3%E3%83%A9%E3%82%A4%E3%83%B3%E3%82%B3%E3%83%BC%E3%83%89%E7%89%88-Windows10-mac%E5%AF%BE%E5%BF%9C/dp/B07LBNQXF6?_encoding=UTF8&psc=1
#21,"CLIP STUDIO PAINT PRO
        ",https://www.amazon.co.jp/%E3%82%BB%E3%83%AB%E3%82%B7%E3%82%B9-CLIP-STUDIO-PAINT-PRO/dp/B00856V104?_encoding=UTF8&psc=1
#22,"【最新版】筆ぐるめ 28 乗り換え版
        ",https://www.amazon.co.jp/%E3%82%B8%E3%83%A3%E3%83%B3%E3%82%B0%E3%83%AB-%E3%80%90%E6%9C%80%E6%96%B0%E7%89%88%E3%80%91%E7%AD%86%E3%81%90%E3%82%8B%E3%82%81-28-%E4%B9%97%E3%82%8A%E6%8F%9B%E3%81%88%E7%89%88/dp/B08GQ1SQ92?_encoding=UTF8&psc=1
#23,"ZERO ウイルスセキュリティ 1台 (最新)|ダウンロード版
        ",https://www.amazon.co.jp/ZERO-%E3%82%A6%E3%82%A4%E3%83%AB%E3%82%B9%E3%82%BB%E3%82%AD%E3%83%A5%E3%83%AA%E3%83%86%E3%82%A3-1%E5%8F%B0-%E6%9C%80%E6%96%B0-%E3%83%80%E3%82%A6%E3%83%B3%E3%83%AD%E3%83%BC%E3%83%89%E7%89%88/dp/B0814J98RB?_encoding=UTF8&psc=1
#24,"やよいの青色申告 21 【電子申告(e-Tax)対応】 | パッケージ版
        ",https://www.amazon.co.jp/%E3%82%84%E3%82%88%E3%81%84%E3%81%AE%E9%9D%92%E8%89%B2%E7%94%B3%E5%91%8A-%E3%80%90%E9%9B%BB%E5%AD%90%E7%94%B3%E5%91%8A-Tax-%E5%AF%BE%E5%BF%9C%E3%80%91-%E3%83%91%E3%83%83%E3%82%B1%E3%83%BC%E3%82%B8%E7%89%88/dp/B08L6JDPL8?_encoding=UTF8&psc=1
#25,"Microsoft Office Personal 2019 (永続版)|カード版|Windows10|PC2台
        ",https://www.amazon.co.jp/Microsoft-Office-Personal-2019-Windows10/dp/B086QXZSHX?_encoding=UTF8&psc=1
#26,"筆まめSelect2021 年賀編 (最新)|win対応|ダウンロード版
        ",https://www.amazon.co.jp/%E7%AD%86%E3%81%BE%E3%82%81Select2021-%E5%B9%B4%E8%B3%80%E7%B7%A8-%E6%9C%80%E6%96%B0-win%E5%AF%BE%E5%BF%9C-%E3%83%80%E3%82%A6%E3%83%B3%E3%83%AD%E3%83%BC%E3%83%89%E7%89%88/dp/B08GXTTFCW?_encoding=UTF8&psc=1
#27,"Adobe Creative Cloud コンプリート|12か月版|Windows/Mac対応|パッケージ(カード)コード版
        ",https://www.amazon.co.jp/Adobe-Creative-Cloud-%E3%82%B3%E3%83%B3%E3%83%97%E3%83%AA%E3%83%BC%E3%83%88-12%E3%81%8B%E6%9C%88%E7%89%88/dp/B07N2XBTBB?_encoding=UTF8&psc=1
#28,"Microsoft Office Personal 2019 (最新 永続版)|オンラインコード版|Windows10|PC2台
        ",https://www.amazon.co.jp/Microsoft-Office-Personal-%E3%82%AA%E3%83%B3%E3%83%A9%E3%82%A4%E3%83%B3%E3%82%B3%E3%83%BC%E3%83%89%E7%89%88-Windows10/dp/B07LBNR5Y4?_encoding=UTF8&psc=1
#29,"Microsoft Windows 10 Home April 2018 Update適用 32bit/64bit 日本語版【最新】|オンラインコード版
        ",https://www.amazon.co.jp/Microsoft-Windows-Update%E9%81%A9%E7%94%A8-%E6%97%A5%E6%9C%AC%E8%AA%9E%E7%89%88%E3%80%90%E6%9C%80%E6%96%B0%E3%80%91-%E3%82%AA%E3%83%B3%E3%83%A9%E3%82%A4%E3%83%B3%E3%82%B3%E3%83%BC%E3%83%89%E7%89%88/dp/B013I9SWMC?_encoding=UTF8&psc=1
#30,"ESET インターネット セキュリティ(最新)|1台3年版|カード版|Win/Mac/Android対応
        ",https://www.amazon.co.jp/ESET-%E3%82%A4%E3%83%B3%E3%82%BF%E3%83%BC%E3%83%8D%E3%83%83%E3%83%88-%E3%82%BB%E3%82%AD%E3%83%A5%E3%83%AA%E3%83%86%E3%82%A3-1%E5%8F%B03%E5%B9%B4%E7%89%88-Android%E5%AF%BE%E5%BF%9C/dp/B07N99BZK5?_encoding=UTF8&psc=1
#31,"ウイルスバスター クラウド(最新)| 3年 3台版 | オンラインコード版 | Win/Mac/iOS/Android対応
        ",https://www.amazon.co.jp/%E3%82%A6%E3%82%A4%E3%83%AB%E3%82%B9%E3%83%90%E3%82%B9%E3%82%BF%E3%83%BC-%E3%82%AF%E3%83%A9%E3%82%A6%E3%83%89-%E6%9C%80%E6%96%B0%E7%89%88-%E3%82%AA%E3%83%B3%E3%83%A9%E3%82%A4%E3%83%B3%E3%82%B3%E3%83%BC%E3%83%89%E7%89%88-Android%E5%AF%BE%E5%BF%9C/dp/B011QXFH3O?_encoding=UTF8&psc=1
#32,"Adobe Illustrator|12か月版|Windows/Mac/iPad対応|オンラインコード版
        ",https://www.amazon.co.jp/Adobe-Illustrator-CC-12%E3%81%8B%E6%9C%88%E7%89%88-%E3%82%AA%E3%83%B3%E3%83%A9%E3%82%A4%E3%83%B3%E3%82%B3%E3%83%BC%E3%83%89%E7%89%88/dp/B00FOHRG8S?_encoding=UTF8&psc=1
#33,"Microsoft Office Home & Student 2019 For Mac(最新 永続版)|オンラインコード版|mac|PC2台
        ",https://www.amazon.co.jp/Microsoft-Office-Home-Student-%E3%82%AA%E3%83%B3%E3%83%A9%E3%82%A4%E3%83%B3%E3%82%B3%E3%83%BC%E3%83%89%E7%89%88/dp/B07LBZB43M?_encoding=UTF8&psc=1
#34,"Microsoft Excel 2019(最新 永続版)|カード版|Windows10/mac対応|PC2台
        ",https://www.amazon.co.jp/Microsoft-Excel-2019-Windows10-mac%E5%AF%BE%E5%BF%9C/dp/B07K2Y3857?_encoding=UTF8&psc=1
#35,"Adobe Illustrator|12か月版|Windows/Mac/iPad対応|パッケージ(カード)コード版
        ",https://www.amazon.co.jp/Adobe-Illustrator-12%E3%81%8B%E6%9C%88%E7%89%88-%E3%83%91%E3%83%83%E3%82%B1%E3%83%BC%E3%82%B8-%E3%82%B3%E3%83%BC%E3%83%89%E7%89%88/dp/B07N2XCLSM?_encoding=UTF8&psc=1
#36,"マカフィー リブセーフ 最新版 (台数無制限/3年用) ウィルス対策 セキュリティソフト 何台でもインストール可能 [パッケージ版] Win/Mac/iOS/Android対応
        ",https://www.amazon.co.jp/%E3%83%9E%E3%82%AB%E3%83%95%E3%82%A3%E3%83%BC-%E3%82%A6%E3%82%A3%E3%83%AB%E3%82%B9%E5%AF%BE%E7%AD%96-%E3%82%BB%E3%82%AD%E3%83%A5%E3%83%AA%E3%83%86%E3%82%A3%E3%82%BD%E3%83%95%E3%83%88-%E4%BD%95%E5%8F%B0%E3%81%A7%E3%82%82%E3%82%A4%E3%83%B3%E3%82%B9%E3%83%88%E3%83%BC%E3%83%AB%E5%8F%AF%E8%83%BD-Android%E5%AF%BE%E5%BF%9C/dp/B07JZB1WJ8?_encoding=UTF8&psc=1
#37,"ドラゴンクエストX いばらの巫女と滅びの神 オンライン【Amazon.co.jp限定】ゲーム内で使える「超元気玉×5 + ふくびき券×10」が手に入るアイテムコード 配信 - Windows|ダウンロード版
        ",https://www.amazon.co.jp/%E3%83%89%E3%83%A9%E3%82%B4%E3%83%B3%E3%82%AF%E3%82%A8%E3%82%B9%E3%83%88X-%E3%81%84%E3%81%B0%E3%82%89%E3%81%AE%E5%B7%AB%E5%A5%B3%E3%81%A8%E6%BB%85%E3%81%B3%E3%81%AE%E7%A5%9E-%E3%82%AA%E3%83%B3%E3%83%A9%E3%82%A4%E3%83%B3%E3%80%90Amazon-co-jp%E9%99%90%E5%AE%9A%E3%80%91%E3%82%B2%E3%83%BC%E3%83%A0%E5%86%85%E3%81%A7%E4%BD%BF%E3%81%88%E3%82%8B%E3%80%8C%E8%B6%85%E5%85%83%E6%B0%97%E7%8E%89%C3%975-%E3%81%B5%E3%81%8F%E3%81%B3%E3%81%8D%E5%88%B8%C3%9710%E3%80%8D%E3%81%8C%E6%89%8B%E3%81%AB%E5%85%A5%E3%82%8B%E3%82%A2%E3%82%A4%E3%83%86%E3%83%A0%E3%82%B3%E3%83%BC%E3%83%89-%E9%85%8D%E4%BF%A1/dp/B07W6H258P?_encoding=UTF8&psc=1
#38,"カスペルスキー セキュリティ (最新版) | 3年 1台版 | オンラインコード版 | Windows/Mac/iOS/Android対応
        ",https://www.amazon.co.jp/%E3%82%AB%E3%82%B9%E3%83%9A%E3%83%AB%E3%82%B9%E3%82%AD%E3%83%BC-%E3%82%BB%E3%82%AD%E3%83%A5%E3%83%AA%E3%83%86%E3%82%A3-%E3%82%AA%E3%83%B3%E3%83%A9%E3%82%A4%E3%83%B3%E3%82%B3%E3%83%BC%E3%83%89%E7%89%88-Windows-Android%E5%AF%BE%E5%BF%9C/dp/B07G96ZG3Z?_encoding=UTF8&psc=1
#39,"【最新版】PowerDirector 19 Ultra 通常版
        ",https://www.amazon.co.jp/%E3%82%B5%E3%82%A4%E3%83%90%E3%83%BC%E3%83%AA%E3%83%B3%E3%82%AF-%E3%80%90%E6%9C%80%E6%96%B0%E7%89%88%E3%80%91PowerDirector-19-Ultra-%E9%80%9A%E5%B8%B8%E7%89%88/dp/B08K4SWR6G?_encoding=UTF8&psc=1
#40,"年賀状 はがき 住所録管理 ソフト 筆結び 2021 Mac版【最新】|ダウンロード版
        ",https://www.amazon.co.jp/%E5%B9%B4%E8%B3%80%E7%8A%B6-%E4%BD%8F%E6%89%80%E9%8C%B2%E7%AE%A1%E7%90%86-2021-Mac%E7%89%88%E3%80%90%E6%9C%80%E6%96%B0%E3%80%91-%E3%83%80%E3%82%A6%E3%83%B3%E3%83%AD%E3%83%BC%E3%83%89%E7%89%88/dp/B08M6BRDQW?_encoding=UTF8&psc=1
#41,"ノートン 360 デラックス セキュリティソフト(最新)|3年3台版|パッケージ版|Win/Mac/iOS/Android対応【PC/スマホ対応】
        ",https://www.amazon.co.jp/%E3%83%8E%E3%83%BC%E3%83%88%E3%83%B3-%E3%83%87%E3%83%A9%E3%83%83%E3%82%AF%E3%82%B9-%E3%82%BB%E3%82%AD%E3%83%A5%E3%83%AA%E3%83%86%E3%82%A3%E3%82%BD%E3%83%95%E3%83%88-%E3%83%91%E3%83%83%E3%82%B1%E3%83%BC%E3%82%B8%E7%89%88-Android%E5%AF%BE%E5%BF%9C/dp/B07WWFP4WC?_encoding=UTF8&psc=1
#42,"【新パッケージ】Windows 10 Pro 日本語版/May 2019 Update適用/パッケージ版
        ",https://www.amazon.co.jp/%E3%80%90%E6%96%B0%E3%83%91%E3%83%83%E3%82%B1%E3%83%BC%E3%82%B8%E3%80%91Windows-%E6%97%A5%E6%9C%AC%E8%AA%9E%E7%89%88-2019-Update%E9%81%A9%E7%94%A8-%E3%83%91%E3%83%83%E3%82%B1%E3%83%BC%E3%82%B8%E7%89%88/dp/B07WHS4BBC?_encoding=UTF8&psc=1
#43,"Microsoft 365 Personal(最新 1年版)|カード版|Win/Mac/iPad|インストール台数無制限(同時使用可能台数5台)
        ",https://www.amazon.co.jp/Microsoft-Personal-%E3%82%AB%E3%83%BC%E3%83%89%E7%89%88-%E3%82%A4%E3%83%B3%E3%82%B9%E3%83%88%E3%83%BC%E3%83%AB%E5%8F%B0%E6%95%B0%E7%84%A1%E5%88%B6%E9%99%90-%E5%90%8C%E6%99%82%E4%BD%BF%E7%94%A8%E5%8F%AF%E8%83%BD%E5%8F%B0%E6%95%B05%E5%8F%B0/dp/B086QTYGS9?_encoding=UTF8&psc=1
#44,"【Amazon.co.jp 限定】WPS Office 2 Personal Edition
        ",https://www.amazon.co.jp/%E3%80%90Amazon-co-jp-%E9%99%90%E5%AE%9A%E3%80%91WPS-Office-2-Personal/dp/B08FRJWC1G?_encoding=UTF8&psc=1
#45,"完全ハードディスク抹消17
        ",https://www.amazon.co.jp/%E3%82%B8%E3%83%A3%E3%83%B3%E3%82%B0%E3%83%AB-%E5%AE%8C%E5%85%A8%E3%83%8F%E3%83%BC%E3%83%89%E3%83%87%E3%82%A3%E3%82%B9%E3%82%AF%E6%8A%B9%E6%B6%8817/dp/B079HBC3PX?_encoding=UTF8&psc=1
#46,"【旧パッケージ】Microsoft Windows 10 Home April 2018 Update適用32bit/64bit 日本語版|パッケージ版
        ",https://www.amazon.co.jp/Microsoft-Windows-April-Update%E9%81%A9%E7%94%A8-%E3%83%91%E3%83%83%E3%82%B1%E3%83%BC%E3%82%B8%E7%89%88/dp/B0776K4V9X?_encoding=UTF8&psc=1
#47,"Microsoft Access 2019(最新 永続版)|オンラインコード版|Windows10|PC2台
        ",https://www.amazon.co.jp/Microsoft-Access-2019-%E3%82%AA%E3%83%B3%E3%83%A9%E3%82%A4%E3%83%B3%E3%82%B3%E3%83%BC%E3%83%89%E7%89%88-Windows10/dp/B07LBWK416?_encoding=UTF8&psc=1
#48,"Microsoft PowerPoint 2019(最新 永続版)|オンラインコード版|Windows10/mac対応|PC2台
        ",https://www.amazon.co.jp/Microsoft-PowerPoint-%E3%82%AA%E3%83%B3%E3%83%A9%E3%82%A4%E3%83%B3%E3%82%B3%E3%83%BC%E3%83%89%E7%89%88-Windows10-mac%E5%AF%BE%E5%BF%9C/dp/B07LBWQM4B?_encoding=UTF8&psc=1
#49,"Microsoft Word 2019(最新 永続版)|オンラインコード版|Windows10/mac対応|PC2台
        ",https://www.amazon.co.jp/Microsoft-Word-%E3%82%AA%E3%83%B3%E3%83%A9%E3%82%A4%E3%83%B3%E3%82%B3%E3%83%BC%E3%83%89%E7%89%88-Windows10-mac%E5%AF%BE%E5%BF%9C/dp/B07LBWWT8F?_encoding=UTF8&psc=1
#50,"Microsoft PowerPoint 2019(最新 永続版)|カード版|Windows10/mac対応|PC2台
        ",https://www.amazon.co.jp/Microsoft-PowerPoint-2019-Windows10-mac%E5%AF%BE%E5%BF%9C/dp/B07K3WC947?_encoding=UTF8&psc=1
