#1,"[カシオ]CASIO 腕時計 スタンダード MQ-24-7B2LLJF
        ",https://www.amazon.co.jp/%E3%82%AB%E3%82%B7%E3%82%AA-CASIO-%E8%85%95%E6%99%82%E8%A8%88-%E3%82%B9%E3%82%BF%E3%83%B3%E3%83%80%E3%83%BC%E3%83%89-MQ-24-7B2LLJF/dp/B000VOBQXK?_encoding=UTF8&psc=1
#2,"ZIPPO(ジッポー) Zippo オイル缶 【大缶355ml】
        ",https://www.amazon.co.jp/ZIPPO-%E3%82%B8%E3%83%83%E3%83%9D%E3%83%BC-Zippo-%E3%82%AA%E3%82%A4%E3%83%AB%E7%BC%B6-%E3%80%90%E5%A4%A7%E7%BC%B6355ml%E3%80%91/dp/B000K2U3JG?_encoding=UTF8&psc=1
#3,"[シチズン Q&Q] 腕時計 アナログ 防水 ウレタンベルト VS40-009 ピンク
        ",https://www.amazon.co.jp/%E3%82%B7%E3%83%81%E3%82%BA%E3%83%B3-%E3%82%AD%E3%83%A5%E3%83%BC%E3%82%A2%E3%83%B3%E3%83%89%E3%82%AD%E3%83%A5%E3%83%BC-CITIZEN-%E3%82%A6%E3%83%AC%E3%82%BF%E3%83%B3%E3%83%99%E3%83%AB%E3%83%88-VS40-009/dp/B07QM6DK71?_encoding=UTF8&psc=1
#4,"[カシオ] 腕時計 スタンダード MQ-24-7BLLJF ブラック
        ",https://www.amazon.co.jp/%E3%82%AB%E3%82%B7%E3%82%AA-CASIO-%E8%85%95%E6%99%82%E8%A8%88-%E3%82%B9%E3%82%BF%E3%83%B3%E3%83%80%E3%83%BC%E3%83%89-MQ-24-7BLLJF/dp/B003N77EFG?_encoding=UTF8&psc=1
#5,"Supark 灰皿 ふた付き 屋外 ステンレス はいざら ビッグサイズ
        ",https://www.amazon.co.jp/Supark-%E3%81%B5%E3%81%9F%E4%BB%98%E3%81%8D-%E3%82%B9%E3%83%86%E3%83%B3%E3%83%AC%E3%82%B9-%E3%81%AF%E3%81%84%E3%81%96%E3%82%89-%E3%83%93%E3%83%83%E3%82%B0%E3%82%B5%E3%82%A4%E3%82%BA/dp/B07LBKJJXG?_encoding=UTF8&psc=1
#6,"Reodoeer 木目PU 腕時計収納ケース 腕時計収納ボックス コレクションケース 6本用
        ",https://www.amazon.co.jp/Reodoeer-%E6%9C%A8%E7%9B%AEPU-%E8%85%95%E6%99%82%E8%A8%88%E5%8F%8E%E7%B4%8D%E3%82%B1%E3%83%BC%E3%82%B9-%E8%85%95%E6%99%82%E8%A8%88%E5%8F%8E%E7%B4%8D%E3%83%9C%E3%83%83%E3%82%AF%E3%82%B9-%E3%82%B3%E3%83%AC%E3%82%AF%E3%82%B7%E3%83%A7%E3%83%B3%E3%82%B1%E3%83%BC%E3%82%B9/dp/B07X41PK8R?_encoding=UTF8&psc=1
#7,"【Vanilla Vague】腕時計ベルト調整 工具 サイズ調整 時計工具/腕時計工具 6点セット
        ",https://www.amazon.co.jp/%E3%80%90Vanilla-Vague%E3%80%91%E8%85%95%E6%99%82%E8%A8%88%E3%83%99%E3%83%AB%E3%83%88%E8%AA%BF%E6%95%B4-%E3%82%B5%E3%82%A4%E3%82%BA%E8%AA%BF%E6%95%B4-%E8%85%95%E6%99%82%E8%A8%88%E5%B7%A5%E5%85%B7-6%E7%82%B9%E3%82%BB%E3%83%83%E3%83%88/dp/B00B46LHCO?_encoding=UTF8&psc=1
#8,"[シチズン Q&Q] 腕時計 アナログ 防水 ウレタンベルト VP84-854 メンズ ブラック
        ",https://www.amazon.co.jp/%E3%82%B7%E3%83%81%E3%82%BA%E3%83%B3-%E3%82%AD%E3%83%A5%E3%83%BC%E3%82%A2%E3%83%B3%E3%83%89%E3%82%AD%E3%83%A5%E3%83%BC-CITIZEN-%E3%82%A6%E3%83%AC%E3%82%BF%E3%83%B3%E3%83%99%E3%83%AB%E3%83%88-VP84-854/dp/B06WD5V9D1?_encoding=UTF8&psc=1
#9,"[WOCCI]ラバーベルト シリコン14mm 防水時計替えベルト Quick Release ゴム腕時計バンド イェロー/ブラックバックル
        ",https://www.amazon.co.jp/WOCCI-%E3%82%B7%E3%83%AA%E3%82%B3%E3%83%B314mm-%E9%98%B2%E6%B0%B4%E6%99%82%E8%A8%88%E6%9B%BF%E3%81%88%E3%83%99%E3%83%AB%E3%83%88-%E3%82%B4%E3%83%A0%E8%85%95%E6%99%82%E8%A8%88%E3%83%90%E3%83%B3%E3%83%89-%E3%83%96%E3%83%A9%E3%83%83%E3%82%AF%E3%83%90%E3%83%83%E3%82%AF%E3%83%AB/dp/B07S2QCCKM?_encoding=UTF8&psc=1
#10,"12点 セット腕時計バンド調整 ColiChili 時計ベルト交換 修理 工具 品質が良い
        ",https://www.amazon.co.jp/12%E7%82%B9-%E3%82%BB%E3%83%83%E3%83%88%E8%85%95%E6%99%82%E8%A8%88%E3%83%90%E3%83%B3%E3%83%89%E8%AA%BF%E6%95%B4-ColiChili-%E6%99%82%E8%A8%88%E3%83%99%E3%83%AB%E3%83%88%E4%BA%A4%E6%8F%9B-%E5%93%81%E8%B3%AA%E3%81%8C%E8%89%AF%E3%81%84/dp/B087M1P69X?_encoding=UTF8&psc=1
#11,"ZIPPO(ジッポー) メンテナンスセット コットン ウィック フリント 入り 純正品
        ",https://www.amazon.co.jp/ZIPPO-%E3%82%B8%E3%83%83%E3%83%9D%E3%83%BC-%E3%83%A1%E3%83%B3%E3%83%86%E3%83%8A%E3%83%B3%E3%82%B9%E3%82%BB%E3%83%83%E3%83%88-%E3%82%B3%E3%83%83%E3%83%88%E3%83%B3-%E3%80%90%E5%A4%A7%E7%BC%B6355ml%E3%80%91%E3%80%90%E3%82%BB%E3%83%83%E3%83%88%E8%B2%B7%E3%81%84%E3%80%91/dp/B08L1JNM6P?_encoding=UTF8&psc=1
#12,"【サイズ交換保証】時計 バンド ベルト ループ 遊環 交換 修理 16mm Randon ウレタンバンド ベルトループ スント ウレタン Talkband
        ",https://www.amazon.co.jp/%E3%80%90%E3%82%B5%E3%82%A4%E3%82%BA%E4%BA%A4%E6%8F%9B%E4%BF%9D%E8%A8%BC%E3%80%91%E6%99%82%E8%A8%88-Randon-%E3%82%A6%E3%83%AC%E3%82%BF%E3%83%B3%E3%83%90%E3%83%B3%E3%83%89-%E3%83%99%E3%83%AB%E3%83%88%E3%83%AB%E3%83%BC%E3%83%97-Talkband/dp/B0141GSS8Y?_encoding=UTF8&psc=1
#13,"腕時計バンド 20mm 22mm Runostrich 時計バンド ループナイロンバンド NATOストラップに似通る 工具が要らなく、気軽に差し替える (20mm, インジゴ)
        ",https://www.amazon.co.jp/%E8%85%95%E6%99%82%E8%A8%88%E3%83%90%E3%83%B3%E3%83%89-Runostrich-%E3%83%AB%E3%83%BC%E3%83%97%E3%83%8A%E3%82%A4%E3%83%AD%E3%83%B3%E3%83%90%E3%83%B3%E3%83%89-NATO%E3%82%B9%E3%83%88%E3%83%A9%E3%83%83%E3%83%97%E3%81%AB%E4%BC%BC%E9%80%9A%E3%82%8B-%E5%B7%A5%E5%85%B7%E3%81%8C%E8%A6%81%E3%82%89%E3%81%AA%E3%81%8F%E3%80%81%E6%B0%97%E8%BB%BD%E3%81%AB%E5%B7%AE%E3%81%97%E6%9B%BF%E3%81%88%E3%82%8B/dp/B08NCGCTXX?_encoding=UTF8&psc=1
#14,"[シチズン Q&Q] 腕時計 アナログ 防水 ウレタンベルト VS08-002 メンズ ホワイト
        ",https://www.amazon.co.jp/%E3%82%B7%E3%83%81%E3%82%BA%E3%83%B3-%E3%82%AD%E3%83%A5%E3%83%BC%E3%82%A2%E3%83%B3%E3%83%89%E3%82%AD%E3%83%A5%E3%83%BC-CITIZEN-%E3%82%A6%E3%83%AC%E3%82%BF%E3%83%B3%E3%83%99%E3%83%AB%E3%83%88-VS08-002/dp/B06WD659KX?_encoding=UTF8&psc=1
#15,"bestwishes 腕時計ボックス 12スロット 時計オーガナイザー ジュエリーディスプレイケース オーガナイザー ジュエリー引き出し付き 保管とディスプレイ用 ロック可能
        ",https://www.amazon.co.jp/bestwishes-%E6%99%82%E8%A8%88%E3%82%AA%E3%83%BC%E3%82%AC%E3%83%8A%E3%82%A4%E3%82%B6%E3%83%BC-%E3%82%B8%E3%83%A5%E3%82%A8%E3%83%AA%E3%83%BC%E3%83%87%E3%82%A3%E3%82%B9%E3%83%97%E3%83%AC%E3%82%A4%E3%82%B1%E3%83%BC%E3%82%B9-%E3%82%B8%E3%83%A5%E3%82%A8%E3%83%AA%E3%83%BC%E5%BC%95%E3%81%8D%E5%87%BA%E3%81%97%E4%BB%98%E3%81%8D-%E4%BF%9D%E7%AE%A1%E3%81%A8%E3%83%87%E3%82%A3%E3%82%B9%E3%83%97%E3%83%AC%E3%82%A4%E7%94%A8/dp/B087G1R45W?_encoding=UTF8&psc=1
#16,"[シチズン Q&Q] 腕時計 アナログ 防水 ウレタンベルト VP46-854 ブラック
        ",https://www.amazon.co.jp/%E3%82%B7%E3%83%81%E3%82%BA%E3%83%B3-%E3%82%AD%E3%83%A5%E3%83%BC%E3%82%A2%E3%83%B3%E3%83%89%E3%82%AD%E3%83%A5%E3%83%BC-CITIZEN-%E3%83%96%E3%83%A9%E3%83%83%E3%82%AF%C3%97%E3%83%9B%E3%83%AF%E3%82%A4%E3%83%88-VP46-854/dp/B00TASI820?_encoding=UTF8&psc=1
#17,"[ラドウェザー] 腕時計 メンズ 電池不要のソーラー搭載 ミリタリーウォッチ メンズ レディース 時計 (01.ブラック×ブラック)
        ",https://www.amazon.co.jp/%E3%83%A9%E3%83%89%E3%82%A6%E3%82%A7%E3%82%B6%E3%83%BC-%E9%9B%BB%E6%B1%A0%E4%B8%8D%E8%A6%81%E3%81%AE%E3%82%BD%E3%83%BC%E3%83%A9%E3%83%BC%E6%90%AD%E8%BC%89-%E3%83%9F%E3%83%AA%E3%82%BF%E3%83%AA%E3%83%BC%E3%82%A6%E3%82%A9%E3%83%83%E3%83%81-%E3%83%AC%E3%83%87%E3%82%A3%E3%83%BC%E3%82%B9-01-%E3%83%96%E3%83%A9%E3%83%83%E3%82%AF%C3%97%E3%83%96%E3%83%A9%E3%83%83%E3%82%AF/dp/B07ZV2ZRCD?_encoding=UTF8&psc=1
#18,"ZIPPO(ジッポー) ハンディーウォーマー用バーナー ZHW-JHG
        ",https://www.amazon.co.jp/ZIPPO-%E3%82%B8%E3%83%83%E3%83%9D%E3%83%BC-ZHW-JHG-%E3%83%8F%E3%83%B3%E3%83%87%E3%82%A3%E3%83%BC%E3%82%A6%E3%82%A9%E3%83%BC%E3%83%9E%E3%83%BC%E7%94%A8%E3%83%90%E3%83%BC%E3%83%8A%E3%83%BC/dp/B005YXDFZ0?_encoding=UTF8&psc=1
#19,"ワインディングマシーン 1本巻き ウォッチワインダー 自動巻き 時計ワインディングマシーン 日本製 マブチモーター 超静音設計 木製 高級感
        ",https://www.amazon.co.jp/%E3%83%AF%E3%82%A4%E3%83%B3%E3%83%87%E3%82%A3%E3%83%B3%E3%82%B0%E3%83%9E%E3%82%B7%E3%83%BC%E3%83%B3-%E3%82%A6%E3%82%A9%E3%83%83%E3%83%81%E3%83%AF%E3%82%A4%E3%83%B3%E3%83%80%E3%83%BC-%E6%99%82%E8%A8%88%E3%83%AF%E3%82%A4%E3%83%B3%E3%83%87%E3%82%A3%E3%83%B3%E3%82%B0%E3%83%9E%E3%82%B7%E3%83%BC%E3%83%B3-%E3%83%9E%E3%83%96%E3%83%81%E3%83%A2%E3%83%BC%E3%82%BF%E3%83%BC-%E8%B6%85%E9%9D%99%E9%9F%B3%E8%A8%AD%E8%A8%88/dp/B08D997567?_encoding=UTF8&psc=1
#20,"腕時計 メンズ デジタル スポーツ 50メートル防水 おしゃれ 多機能 LED表示 アウトドア 腕時計(ゴールド)
        ",https://www.amazon.co.jp/%E3%83%87%E3%82%B8%E3%82%BF%E3%83%AB-%E3%82%B9%E3%83%9D%E3%83%BC%E3%83%84-50%E3%83%A1%E3%83%BC%E3%83%88%E3%83%AB%E9%98%B2%E6%B0%B4-LED%E8%A1%A8%E7%A4%BA-%E3%82%A2%E3%82%A6%E3%83%88%E3%83%89%E3%82%A2/dp/B0851CJVPP?_encoding=UTF8&psc=1
#21,"Calme（カルム） 腕時計 ベルト 本革 クロコ型押し レザー 時計 バンド 交換ベルト 12  22 交換説明書付き (12, ダークブラウン)
        ",https://www.amazon.co.jp/Calme%EF%BC%88%E3%82%AB%E3%83%AB%E3%83%A0%EF%BC%89-%E3%82%AF%E3%83%AD%E3%82%B3%E5%9E%8B%E6%8A%BC%E3%81%97-%E4%BA%A4%E6%8F%9B%E3%83%99%E3%83%AB%E3%83%88-%E4%BA%A4%E6%8F%9B%E8%AA%AC%E6%98%8E%E6%9B%B8%E4%BB%98%E3%81%8D-%E3%83%80%E3%83%BC%E3%82%AF%E3%83%96%E3%83%A9%E3%82%A6%E3%83%B3/dp/B08GKBDLGL?_encoding=UTF8&psc=1
#22,"ZIPPO/ジッポーハンディウォーマー用 フリース袋 (ブラック)
        ",https://www.amazon.co.jp/Zippo-%E3%82%B8%E3%83%83%E3%83%9D%E3%83%BC-%EF%BC%9A%E3%83%8F%E3%83%B3%E3%83%87%E3%82%A3%E3%83%BC%E3%82%A6%E3%82%A9%E3%83%BC%E3%83%9E%E3%83%BC%E7%94%A8-%E3%83%95%E3%83%AA%E3%83%BC%E3%82%B9%E8%A2%8B-ZHF-BK2/dp/B00GZJ7UAI?_encoding=UTF8&psc=1
#23,"【little magic 懐中時計 (日本製ムーブメント)】GB [ 極限までシンプルデザイン］アンティーク [ シックなマット仕上げ黒文字盤 ] [ クリア仕上げ ] [ 立体文字盤 ] [ 高耐久性 ]ナースウォッチ 時計 チェーン メンズ レディース (2種 チェーン 革ひも付き)(アンティークゴールド 文字盤ブラック)GB
        ",https://www.amazon.co.jp/%E3%80%90%E3%83%AA%E3%83%88%E3%83%AB%E3%83%9E%E3%82%B8%E3%83%83%E3%82%AF%E3%80%91GB-%E3%83%AC%E3%83%87%E3%82%A3%E3%83%BC%E3%82%B9-%E3%83%8A%E3%83%BC%E3%82%B9%E3%82%A6%E3%82%A9%E3%83%83%E3%83%81-%E3%82%A2%E3%83%B3%E3%83%86%E3%82%A3%E3%83%BC%E3%82%AF%E3%82%B4%E3%83%BC%E3%83%AB%E3%83%89-%E6%96%87%E5%AD%97%E7%9B%A4%E3%83%96%E3%83%A9%E3%83%83%E3%82%AF/dp/B07BBRP43N?_encoding=UTF8&psc=1
#24,"時計工具 時計修理 電池交換 腕時計ベルト調整 バンド調整 時計道具セット 時計用工具 収納便利 1年保証 腕時計修理工具キット
        ",https://www.amazon.co.jp/%E8%85%95%E6%99%82%E8%A8%88%E3%83%99%E3%83%AB%E3%83%88%E8%AA%BF%E6%95%B4-%E3%83%90%E3%83%B3%E3%83%89%E8%AA%BF%E6%95%B4-%E6%99%82%E8%A8%88%E9%81%93%E5%85%B7%E3%82%BB%E3%83%83%E3%83%88-%E6%99%82%E8%A8%88%E7%94%A8%E5%B7%A5%E5%85%B7-%E8%85%95%E6%99%82%E8%A8%88%E4%BF%AE%E7%90%86%E5%B7%A5%E5%85%B7%E3%82%AD%E3%83%83%E3%83%88/dp/B086C6QPFZ?_encoding=UTF8&psc=1
#25,"【リトルマジック】[外れないリール][自分で電池交換可][軽量化] [正規品]3種のチェーン ナースウォッチ [ 日本製ムーブメント] [ 電池容量最長3年] [ 3気圧防水 ] [ 蓄光 ] [ セラミック＆クリア塗装 ]シンプル 懐中時計 防水 時計 看護師 男女兼用 (便利チェーン2種 リール付き)(ピンク NS30)
        ",https://www.amazon.co.jp/%E3%80%90%E3%83%AA%E3%83%88%E3%83%AB%E3%83%9E%E3%82%B8%E3%83%83%E3%82%AF%E3%80%913%E7%A8%AE%E3%81%AE%E3%83%81%E3%82%A7%E3%83%BC%E3%83%B3-%E3%83%8A%E3%83%BC%E3%82%B9%E3%82%A6%E3%82%A9%E3%83%83%E3%83%81-%E3%82%AD%E3%83%BC%E3%83%9B%E3%83%AB%E3%83%80%E3%83%BC-%E6%97%A5%E6%9C%AC%E8%A3%BD%E3%82%AF%E3%82%AA%E3%83%BC%E3%83%84-%E3%83%9B%E3%83%AF%E3%82%A4%E3%83%88-%E6%96%87%E5%AD%97%E7%9B%A4%E3%83%94%E3%83%B3%E3%82%AF/dp/B078JNGRML?_encoding=UTF8&psc=1
#26,"[カシオ] 腕時計 ウェーブセプター 電波ソーラー WVA-M630D-2AJF シルバー
        ",https://www.amazon.co.jp/%E3%82%AB%E3%82%B7%E3%82%AA-CASIO-%E3%82%A6%E3%82%A7%E3%83%BC%E3%83%96%E3%82%BB%E3%83%97%E3%82%BF%E3%83%BC-%E9%9B%BB%E6%B3%A2%E3%82%BD%E3%83%BC%E3%83%A9%E3%83%BC-WVA-M630D-2AJF/dp/B008NYUJ8I?_encoding=UTF8&psc=1
#27,"[カシオ] 腕時計 ジーショック 電波ソーラー GW-M5610-1BJF ブラック
        ",https://www.amazon.co.jp/CASIO-G-SHOCK-%E3%82%B8%E3%83%BC%E3%82%B7%E3%83%A7%E3%83%83%E3%82%AF-%E9%9B%BB%E6%B3%A2%E3%82%BD%E3%83%BC%E3%83%A9-GW-M5610-1BJF/dp/B009S13XJC?_encoding=UTF8&psc=1
#28,"ZIPPO (ジッポー) ライター クロームサテーナ 200.YS
        ",https://www.amazon.co.jp/ZIPPO-%E3%82%B8%E3%83%83%E3%83%9D%E3%83%BC-%E3%83%A9%E3%82%A4%E3%82%BF%E3%83%BC-%E3%82%AF%E3%83%AD%E3%83%BC%E3%83%A0%E3%82%B5%E3%83%86%E3%83%BC%E3%83%8A-200-YS/dp/B001MBUFJC?_encoding=UTF8&psc=1
#29,"IMCO(イムコ) フリントオイルライター イムコ スーパー 6700P ロゴ入り シルバー IM6761391
        ",https://www.amazon.co.jp/IMCO-%E3%83%95%E3%83%AA%E3%83%B3%E3%83%88%E3%82%AA%E3%82%A4%E3%83%AB%E3%83%A9%E3%82%A4%E3%82%BF%E3%83%BC-%E3%82%B9%E3%83%BC%E3%83%91%E3%83%BC-6700P-IM6761391/dp/B00OLM187W?_encoding=UTF8&psc=1
#30,"腕時計修理 腕時計修理セット 腕時計ベルト調整 腕時計修理ツール 腕時計修理工具セット 腕時計バンド調整 キット 工具 パーツ サイズ調整 修理 耐久性 収納便利 （10点セット）
        ",https://www.amazon.co.jp/%E8%85%95%E6%99%82%E8%A8%88%E4%BF%AE%E7%90%86%E3%82%BB%E3%83%83%E3%83%88-%E8%85%95%E6%99%82%E8%A8%88%E3%83%99%E3%83%AB%E3%83%88%E8%AA%BF%E6%95%B4-%E8%85%95%E6%99%82%E8%A8%88%E4%BF%AE%E7%90%86%E3%83%84%E3%83%BC%E3%83%AB-%E8%85%95%E6%99%82%E8%A8%88%E4%BF%AE%E7%90%86%E5%B7%A5%E5%85%B7%E3%82%BB%E3%83%83%E3%83%88-%E8%85%95%E6%99%82%E8%A8%88%E3%83%90%E3%83%B3%E3%83%89%E8%AA%BF%E6%95%B4/dp/B07THT2HS7?_encoding=UTF8&psc=1
#31,"腕時計バンド調整 バンド調整工具 時計 ベルト 交換 修理 工具 サイズ調整 時計工具 バネ外し メンテナンス専用工具 時計用工具清掃用品 時計修理ツール
        ",https://www.amazon.co.jp/%E8%85%95%E6%99%82%E8%A8%88%E3%83%90%E3%83%B3%E3%83%89%E8%AA%BF%E6%95%B4-%E3%83%90%E3%83%B3%E3%83%89%E8%AA%BF%E6%95%B4%E5%B7%A5%E5%85%B7-%E3%83%A1%E3%83%B3%E3%83%86%E3%83%8A%E3%83%B3%E3%82%B9%E5%B0%82%E7%94%A8%E5%B7%A5%E5%85%B7-%E6%99%82%E8%A8%88%E7%94%A8%E5%B7%A5%E5%85%B7%E6%B8%85%E6%8E%83%E7%94%A8%E5%93%81-%E6%99%82%E8%A8%88%E4%BF%AE%E7%90%86%E3%83%84%E3%83%BC%E3%83%AB/dp/B07Z1FS2NW?_encoding=UTF8&psc=1
#32,"YOKELLMUX パーツ 時計 ベルト バネ棒 コマばね棒 18種類 ステンレス製 時計用工具
        ",https://www.amazon.co.jp/YOKELLMUX-%E3%82%B3%E3%83%9E%E3%81%B0%E3%81%AD%E6%A3%92-18%E7%A8%AE%E9%A1%9E-%E3%82%B9%E3%83%86%E3%83%B3%E3%83%AC%E3%82%B9%E8%A3%BD-%E6%99%82%E8%A8%88%E7%94%A8%E5%B7%A5%E5%85%B7/dp/B07TWQCHGT?_encoding=UTF8&psc=1
#33,"ZIPPO(ジッポー) ハンディウォーマー&オイルセット ZHW-15
        ",https://www.amazon.co.jp/ZIPPO-%E3%82%B8%E3%83%83%E3%83%9D%E3%83%BC-%E3%83%8F%E3%83%B3%E3%83%87%E3%82%A3%E3%82%A6%E3%82%A9%E3%83%BC%E3%83%9E%E3%83%BC-%E3%82%AA%E3%82%A4%E3%83%AB%E3%82%BB%E3%83%83%E3%83%88-ZHW-15/dp/B0169UY9KQ?_encoding=UTF8&psc=1
#34,"[カシオ] 腕時計 スタンダード ペアセット MTP-1129AA-7BJF / LTP-1129AA-7BJF
        ",https://www.amazon.co.jp/%E3%82%AB%E3%82%B7%E3%82%AA-%E3%82%B9%E3%82%BF%E3%83%B3%E3%83%80%E3%83%BC%E3%83%89-%E3%83%9A%E3%82%A2%E3%82%BB%E3%83%83%E3%83%88-MTP-1129AA-7BJF-LTP-1129AA-7BJF/dp/B08FB83NFW?_encoding=UTF8&psc=1
#35,"[カシオ]CASIO 腕時計 スタンダード F-91W-1JF
        ",https://www.amazon.co.jp/%E3%82%AB%E3%82%B7%E3%82%AA-CASIO-%E8%85%95%E6%99%82%E8%A8%88-%E3%82%B9%E3%82%BF%E3%83%B3%E3%83%80%E3%83%BC%E3%83%89-F-91W-1JF/dp/B00FLMCJMY?_encoding=UTF8&psc=1
#36,"【令和最新版】ワインディングマシーン（1本巻き） ウォッチワインダー 自動巻き時計ワインディングマシーン 日本製 マブチモーター 超静音設計 新型の腕時計自動巻き上げ機、高級PU皮質、男女の腕時計は全部使えます 2021年アップグレード (ブラウン)
        ",https://www.amazon.co.jp/EUNOMIA%E3%83%AF%E3%82%A4%E3%83%B3%E3%83%87%E3%82%A3%E3%83%B3%E3%82%B0%E3%83%9E%E3%82%B7%E3%83%BC%E3%83%B3%EF%BC%881%E6%9C%AC%E5%B7%BB%E3%81%8D%EF%BC%89-%E3%82%A6%E3%82%A9%E3%83%83%E3%83%81%E3%83%AF%E3%82%A4%E3%83%B3%E3%83%80%E3%83%BC-%E8%87%AA%E5%8B%95%E5%B7%BB%E3%81%8D%E6%99%82%E8%A8%88%E3%83%AF%E3%82%A4%E3%83%B3%E3%83%87%E3%82%A3%E3%83%B3%E3%82%B0%E3%83%9E%E3%82%B7%E3%83%BC%E3%83%B3-%E6%96%B0%E5%9E%8B%E3%81%AE%E8%85%95%E6%99%82%E8%A8%88%E8%87%AA%E5%8B%95%E5%B7%BB%E3%81%8D%E4%B8%8A%E3%81%92%E6%A9%9F%E3%80%81%E9%AB%98%E7%B4%9APU%E7%9A%AE%E8%B3%AA%E3%80%81%E7%94%B7%E5%A5%B3%E3%81%AE%E8%85%95%E6%99%82%E8%A8%88%E3%81%AF%E5%85%A8%E9%83%A8%E4%BD%BF%E3%81%88%E3%81%BE%E3%81%99-2019%E5%B9%B4%E3%82%A2%E3%83%83%E3%83%97%E3%82%B0%E3%83%AC%E3%83%BC%E3%83%89/dp/B07WT9ZMRR?_encoding=UTF8&psc=1
#37,"【リトルマジック】3.4大きい ナースウォッチ [正規品][ 自分で電池交換可 ] 3種のチェーン [ 日本製ムーブメント] [ 電池容量最長3年] [ 3気圧 防水 ] [ 蓄光 ] シンプル 懐中時計 時計 看護師 男女兼用 (便利チェーン2種+リール付き)【パープル（大）3.4cm】
        ",https://www.amazon.co.jp/%E3%80%90%E3%83%AA%E3%83%88%E3%83%AB%E3%83%9E%E3%82%B8%E3%83%83%E3%82%AF%E3%80%913-4%E3%8E%9D%E5%A4%A7%E3%81%8D%E3%81%84-%E3%83%8A%E3%83%BC%E3%82%B9%E3%82%A6%E3%82%A9%E3%83%83%E3%83%81-3%E7%A8%AE%E3%81%AE%E3%83%81%E3%82%A7%E3%83%BC%E3%83%B3-%E6%97%A5%E6%9C%AC%E8%A3%BD%E3%82%AF%E3%82%AA%E3%83%BC%E3%83%84-%E6%96%87%E5%AD%97%E7%9B%A4%E3%80%90%E3%83%91%E3%83%BC%E3%83%97%E3%83%AB%EF%BC%88%E5%A4%A7%EF%BC%893-4cm%E3%80%91/dp/B07PGZGHHD?_encoding=UTF8&psc=1
#38,"[カシオ]CASIO 腕時計 スタンダード F-84W-1
        ",https://www.amazon.co.jp/%E3%82%AB%E3%82%B7%E3%82%AA-CASIO-%E8%85%95%E6%99%82%E8%A8%88-%E3%82%B9%E3%82%BF%E3%83%B3%E3%83%80%E3%83%BC%E3%83%89-F-84W-1/dp/B000VODU5M?_encoding=UTF8&psc=1
#39,"ZIPPO(ジッポー) ZIPPOオイル 小缶
        ",https://www.amazon.co.jp/ZIPPO-%E3%82%B8%E3%83%83%E3%83%9D%E3%83%BC-%E3%82%AA%E3%82%A4%E3%83%AB-%E5%B0%8F%E7%BC%B6-133ml/dp/B000YUBR0S?_encoding=UTF8&psc=1
#40,"時計バンド ベルト、Fullmosa 全12色スマートウォッチバンド ベルト 腕時計バンド 交換ベルト本革 レザー14mm ダークブルー+シルバーバックル
        ",https://www.amazon.co.jp/%E3%83%99%E3%83%AB%E3%83%88%E3%80%81Fullmosa-%E5%85%A812%E8%89%B2%E3%82%B9%E3%83%9E%E3%83%BC%E3%83%88%E3%82%A6%E3%82%A9%E3%83%83%E3%83%81%E3%83%90%E3%83%B3%E3%83%89-%E4%BA%A4%E6%8F%9B%E3%83%99%E3%83%AB%E3%83%88%E6%9C%AC%E9%9D%A9-%E3%83%AC%E3%82%B6%E3%83%BC14mm-%E3%82%B7%E3%83%AB%E3%83%90%E3%83%BC%E3%83%90%E3%83%83%E3%82%AF%E3%83%AB/dp/B077XVFSDH?_encoding=UTF8&psc=1
#41,"時計バンド ベルト16mm ステンレス、Fullmosa スマートウォッチバンド ベルト 腕時計バンド 16mm 18mm 20mm 22mm 24mm交換ベルトステンレス 金属ベルト16mm ローズピンク
        ",https://www.amazon.co.jp/%E3%83%99%E3%83%AB%E3%83%8816mm-%E3%82%B9%E3%83%86%E3%83%B3%E3%83%AC%E3%82%B9%E3%80%81Fullmosa-%E3%82%B9%E3%83%9E%E3%83%BC%E3%83%88%E3%82%A6%E3%82%A9%E3%83%83%E3%83%81%E3%83%90%E3%83%B3%E3%83%89-24mm%E4%BA%A4%E6%8F%9B%E3%83%99%E3%83%AB%E3%83%88%E3%82%B9%E3%83%86%E3%83%B3%E3%83%AC%E3%82%B9-%E9%87%91%E5%B1%9E%E3%83%99%E3%83%AB%E3%83%8816mm/dp/B07F22TJ73?_encoding=UTF8&psc=1
#42,"[WOCCI]時計ベルト 14mm 時計替えベルト ヴィンテージ 腕時計バンド 本革 (ダークブラウン/コントラストステッチ)調整工具とバネ棒付き
        ",https://www.amazon.co.jp/WOCCI-%E6%99%82%E8%A8%88%E6%9B%BF%E3%81%88%E3%83%99%E3%83%AB%E3%83%88-%E3%83%80%E3%83%BC%E3%82%AF%E3%83%96%E3%83%A9%E3%82%A6%E3%83%B3-%E3%82%B3%E3%83%B3%E3%83%88%E3%83%A9%E3%82%B9%E3%83%88%E3%82%B9%E3%83%86%E3%83%83%E3%83%81-%E8%AA%BF%E6%95%B4%E5%B7%A5%E5%85%B7%E3%81%A8%E3%83%90%E3%83%8D%E6%A3%92%E4%BB%98%E3%81%8D/dp/B08G8938QW?_encoding=UTF8&psc=1
#43,"CRML-17 使い切りライター3本入(PSC)
        ",https://www.amazon.co.jp/%E6%9D%B1%E6%B5%B7-471451-0-CRML-17-%E4%BD%BF%E3%81%84%E5%88%87%E3%82%8A%E3%83%A9%E3%82%A4%E3%82%BF%E3%83%BC3%E6%9C%AC%E5%85%A5-PSC/dp/B008UNGR4C?_encoding=UTF8&psc=1
#44,"Airself NATOタイプ 時計ベルト 時計バンド ナイロン 替えバンド 替えベルト （交換説明書 交換工具 バネ棒付） (12mm, オレンジ)
        ",https://www.amazon.co.jp/Airself-NATO%E3%82%BF%E3%82%A4%E3%83%97-%E6%99%82%E8%A8%88%E3%83%99%E3%83%AB%E3%83%88-%E6%99%82%E8%A8%88%E3%83%90%E3%83%B3%E3%83%89-%EF%BC%88%E4%BA%A4%E6%8F%9B%E8%AA%AC%E6%98%8E%E6%9B%B8/dp/B07DYR96CH?_encoding=UTF8&psc=1
#45,"並木トレーディング(Namiki Trading) 【4サイズセット】腕 時計 修理 用 裏蓋 こじ開け 工具 ドライバー
        ",https://www.amazon.co.jp/%E3%80%904%E3%82%B5%E3%82%A4%E3%82%BA%E3%82%BB%E3%83%83%E3%83%88%E3%80%91%E8%85%95-%E6%99%82%E8%A8%88-%E4%BF%AE%E7%90%86-%E3%81%93%E3%81%98%E9%96%8B%E3%81%91-%E3%83%89%E3%83%A9%E3%82%A4%E3%83%90%E3%83%BC/dp/B06XS4GNVD?_encoding=UTF8&psc=1
#46,"PURE(ピュア) 手巻き用 エクストリーム スリム ロング フィルター 6mm x 30mm バリューパック600 2個セット
        ",https://www.amazon.co.jp/PURE-%E3%82%A8%E3%82%AF%E3%82%B9%E3%83%88%E3%83%AA%E3%83%BC%E3%83%A0-%E3%83%95%E3%82%A3%E3%83%AB%E3%82%BF%E3%83%BC-%E3%83%90%E3%83%AA%E3%83%A5%E3%83%BC%E3%83%91%E3%83%83%E3%82%AF600-2%E5%80%8B%E3%82%BB%E3%83%83%E3%83%88/dp/B07ZMMG5W1?_encoding=UTF8&psc=1
#47,"[ColiChili] 1017D レディース 腕時計 文字盤 革 バンド 日本製クオーツ ファッション ウォッチ (ピンク)
        ",https://www.amazon.co.jp/JULIUS-JA-1017D-%E3%83%AC%E3%83%87%E3%82%A3%E3%83%BC%E3%82%B9-%E6%97%A5%E6%9C%AC%E8%A3%BD%E3%82%AF%E3%82%AA%E3%83%BC%E3%83%84-%E3%83%95%E3%82%A1%E3%83%83%E3%82%B7%E3%83%A7%E3%83%B3/dp/B07DH6PZP6?_encoding=UTF8&psc=1
#48,"CASIO[カシオ]　G-SHOCK　タフソーラー用 二次電池[充電池]　Panasonic　CTL1616　CTL1616F　2.3V
        ",https://www.amazon.co.jp/CASIO-%E3%82%AB%E3%82%B7%E3%82%AA-G-SHOCK-%E3%82%BF%E3%83%95%E3%82%BD%E3%83%BC%E3%83%A9%E3%83%BC%E7%94%A8-%E4%BA%8C%E6%AC%A1%E9%9B%BB%E6%B1%A0-Panasonic-CTL1616-CTL1616F-2-3V/dp/B0081ODI74?_encoding=UTF8&psc=1
#49,"ZIPPO(ジッポ) ライター 200モデル ギフトボックス(フリント、オイル小缶付) 200SET
        ",https://www.amazon.co.jp/ZIPPO-200%E3%83%A2%E3%83%87%E3%83%AB-%E3%82%AE%E3%83%95%E3%83%88%E3%83%9C%E3%83%83%E3%82%AF%E3%82%B9-%E3%83%95%E3%83%AA%E3%83%B3%E3%83%88%E3%80%81%E3%82%AA%E3%82%A4%E3%83%AB%E5%B0%8F%E7%BC%B6%E4%BB%98-200SET/dp/B014IATWHO?_encoding=UTF8&psc=1
#50,"腕時計 メンズ腕時計 ファッション カジュアル ビジネス 多機能 クロノグラフ ステンレス鋼 防水 日付表示 ブルー シルバー アナログ クォーツ時計
        ",https://www.amazon.co.jp/%E3%83%A1%E3%83%B3%E3%82%BA%E8%85%95%E6%99%82%E8%A8%88-%E3%83%95%E3%82%A1%E3%83%83%E3%82%B7%E3%83%A7%E3%83%B3-%E3%82%AF%E3%83%AD%E3%83%8E%E3%82%B0%E3%83%A9%E3%83%95-%E3%82%B9%E3%83%86%E3%83%B3%E3%83%AC%E3%82%B9%E9%8B%BC-%E3%82%AF%E3%82%A9%E3%83%BC%E3%83%84%E6%99%82%E8%A8%88/dp/B07VJX1DDT?_encoding=UTF8&psc=1
