#1,"コカ・コーラ 綾鷹 ラベルレス 525ml PET ×24本
        ",https://www.amazon.co.jp/%E3%82%B3%E3%82%AB%E3%83%BB%E3%82%B3%E3%83%BC%E3%83%A9-%E7%B6%BE%E9%B7%B9-%E3%83%A9%E3%83%99%E3%83%AB%E3%83%AC%E3%82%B9-525ml-%C3%9724%E6%9C%AC/dp/B08CF4MYGW?_encoding=UTF8&psc=1
#2,"[Amazon限定ブランド] キリン LAKURASHI アルカリイオンの水 PET (2L×9本)
        ",https://www.amazon.co.jp/%E3%80%90Amazon-co-jp-%E9%99%90%E5%AE%9A%E3%80%91-%E3%82%AD%E3%83%AA%E3%83%B3-%E3%82%A2%E3%83%AB%E3%82%AB%E3%83%AA%E3%82%A4%E3%82%AA%E3%83%B3%E3%81%AE%E6%B0%B4-2L%C3%979%E6%9C%AC/dp/B01BEPNPF6?_encoding=UTF8&psc=1
#3,"[Amazonブランド]Happy Belly天然水 岐阜・美濃 (2L)×9本
        ",https://www.amazon.co.jp/Amazon%E3%83%96%E3%83%A9%E3%83%B3%E3%83%89-Happy-Belly%E5%A4%A9%E7%84%B6%E6%B0%B4-%E5%B2%90%E9%98%9C%E3%83%BB%E7%BE%8E%E6%BF%83-%C3%979%E6%9C%AC/dp/B07DHM8CWB?_encoding=UTF8&psc=1
#4,"カゴメ 野菜一日 これ一本 200ml×24本
        ",https://www.amazon.co.jp/%E9%87%8E%E8%8F%9C%E4%B8%80%E6%97%A5%E3%81%93%E3%82%8C%E4%B8%80%E6%9C%AC-%E4%B8%80%E6%9D%AF-%E9%87%8E%E8%8F%9C%E4%B8%80%E6%97%A5-%E3%81%93%E3%82%8C%E4%B8%80%E6%9C%AC-200ml%C3%9724%E6%9C%AC/dp/B000ZIMD2A?_encoding=UTF8&psc=1
#5,"【Amazon.co.jp限定】コカ・コーラ い・ろ・は・す 天然水 ペットボトル (2L×10本)
        ",https://www.amazon.co.jp/%E3%80%90Amazon-co-jp%E9%99%90%E5%AE%9A%E3%80%91%E3%82%B3%E3%82%AB%E3%83%BB%E3%82%B3%E3%83%BC%E3%83%A9-%E3%81%84%E3%83%BB%E3%82%8D%E3%83%BB%E3%81%AF%E3%83%BB%E3%81%99-%E5%A4%A9%E7%84%B6%E6%B0%B4-%E3%83%9A%E3%83%83%E3%83%88%E3%83%9C%E3%83%88%E3%83%AB-2L%C3%9710%E6%9C%AC/dp/B082V3M92R?_encoding=UTF8&psc=1
#6,"ポッカサッポロ キレートレモン 155ml×24本
        ",https://www.amazon.co.jp/%E3%82%AD%E3%83%AC%E3%83%BC%E3%83%88%E3%83%AC%E3%83%A2%E3%83%B3-GX92-%E3%83%9D%E3%83%83%E3%82%AB%E3%82%B5%E3%83%83%E3%83%9D%E3%83%AD-155ml%C3%9724%E6%9C%AC/dp/B00N8N88XW?_encoding=UTF8&psc=1
#7,"[Amazon限定ブランド] #like アサヒ おいしい水 天然水 ラベルレスボトル 2L×9本
        ",https://www.amazon.co.jp/Amazon%E9%99%90%E5%AE%9A%E3%83%96%E3%83%A9%E3%83%B3%E3%83%89-like-%E3%81%8A%E3%81%84%E3%81%97%E3%81%84%E6%B0%B4-%E3%83%A9%E3%83%99%E3%83%AB%E3%83%AC%E3%82%B9%E3%83%9C%E3%83%88%E3%83%AB-2L%C3%979%E6%9C%AC/dp/B07RWWZT8J?_encoding=UTF8&psc=1
#8,"コカ・コーラ ゼロ ペットボトル 500ml×24本
        ",https://www.amazon.co.jp/Coca%E3%83%BBCola-zero-%E3%82%B3%E3%82%AB%E3%83%BB%E3%82%B3%E3%83%BC%E3%83%A9%E3%82%BC%E3%83%AD-12259-500ml%C3%9724%E6%9C%AC/dp/B004Y9IZDC?_encoding=UTF8&psc=1
#9,"【Amazon.co.jp限定】コカ・コーラ 綾鷹 茶葉のあまみ ペットボトル (2L×10本)
        ",https://www.amazon.co.jp/%E3%80%90Amazon-co-jp%E9%99%90%E5%AE%9A%E3%80%91%E3%82%B3%E3%82%AB%E3%83%BB%E3%82%B3%E3%83%BC%E3%83%A9-%E7%B6%BE%E9%B7%B9-%E8%8C%B6%E8%91%89%E3%81%AE%E3%81%82%E3%81%BE%E3%81%BF-%E3%83%9A%E3%83%83%E3%83%88%E3%83%9C%E3%83%88%E3%83%AB-2L%C3%9710%E6%9C%AC/dp/B082V2VPB1?_encoding=UTF8&psc=1
#10,"【精米】[Amazon限定ブランド] 580.com 会津産 無洗米 コシヒカリ 2kg 令和2年産
        ",https://www.amazon.co.jp/%E3%80%90%E7%B2%BE%E7%B1%B3%E3%80%91%E3%80%90Amazon-co-jp%E9%99%90%E5%AE%9A%E3%80%91%E4%BC%9A%E6%B4%A5%E7%94%A3-%E7%84%A1%E6%B4%97%E7%B1%B3-%E3%82%B3%E3%82%B7%E3%83%92%E3%82%AB%E3%83%AA-2kg-%E5%B9%B3%E6%88%9030%E5%B9%B4%E7%94%A3/dp/B0777HL1GV?_encoding=UTF8&psc=1
#11,"ポッカサッポロ おいしい炭酸水 1L×12本
        ",https://www.amazon.co.jp/%E3%81%8A%E3%81%84%E3%81%97%E3%81%84%E7%82%AD%E9%85%B8%E6%B0%B4-GY47-%E3%83%9D%E3%83%83%E3%82%AB%E3%82%B5%E3%83%83%E3%83%9D%E3%83%AD-1L%C3%9712%E6%9C%AC/dp/B00MIBJ9OW?_encoding=UTF8&psc=1
#12,"【Amazon限定ブランド】 Restock サントリー 南アルプス天然水 シュリンクパック(エコクリア包装) 2L ×9本
        ",https://www.amazon.co.jp/%E3%80%90Amazon%E9%99%90%E5%AE%9A%E3%83%96%E3%83%A9%E3%83%B3%E3%83%89%E3%80%91-Restock-%E5%8D%97%E3%82%A2%E3%83%AB%E3%83%97%E3%82%B9%E5%A4%A9%E7%84%B6%E6%B0%B4-%E3%82%B7%E3%83%A5%E3%83%AA%E3%83%B3%E3%82%AF%E3%83%91%E3%83%83%E3%82%AF-%E3%82%A8%E3%82%B3%E3%82%AF%E3%83%AA%E3%82%A2%E5%8C%85%E8%A3%85/dp/B084H1KVBX?_encoding=UTF8&psc=1
#13,"[Amazon限定ブランド] Restock サントリー 南アルプスの天然水 ミネラルウォーター 2L×9本
        ",https://www.amazon.co.jp/%E5%A4%A9%E7%84%B6%E6%B0%B4-%E3%80%90Amazon-co-jp-%E9%99%90%E5%AE%9A%E3%80%91%E3%82%B5%E3%83%B3%E3%83%88%E3%83%AA%E3%83%BC-%E5%8D%97%E3%82%A2%E3%83%AB%E3%83%97%E3%82%B9%E3%81%AE%E5%A4%A9%E7%84%B6%E6%B0%B4-2L%C3%979%E6%9C%AC/dp/B07F1CCSJZ?_encoding=UTF8&psc=1
#14,"アサヒ飲料 ウィルキンソン タンサン 炭酸水 500ml×24本
        ",https://www.amazon.co.jp/%E3%82%A2%E3%82%B5%E3%83%92-%E3%82%A6%E3%82%A3%E3%83%AB%E3%82%AD%E3%83%B3%E3%82%BD%E3%83%B3-%E3%82%BF%E3%83%B3%E3%82%B5%E3%83%B3-%E5%BC%B7%E7%82%AD%E9%85%B8%E6%B0%B4-500ml%C3%9724%E6%9C%AC/dp/B01CNBT7NY?_encoding=UTF8&psc=1
#15,"[炭酸水] サントリー 天然水スパークリング レモン ラベルレス 500ml ×24本
        ",https://www.amazon.co.jp/%E3%82%B5%E3%83%B3%E3%83%88%E3%83%AA%E3%83%BC-%E5%A4%A9%E7%84%B6%E6%B0%B4%E3%82%B9%E3%83%91%E3%83%BC%E3%82%AF%E3%83%AA%E3%83%B3%E3%82%B0-%E3%83%A9%E3%83%99%E3%83%AB%E3%83%AC%E3%82%B9-500ml-%C3%9724%E6%9C%AC/dp/B08KT5T6BS?_encoding=UTF8&psc=1
#16,"コカ・コーラ い・ろ・は・す天然水ラベルレス 560ml ×24本
        ",https://www.amazon.co.jp/I-LOHAS-%E3%81%84%E3%83%BB%E3%82%8D%E3%83%BB%E3%81%AF%E3%83%BB%E3%81%99-%E3%82%B3%E3%82%AB%E3%83%BB%E3%82%B3%E3%83%BC%E3%83%A9-%E3%81%84%E3%83%BB%E3%82%8D%E3%83%BB%E3%81%AF%E3%83%BB%E3%81%99%E5%A4%A9%E7%84%B6%E6%B0%B4%E3%83%A9%E3%83%99%E3%83%AB%E3%83%AC%E3%82%B9/dp/B084T9C6WD?_encoding=UTF8&psc=1
#17,"伊藤園 ビタミン野菜 紙パック 200ml×24本
        ",https://www.amazon.co.jp/%E3%83%93%E3%82%BF%E3%83%9F%E3%83%B3%E9%87%8E%E8%8F%9C-16307-%E4%BC%8A%E8%97%A4%E5%9C%92-%E7%B4%99%E3%83%91%E3%83%83%E3%82%AF-200ml%C3%9724%E6%9C%AC/dp/B00NBP0LQ4?_encoding=UTF8&psc=1
#18,"[Amazon限定ブランド] クリスタルガイザーエコポコボトル 500ml [大塚食品/DISQC]×40本 [正規輸入品]
        ",https://www.amazon.co.jp/Amazon%E9%99%90%E5%AE%9A%E3%83%96%E3%83%A9%E3%83%B3%E3%83%89-%E3%82%AF%E3%83%AA%E3%82%B9%E3%82%BF%E3%83%AB%E3%82%AC%E3%82%A4%E3%82%B6%E3%83%BC%E3%82%A8%E3%82%B3%E3%83%9D%E3%82%B3%E3%83%9C%E3%83%88%E3%83%AB-500ml-DISQC-%E6%AD%A3%E8%A6%8F%E8%BC%B8%E5%85%A5%E5%93%81/dp/B07RCBBJHX?_encoding=UTF8&psc=1
#19,"[Amazonブランド]Happy Belly 天然水 岐阜・養老 500ml×24本
        ",https://www.amazon.co.jp/Amazon%E3%83%96%E3%83%A9%E3%83%B3%E3%83%89-Happy-Belly-%E5%B2%90%E9%98%9C%E3%83%BB%E9%A4%8A%E8%80%81-500ml%C3%9724%E6%9C%AC/dp/B01H6MF6Z8?_encoding=UTF8&psc=1
#20,"伊藤園 1日分の野菜 紙パック
        ",https://www.amazon.co.jp/%E4%BC%8A%E8%97%A4%E5%9C%92-1%E6%97%A5%E5%88%86%E3%81%AE%E9%87%8E%E8%8F%9C-%E7%B4%99%E3%83%91%E3%83%83%E3%82%AF/dp/B08L3YDCM3?_encoding=UTF8&psc=1
#21,"コントレックス 水 1.5L [直輸入品] ×12本
        ",https://www.amazon.co.jp/Contrex-%E3%82%B3%E3%83%B3%E3%83%88%E3%83%AC%E3%83%83%E3%82%AF%E3%82%B9-C2697A-ACT-1-5L%C3%9712%E6%9C%AC/dp/B00007147M?_encoding=UTF8&psc=1
#22,"MS+B 「ウィルキンソン タンサン」 ラベルレスボトル 500ml×24本 [Amazon限定ブランド]
        ",https://www.amazon.co.jp/MS-%E3%82%A6%E3%82%A3%E3%83%AB%E3%82%AD%E3%83%B3%E3%82%BD%E3%83%B3-%E3%83%A9%E3%83%99%E3%83%AB%E3%83%AC%E3%82%B9%E3%83%9C%E3%83%88%E3%83%AB-500ml-Amazon%E9%99%90%E5%AE%9A%E3%83%96%E3%83%A9%E3%83%B3%E3%83%89/dp/B07Z4S81ZQ?_encoding=UTF8&psc=1
#23,"【まとめ買い】ネスカフェ ゴールドブレンドエコ&システムパック 65g×2個
        ",https://www.amazon.co.jp/%E3%83%8D%E3%82%B9%E3%82%AB%E3%83%95%E3%82%A7-RSC-%E3%82%B4%E3%83%BC%E3%83%AB%E3%83%89%E3%83%96%E3%83%AC%E3%83%B3%E3%83%89-%E3%82%A8%E3%82%B3-%E3%82%B7%E3%82%B9%E3%83%86%E3%83%A0%E3%83%91%E3%83%83%E3%82%AF-65g%C3%972%E5%80%8B/dp/B074MX3CZG?_encoding=UTF8&psc=1
#24,"コカ・コーラ い・ろ・は・す 天然水 555mlPET×24本
        ",https://www.amazon.co.jp/%E3%82%B3%E3%82%AB%E3%83%BB%E3%82%B3%E3%83%BC%E3%83%A9-%E3%81%84%E3%83%BB%E3%82%8D%E3%83%BB%E3%81%AF%E3%83%BB%E3%81%99-%E5%A4%A9%E7%84%B6%E6%B0%B4-%E3%83%9A%E3%83%83%E3%83%88%E3%83%9C%E3%83%88%E3%83%AB-555ml%C3%9724%E6%9C%AC/dp/B0026IAWMU?_encoding=UTF8&psc=1
#25,"サントリー 伊右衛門 ラベルレス（旨み茶葉入り）お茶 525ml ×24本 ペットボトル飲料
        ",https://www.amazon.co.jp/%E3%82%B5%E3%83%B3%E3%83%88%E3%83%AA%E3%83%BC-%E4%BC%8A%E5%8F%B3%E8%A1%9B%E9%96%80-%E3%83%A9%E3%83%99%E3%83%AB%E3%83%AC%E3%82%B9%EF%BC%88%E6%97%A8%E3%81%BF%E8%8C%B6%E8%91%89%E5%85%A5%E3%82%8A%EF%BC%89%E3%81%8A%E8%8C%B6-525ml-%E3%83%9A%E3%83%83%E3%83%88%E3%83%9C%E3%83%88%E3%83%AB%E9%A3%B2%E6%96%99/dp/B08KT2QRL4?_encoding=UTF8&psc=1
#26,"アサヒ飲料 おいしい水 天然水 ラベルレスボトル PET600ml×24本
        ",https://www.amazon.co.jp/Amazon-co-jp%E5%85%88%E8%A1%8C%E8%B2%A9%E5%A3%B2-%E3%82%A2%E3%82%B5%E3%83%92%E9%A3%B2%E6%96%99-%E3%81%8A%E3%81%84%E3%81%97%E3%81%84%E6%B0%B4-%E3%83%A9%E3%83%99%E3%83%AB%E3%83%AC%E3%82%B9%E3%83%9C%E3%83%88%E3%83%AB-PET600ml%C3%9724%E6%9C%AC/dp/B07CN1WJFS?_encoding=UTF8&psc=1
#27,"【ビール】アサヒ スーパードライ [ ビール 350ml×24本 ]
        ",https://www.amazon.co.jp/%E3%82%B9%E3%83%BC%E3%83%91%E3%83%BC%E3%83%89%E3%83%A9%E3%82%A4-%E3%82%A2%E3%82%B5%E3%83%92-350%EF%BD%8D%EF%BD%8C%E7%BC%B6%C3%9724%E6%9C%AC/dp/B0029ZFYJQ?_encoding=UTF8&psc=1
#28,"アイリスオーヤマ ミックスナッツ 5種 無塩 食塩無添加 850g (アーモンド カシューナッツ くるみ マカダミアナッツ ピーナッツ) 1個
        ",https://www.amazon.co.jp/%E3%82%A2%E3%82%A4%E3%83%AA%E3%82%B9%E3%82%AA%E3%83%BC%E3%83%A4%E3%83%9E-%E3%83%9F%E3%83%83%E3%82%AF%E3%82%B9%E3%83%8A%E3%83%83%E3%83%84-%E9%A3%9F%E5%A1%A9%E7%84%A1%E6%B7%BB%E5%8A%A0-%E3%82%AB%E3%82%B7%E3%83%A5%E3%83%BC%E3%83%8A%E3%83%83%E3%83%84-%E3%83%9E%E3%82%AB%E3%83%80%E3%83%9F%E3%82%A2%E3%83%8A%E3%83%83%E3%83%84/dp/B08BM9DJYQ?_encoding=UTF8&psc=1
#29,"【新ジャンル/第3のビール】本麒麟[350ml×24本]
        ",https://www.amazon.co.jp/%E6%9C%AC%E9%BA%92%E9%BA%9F-%E3%80%902018%E5%B9%B4%E7%99%BA%E5%A3%B2%E3%80%91%E6%9C%AC%E9%BA%92%E9%BA%9F-350ml%C3%9724%E6%9C%AC/dp/B079PZ4MHL?_encoding=UTF8&psc=1
#30,"【精米】 [Amazon限定ブランド] 580.com 秋田県産 無洗米 あきたこまち 5kg 令和2年産
        ",https://www.amazon.co.jp/%E3%80%90%E7%B2%BE%E7%B1%B3%E3%80%91%E3%80%90Amazon-co-jp%E9%99%90%E5%AE%9A%E3%80%91%E7%A7%8B%E7%94%B0%E7%9C%8C%E7%94%A3-%E7%84%A1%E6%B4%97%E7%B1%B3-%E3%81%82%E3%81%8D%E3%81%9F%E3%81%93%E3%81%BE%E3%81%A1-5kg-%E5%B9%B3%E6%88%9030%E5%B9%B4%E7%94%A3/dp/B00ENWQYNS?_encoding=UTF8&psc=1
#31,"アサヒ飲料 十六茶 お茶 630ml ×24本 デカフェ・ノンカフェイン
        ",https://www.amazon.co.jp/%E3%82%A2%E3%82%B5%E3%83%92%E9%A3%B2%E6%96%99-%E5%8D%81%E5%85%AD%E8%8C%B6-630ml-%C3%9724%E6%9C%AC-%E3%83%87%E3%82%AB%E3%83%95%E3%82%A7%E3%83%BB%E3%83%8E%E3%83%B3%E3%82%AB%E3%83%95%E3%82%A7%E3%82%A4%E3%83%B3/dp/B083LG8T61?_encoding=UTF8&psc=1
#32,"【強炭酸】コカ・コーラ カナダドライ ザ・タンサン ストロング ラベルレス 430ml ×24本
        ",https://www.amazon.co.jp/%E3%80%90%E5%BC%B7%E7%82%AD%E9%85%B8%E3%80%91%E3%82%B3%E3%82%AB%E3%83%BB%E3%82%B3%E3%83%BC%E3%83%A9-%E3%82%AB%E3%83%8A%E3%83%80%E3%83%89%E3%83%A9%E3%82%A4-%E3%82%B6%E3%83%BB%E3%82%BF%E3%83%B3%E3%82%B5%E3%83%B3-%E3%82%B9%E3%83%88%E3%83%AD%E3%83%B3%E3%82%B0-%E3%83%A9%E3%83%99%E3%83%AB%E3%83%AC%E3%82%B9/dp/B08CDYX378?_encoding=UTF8&psc=1
#33,"【内臓脂肪を減らす】 からだを想う オールフリー [ ノンアルコール 350ml×24本 ]
        ",https://www.amazon.co.jp/%E3%80%90%E5%86%85%E8%87%93%E8%84%82%E8%82%AA%E3%82%92%E6%B8%9B%E3%82%89%E3%81%99%E3%80%91-%E3%81%8B%E3%82%89%E3%81%A0%E3%82%92%E6%83%B3%E3%81%86-%E3%82%AA%E3%83%BC%E3%83%AB%E3%83%95%E3%83%AA%E3%83%BC-%E3%83%8E%E3%83%B3%E3%82%A2%E3%83%AB%E3%82%B3%E3%83%BC%E3%83%AB-350ml%C3%9724%E6%9C%AC/dp/B07QZ5F3FL?_encoding=UTF8&psc=1
#34,"【Amazon.co.jp限定】コカ・コーラ 綾鷹 ペットボトル (2L×10本)
        ",https://www.amazon.co.jp/%E7%B6%BE%E9%B7%B9-%E3%80%90Amazon-co-jp%E9%99%90%E5%AE%9A%E3%80%91%E3%82%B3%E3%82%AB%E3%83%BB%E3%82%B3%E3%83%BC%E3%83%A9-%E3%83%9A%E3%83%83%E3%83%88%E3%83%9C%E3%83%88%E3%83%AB-2L%C3%9710%E6%9C%AC/dp/B082V2MWB8?_encoding=UTF8&psc=1
#35,"[Amazon限定ブランド] 伊藤園 RROボックス 健康ミネラルむぎ茶 2L×9本
        ",https://www.amazon.co.jp/Amazon%E9%99%90%E5%AE%9A%E3%83%96%E3%83%A9%E3%83%B3%E3%83%89-%E4%BC%8A%E8%97%A4%E5%9C%92-RRO%E3%83%9C%E3%83%83%E3%82%AF%E3%82%B9-%E5%81%A5%E5%BA%B7%E3%83%9F%E3%83%8D%E3%83%A9%E3%83%AB%E3%82%80%E3%81%8E%E8%8C%B6-2L%C3%979%E6%9C%AC/dp/B07MTK98FD?_encoding=UTF8&psc=1
#36,"Happy Belly 強炭酸水 グレープフルーツ 500ml×24本 [Amazonブランド]
        ",https://www.amazon.co.jp/Amazon%E3%83%96%E3%83%A9%E3%83%B3%E3%83%89-Happy-Belly-%E3%83%8F%E3%83%83%E3%83%94%E3%83%BC%E3%83%99%E3%83%AA%E3%83%BC-500ml%C3%9724%E6%9C%AC/dp/B077RVKFNF?_encoding=UTF8&psc=1
#37,"[機能性表示食品] 伊藤園 おーいお茶 濃い茶 525ml×24本
        ",https://www.amazon.co.jp/%E3%81%8A%E3%83%BC%E3%81%84%E3%81%8A%E8%8C%B6-19300-%E4%BC%8A%E8%97%A4%E5%9C%92-%E6%BF%83%E3%81%84%E8%8C%B6-525ml%C3%9724%E6%9C%AC/dp/B071R3FV5J?_encoding=UTF8&psc=1
#38,"サントリー 天然水 550ml×24本 ナチュラルミネラルウォーター
        ",https://www.amazon.co.jp/%E3%82%B5%E3%83%B3%E3%83%88%E3%83%AA%E3%83%BC-%E5%A4%A9%E7%84%B6%E6%B0%B4-%E5%8D%97%E3%82%A2%E3%83%AB%E3%83%97%E3%82%B9-550ml%C3%9724%E6%9C%AC-%E3%83%8A%E3%83%81%E3%83%A5%E3%83%A9%E3%83%AB%E3%83%9F%E3%83%8D%E3%83%A9%E3%83%AB%E3%82%A6%E3%82%A9%E3%83%BC%E3%82%BF%E3%83%BC/dp/B004OBRKL8?_encoding=UTF8&psc=1
#39,"キリン Volvic(ボルヴィック) PET (330ml×24本) [正規輸入品]
        ",https://www.amazon.co.jp/%E3%82%AD%E3%83%AA%E3%83%B3-Volvic-%E3%83%9C%E3%83%AB%E3%83%B4%E3%82%A3%E3%83%83%E3%82%AF-330ml%C3%9724%E6%9C%AC-%E6%AD%A3%E8%A6%8F%E8%BC%B8%E5%85%A5%E5%93%81/dp/B00TYFL97K?_encoding=UTF8&psc=1
#40,"サントリー コーヒー クラフトボス 無糖ブラック 500ml×24本
        ",https://www.amazon.co.jp/%E3%82%B5%E3%83%B3%E3%83%88%E3%83%AA%E3%83%BC-%E3%82%B3%E3%83%BC%E3%83%92%E3%83%BC-%E3%82%AF%E3%83%A9%E3%83%95%E3%83%88%E3%83%9C%E3%82%B9-%E7%84%A1%E7%B3%96%E3%83%96%E3%83%A9%E3%83%83%E3%82%AF-500ml%C3%9724%E6%9C%AC/dp/B06XJVXMZR?_encoding=UTF8&psc=1
#41,"【精米】 [Amazon限定ブランド] 580.com 宮城県産 無洗米 つや姫 5kg 令和2年産
        ",https://www.amazon.co.jp/%E3%80%90%E7%B2%BE%E7%B1%B3%E3%80%91-Amazon%E9%99%90%E5%AE%9A%E3%83%96%E3%83%A9%E3%83%B3%E3%83%89-580-com-%E5%AE%AE%E5%9F%8E%E7%9C%8C%E7%94%A3-%E5%B9%B3%E6%88%9030%E5%B9%B4%E7%94%A3/dp/B07NGBBLTH?_encoding=UTF8&psc=1
#42,"[Amazon限定ブランド] Restock GREEN DA・KA・RAやさしい麦茶 2L×9本
        ",https://www.amazon.co.jp/Amazon%E9%99%90%E5%AE%9A%E3%83%96%E3%83%A9%E3%83%B3%E3%83%89-Restock-GREEN-%E3%83%BBKA%E3%83%BBRA%E3%82%84%E3%81%95%E3%81%97%E3%81%84%E9%BA%A6%E8%8C%B6-2L%C3%979%E6%9C%AC/dp/B07NVM9G9T?_encoding=UTF8&psc=1
#43,"伊藤園 おーいお茶 緑茶 525ml×24本
        ",https://www.amazon.co.jp/%E3%81%8A%E3%83%BC%E3%81%84%E3%81%8A%E8%8C%B6-19200-%E4%BC%8A%E8%97%A4%E5%9C%92-%E7%B7%91%E8%8C%B6-525ml%C3%9724%E6%9C%AC/dp/B072298YR1?_encoding=UTF8&psc=1
#44,"【Amazon.co.jp限定】コカ・コーラ 爽健美茶 ペットボトル (2L×10本)
        ",https://www.amazon.co.jp/%E7%88%BD%E5%81%A5%E7%BE%8E%E8%8C%B6-%E3%80%90Amazon-co-jp%E9%99%90%E5%AE%9A%E3%80%91%E3%82%B3%E3%82%AB%E3%83%BB%E3%82%B3%E3%83%BC%E3%83%A9-%E3%83%9A%E3%83%83%E3%83%88%E3%83%9C%E3%83%88%E3%83%AB-2L%C3%9710%E6%9C%AC/dp/B082V257D6?_encoding=UTF8&psc=1
#45,"ガルシア エクストラバージンオリーブオイル 500ml ペット
        ",https://www.amazon.co.jp/%E3%82%AC%E3%83%AB%E3%82%B7%E3%82%A2-%E3%82%A8%E3%82%AF%E3%82%B9%E3%83%88%E3%83%A9%E3%83%90%E3%83%BC%E3%82%B8%E3%83%B3%E3%82%AA%E3%83%AA%E3%83%BC%E3%83%96%E3%82%AA%E3%82%A4%E3%83%AB-500ml/dp/B00SSUQ3DW?_encoding=UTF8&psc=1
#46,"【セット買い】[Amazonブランド]Happy Belly パックご飯 新潟県産こしひかり 200g×20個(白米) 特別栽培米 [Amazonブランド] & Belly 天然水 岐阜・養老 500ml×24本
        ",https://www.amazon.co.jp/Amazon%E3%83%96%E3%83%A9%E3%83%B3%E3%83%89-Happy-Belly-%E6%96%B0%E6%BD%9F%E7%9C%8C%E7%94%A3%E3%81%93%E3%81%97%E3%81%B2%E3%81%8B%E3%82%8A-500ml%C3%9724%E6%9C%AC/dp/B0866H78QF?_encoding=UTF8&psc=1
#47,"炭酸水 アイリスの天然水 強炭酸水 500ml ×24本
        ",https://www.amazon.co.jp/%E7%82%AD%E9%85%B8%E6%B0%B4-%E3%82%A2%E3%82%A4%E3%83%AA%E3%82%B9%E3%81%AE%E5%A4%A9%E7%84%B6%E6%B0%B4-%E5%BC%B7%E7%82%AD%E9%85%B8%E6%B0%B4-500ml-%C3%9724%E6%9C%AC/dp/B085VWTKHR?_encoding=UTF8&psc=1
#48,"カゴメ 野菜生活100 オリジナル 200ml×24本
        ",https://www.amazon.co.jp/%E9%87%8E%E8%8F%9C%E7%94%9F%E6%B4%BB-BR178938011-%E9%87%8E%E8%8F%9C%E7%94%9F%E6%B4%BB100-%E3%82%AA%E3%83%AA%E3%82%B8%E3%83%8A%E3%83%AB-200ml%C3%9724%E6%9C%AC/dp/B000SLNNXW?_encoding=UTF8&psc=1
#49,"AGF ブレンディ レギュラーコーヒー ドリップパック キリマンジャロブレンド 100袋 【 ドリップコーヒー 】
        ",https://www.amazon.co.jp/AGF-%E3%83%96%E3%83%AC%E3%83%B3%E3%83%87%E3%82%A3-%E3%83%AC%E3%82%AE%E3%83%A5%E3%83%A9%E3%83%BC%E3%82%B3%E3%83%BC%E3%83%92%E3%83%BC-%E3%83%89%E3%83%AA%E3%83%83%E3%83%97%E3%83%91%E3%83%83%E3%82%AF-%E3%82%AD%E3%83%AA%E3%83%9E%E3%83%B3%E3%82%B8%E3%83%A3%E3%83%AD%E3%83%96%E3%83%AC%E3%83%B3%E3%83%89/dp/B0042J0M6M?_encoding=UTF8&psc=1
#50,"[トクホ] ヘルシア 緑茶 うまみ贅沢仕立て 1L×12本
        ",https://www.amazon.co.jp/%E3%83%88%E3%82%AF%E3%83%9B-%E3%83%98%E3%83%AB%E3%82%B7%E3%82%A2%E7%B7%91%E8%8C%B6-%E3%81%86%E3%81%BE%E3%81%BF%E8%B4%85%E6%B2%A2%E4%BB%95%E7%AB%8B%E3%81%A6-1L%C3%9712%E6%9C%AC/dp/B07BZPGG1K?_encoding=UTF8&psc=1
