#1,"シャープ 加湿 空気清浄機 プラズマクラスター 7000 スタンダード 13畳 / 空気清浄 23畳 2019年モデル ホワイト KC-L50-W
        ",https://www.amazon.co.jp/%E3%82%B7%E3%83%A3%E3%83%BC%E3%83%97-%E7%A9%BA%E6%B0%97%E6%B8%85%E6%B5%84%E6%A9%9F%E3%80%90%E5%8A%A0%E6%B9%BF%E6%A9%9F%E8%83%BD%E4%BB%98%E3%80%91%EF%BC%88%E7%A9%BA%E6%B8%8523%E7%95%B3%E3%81%BE%E3%81%A7-%E3%83%9B%E3%83%AF%E3%82%A4%E3%83%88%E7%B3%BB%EF%BC%89SHARP-%E3%80%8C%E3%83%97%E3%83%A9%E3%82%BA%E3%83%9E%E3%82%AF%E3%83%A9%E3%82%B9%E3%82%BF%E3%83%BC7000%E3%80%8D%E6%90%AD%E8%BC%89-KC-L50-W/dp/B07Z8PRD4W?_encoding=UTF8&psc=1
#2,"SwitchBot スイッチボット スマートホーム 学習リモコン Alexa - Google Home IFTTT イフト Siriに対応 SwitchBot Hub Mini
        ",https://www.amazon.co.jp/SwitchBot-%E3%82%B9%E3%82%A4%E3%83%83%E3%83%81%E3%83%9C%E3%83%83%E3%83%88-%E3%82%B9%E3%83%9E%E3%83%BC%E3%83%88%E3%83%9B%E3%83%BC%E3%83%A0-%E5%AD%A6%E7%BF%92%E3%83%AA%E3%83%A2%E3%82%B3%E3%83%B3-Alexa/dp/B07TTH5TMW?_encoding=UTF8&psc=1
#3,"【Amazon.co.jp限定】タオル研究所 [ボリュームリッチ] #003 バスタオル サンドベージュ 2枚セット ふかふか ホテル仕様 高速吸水 耐久性 人気 [毛羽レス] 【選べる5色】 Japan Technology
        ",https://www.amazon.co.jp/%E3%80%90Amazon-co-jp%E9%99%90%E5%AE%9A%E3%80%91%E3%82%BF%E3%82%AA%E3%83%AB%E7%A0%94%E7%A9%B6%E6%89%80-%E3%83%9C%E3%83%AA%E3%83%A5%E3%83%BC%E3%83%A0%E3%83%AA%E3%83%83%E3%83%81-003-%E3%82%B5%E3%83%B3%E3%83%89%E3%83%99%E3%83%BC%E3%82%B8%E3%83%A5-Technology/dp/B086WBLKTB?_encoding=UTF8&psc=1
#4,"【Amazon限定ブランド】マスク ひんやり 4枚組 男女兼用 フィット感 耳が痛くなりにくい 呼吸しやすい 伸縮性抜群 立体構造 丸洗い 繰り返し使える Home Cocci (SSサイズ4枚組, ホワイト)
        ",https://www.amazon.co.jp/%E3%80%90Amazon%E9%99%90%E5%AE%9A%E3%83%96%E3%83%A9%E3%83%B3%E3%83%89%E3%80%91%E3%83%9E%E3%82%B9%E3%82%AF-%E8%80%B3%E3%81%8C%E7%97%9B%E3%81%8F%E3%81%AA%E3%82%8A%E3%81%AB%E3%81%8F%E3%81%84-%E5%91%BC%E5%90%B8%E3%81%97%E3%82%84%E3%81%99%E3%81%84-%E7%B9%B0%E3%82%8A%E8%BF%94%E3%81%97%E4%BD%BF%E3%81%88%E3%82%8B-SS%E3%82%B5%E3%82%A4%E3%82%BA4%E6%9E%9A%E7%B5%84/dp/B08F725R4K?_encoding=UTF8&psc=1
#5,"【Amazon.co.jp限定】タオル研究所 [毎日シンプル] #001 バスタオル ジェットブラック 2枚セット 高速吸水 速乾 耐久性 人気 大判 [毛羽レス] 【選べる7色】 Japan Technology
        ",https://www.amazon.co.jp/%E3%82%BF%E3%82%AA%E3%83%AB%E7%A0%94%E7%A9%B6%E6%89%80-%E6%AF%8E%E6%97%A5%E3%82%B7%E3%83%B3%E3%83%97%E3%83%AB-001-%E3%82%B8%E3%82%A7%E3%83%83%E3%83%88%E3%83%96%E3%83%A9%E3%83%83%E3%82%AF-%E7%B4%8460%C3%97120%E3%8E%9D/dp/B07X8TQ9VL?_encoding=UTF8&psc=1
#6,"[山善] 電気毛布 掛け/敷き兼用タイプ 長方形 (188×130cm) (ダニ退治機能) (温度調節機能) (丸洗い可能) YMK-23 [メーカー保証1年]
        ",https://www.amazon.co.jp/%E5%B1%B1%E5%96%84-%E6%95%B7%E3%81%8D%E5%85%BC%E7%94%A8%E3%82%BF%E3%82%A4%E3%83%97-188%C3%97130cm-YMK-23-%E3%83%A1%E3%83%BC%E3%82%AB%E3%83%BC%E4%BF%9D%E8%A8%BC1%E5%B9%B4/dp/B07X3MX86K?_encoding=UTF8&psc=1
#7,"ティファール 電気ケトル 「ジャスティン プラス」 シンプルモデル ホワイト 1.2L KO340175
        ",https://www.amazon.co.jp/%E3%83%86%E3%82%A3%E3%83%95%E3%82%A1%E3%83%BC%E3%83%AB-%E9%9B%BB%E6%B0%97%E3%82%B1%E3%83%88%E3%83%AB-%E3%80%8C%E3%82%B8%E3%83%A3%E3%82%B9%E3%83%86%E3%82%A3%E3%83%B3-%E3%82%B7%E3%83%B3%E3%83%97%E3%83%AB%E3%83%A2%E3%83%87%E3%83%AB-KO340175/dp/B00LGM4T1W?_encoding=UTF8&psc=1
#8,"NEC LEDシーリングライト 調光タイプ~6畳 HLDZ06209
        ",https://www.amazon.co.jp/NEC%E3%83%A9%E3%82%A4%E3%83%86%E3%82%A3%E3%83%B3%E3%82%B0-HLDZ06209-NEC-LED%E3%82%B7%E3%83%BC%E3%83%AA%E3%83%B3%E3%82%B0%E3%83%A9%E3%82%A4%E3%83%88-%E8%AA%BF%E5%85%89%E3%82%BF%E3%82%A4%E3%83%97-6%E7%95%B3/dp/B07F1V7KF2?_encoding=UTF8&psc=1
#9,"ブリタ 浄水 ポット カートリッジ マクストラ プラス 1個セット 【日本仕様・日本正規品】
        ",https://www.amazon.co.jp/%E3%83%96%E3%83%AA%E3%82%BF-%E3%82%AB%E3%83%BC%E3%83%88%E3%83%AA%E3%83%83%E3%82%B8-%E3%83%9E%E3%82%AF%E3%82%B9%E3%83%88%E3%83%A9-1%E5%80%8B%E5%85%A5%E3%82%8A-%E3%80%90%E6%97%A5%E6%9C%AC%E4%BB%95%E6%A7%98%E3%83%BB%E6%97%A5%E6%9C%AC%E6%AD%A3%E8%A6%8F%E5%93%81%E3%80%91/dp/B075D92L7V?_encoding=UTF8&psc=1
#10,"パナソニック ギフトセット フェイスシェーバー フェリエ & ホットカーラーまつ毛くるん ゴールド ES-WF61KT-GN
        ",https://www.amazon.co.jp/%E3%83%91%E3%83%8A%E3%82%BD%E3%83%8B%E3%83%83%E3%82%AF-%E3%82%AE%E3%83%95%E3%83%88%E3%82%BB%E3%83%83%E3%83%88-%E3%83%95%E3%82%A7%E3%82%A4%E3%82%B9%E3%82%B7%E3%82%A7%E3%83%BC%E3%83%90%E3%83%BC-%E3%83%9B%E3%83%83%E3%83%88%E3%82%AB%E3%83%BC%E3%83%A9%E3%83%BC%E3%81%BE%E3%81%A4%E6%AF%9B%E3%81%8F%E3%82%8B%E3%82%93-ES-WF61KT-GN/dp/B07Y9G41D7?_encoding=UTF8&psc=1
#11,"アイリスオーヤマ LED電球 口金直径26mm 広配光 60W形相当 電球色 密閉器具対応 LDA7L-G-6T6
        ",https://www.amazon.co.jp/%E3%82%A2%E3%82%A4%E3%83%AA%E3%82%B9%E3%82%AA%E3%83%BC%E3%83%A4%E3%83%9E-%E5%8F%A3%E9%87%91%E7%9B%B4%E5%BE%8426mm-60W%E5%BD%A2%E7%9B%B8%E5%BD%93-%E5%AF%86%E9%96%89%E5%99%A8%E5%85%B7%E5%AF%BE%E5%BF%9C-LDA7L-G-6T6/dp/B07NQ61XTC?_encoding=UTF8&psc=1
#12,"GTRACING ゲーミングチェア オフィスチェア 多機能 ゲーム用チェア リクライニング パソコンチェア ハイバック ヘッドレスト ランバーサポート ひじ掛け付き PUレザー (GT007-BLUE)
        ",https://www.amazon.co.jp/GTRACING-%E3%82%AA%E3%83%95%E3%82%A3%E3%82%B9%E3%83%81%E3%82%A7%E3%82%A2-%E3%82%B2%E3%83%BC%E3%83%9F%E3%83%B3%E3%82%B0%E3%83%81%E3%82%A7%E3%82%A2-%E3%83%A9%E3%83%B3%E3%83%90%E3%83%BC%E3%82%B5%E3%83%9D%E3%83%BC%E3%83%88-GT007-%E3%83%96%E3%83%AB%E3%83%BC/dp/B07CKKQLDJ?_encoding=UTF8&psc=1
#13,"【最新改良版 & USB充電式】 加湿器 卓上 超音波式 次亜塩素酸水対応 大容量350ml ワイヤレス 卓上加湿器 車載加湿器 7色LEDライト 超静音設計 オフィス 子供部屋 花粉対策に 乾燥防止 空焚き防止 小型 持ち運び便利 (ブラック)
        ",https://www.amazon.co.jp/%E3%80%90%E6%9C%80%E6%96%B0%E6%94%B9%E8%89%AF%E7%89%88-USB%E5%85%85%E9%9B%BB%E5%BC%8F%E3%80%91-%E6%AC%A1%E4%BA%9C%E5%A1%A9%E7%B4%A0%E9%85%B8%E6%B0%B4%E5%AF%BE%E5%BF%9C-%E5%A4%A7%E5%AE%B9%E9%87%8F350ml-7%E8%89%B2LED%E3%83%A9%E3%82%A4%E3%83%88/dp/B08F52DLY4?_encoding=UTF8&psc=1
#14,"パナソニック 除毛器 フェリエ VIO専用シェーバー 防水 シルバー調 ES-WV60-S
        ",https://www.amazon.co.jp/%E3%83%91%E3%83%8A%E3%82%BD%E3%83%8B%E3%83%83%E3%82%AF-%E3%83%95%E3%82%A7%E3%83%AA%E3%82%A8-VIO%E5%B0%82%E7%94%A8%E3%82%B7%E3%82%A7%E3%83%BC%E3%83%90%E3%83%BC-%E3%82%B7%E3%83%AB%E3%83%90%E3%83%BC%E8%AA%BF-ES-WV60-S/dp/B085FB1YSZ?_encoding=UTF8&psc=1
#15,"dretec(ドリテック) パルスオキシメーター ケース セミハード 専用ポーチ 単体 収納袋 持ち運び 携帯 保管 OX-101/102/200対応
        ",https://www.amazon.co.jp/dretec-%E3%83%89%E3%83%AA%E3%83%86%E3%83%83%E3%82%AF-%E3%83%91%E3%83%AB%E3%82%B9%E3%82%AA%E3%82%AD%E3%82%B7%E3%83%A1%E3%83%BC%E3%82%BF%E3%83%BC-%E3%82%BB%E3%83%9F%E3%83%8F%E3%83%BC%E3%83%89-OX-101/dp/B08977R12Y?_encoding=UTF8&psc=1
#16,"パナソニック エチケットカッター 白 ER-GN11-W
        ",https://www.amazon.co.jp/%E3%83%91%E3%83%8A%E3%82%BD%E3%83%8B%E3%83%83%E3%82%AF-Panasonic-ER-GN11-W-%E3%82%A8%E3%83%81%E3%82%B1%E3%83%83%E3%83%88%E3%82%AB%E3%83%83%E3%82%BF%E3%83%BC-%E7%99%BD/dp/B07XTJGG9Y?_encoding=UTF8&psc=1
#17,"[山善] セラミックファンヒーター (セラミックヒーター) 暖房器具 1200W / 600W 2段階切替 DF-J121(W) [メーカー保証1年]
        ",https://www.amazon.co.jp/%E5%B1%B1%E5%96%84-%E3%82%BB%E3%83%A9%E3%83%9F%E3%83%83%E3%82%AF%E3%83%92%E3%83%BC%E3%82%BF%E3%83%BC-1200W-2%E6%AE%B5%E9%9A%8E%E5%88%87%E6%9B%BF-DF-J121/dp/B00432IP5I?_encoding=UTF8&psc=1
#18,"【セット買い】SALONIA サロニア ストレートアイロン プロ仕様230℃ 海外対応 & セラミック カール ヘアアイロン 32mm ブラック 海外対応 プロ仕様 MAX210℃
        ",https://www.amazon.co.jp/%E3%80%90%E3%82%BB%E3%83%83%E3%83%88%E8%B2%B7%E3%81%84%E3%80%91SALONIA-%E3%82%B5%E3%83%AD%E3%83%8B%E3%82%A2-%E3%82%B9%E3%83%88%E3%83%AC%E3%83%BC%E3%83%88%E3%82%A2%E3%82%A4%E3%83%AD%E3%83%B3-%E3%83%97%E3%83%AD%E4%BB%95%E6%A7%98230%E2%84%83-MAX210%E2%84%83/dp/B08P6VWPCL?_encoding=UTF8&psc=1
#19,"パナソニック ヘアドライヤー ナノケア ゴールド EH-NA2B-N
        ",https://www.amazon.co.jp/%E3%83%91%E3%83%8A%E3%82%BD%E3%83%8B%E3%83%83%E3%82%AF-%E3%83%98%E3%82%A2%E3%83%89%E3%83%A9%E3%82%A4%E3%83%A4%E3%83%BC-%E3%83%8A%E3%83%8E%E3%82%B1%E3%82%A2-%E3%82%B4%E3%83%BC%E3%83%AB%E3%83%89-EH-NA2B-N/dp/B07VKRRPT9?_encoding=UTF8&psc=1
#20,"オムロン 電子体温計 けんおんくん わき専用 MC-681
        ",https://www.amazon.co.jp/%E3%82%AA%E3%83%A0%E3%83%AD%E3%83%B3-%E9%9B%BB%E5%AD%90%E4%BD%93%E6%B8%A9%E8%A8%88-%E3%81%91%E3%82%93%E3%81%8A%E3%82%93%E3%81%8F%E3%82%93-%E3%82%8F%E3%81%8D%E5%B0%82%E7%94%A8-MC-681/dp/B00F5VR11A?_encoding=UTF8&psc=1
#21,"パナソニック ラムダッシュ メンズシェーバー 3枚刃 お風呂剃り可 白 ES-ST2S-W
        ",https://www.amazon.co.jp/%E3%83%91%E3%83%8A%E3%82%BD%E3%83%8B%E3%83%83%E3%82%AF-%E3%83%A9%E3%83%A0%E3%83%80%E3%83%83%E3%82%B7%E3%83%A5-%E3%83%A1%E3%83%B3%E3%82%BA%E3%82%B7%E3%82%A7%E3%83%BC%E3%83%90%E3%83%BC-%E3%81%8A%E9%A2%A8%E5%91%82%E5%89%83%E3%82%8A%E5%8F%AF-ES-ST2S-W/dp/B086R2JR64?_encoding=UTF8&psc=1
#22,"アイリスオーヤマ 布団乾燥機 カラリエ 温風機能付 マット不要 ツインノズル 布団2組・靴2組対応 ホワイト FK-W1-WP
        ",https://www.amazon.co.jp/%E3%82%A2%E3%82%A4%E3%83%AA%E3%82%B9%E3%82%AA%E3%83%BC%E3%83%A4%E3%83%9E-%E5%B8%83%E5%9B%A3%E4%B9%BE%E7%87%A5%E6%A9%9F-%E3%83%84%E3%82%A4%E3%83%B3%E3%83%8E%E3%82%BA%E3%83%AB-%E5%B8%83%E5%9B%A32%E7%B5%84%E3%83%BB%E9%9D%B42%E7%B5%84%E5%AF%BE%E5%BF%9C-FK-W1/dp/B07D78MQX2?_encoding=UTF8&psc=1
#23,"iwaki(イワキ) 耐熱ガラス 保存容器 グリーン 3個セット パック&レンジ PS-PRN-3G2 + タニタ キッチンスケール はかり 料理 デジタル 2kg 1g単位 ストーンホワイト KJ-213 SWH すぐにピタッとはかれる
        ",https://www.amazon.co.jp/iwaki-PS-PRN-3G2-%E3%82%AD%E3%83%83%E3%83%81%E3%83%B3%E3%82%B9%E3%82%B1%E3%83%BC%E3%83%AB-%E3%82%B9%E3%83%88%E3%83%BC%E3%83%B3%E3%83%9B%E3%83%AF%E3%82%A4%E3%83%88-%E3%81%99%E3%81%90%E3%81%AB%E3%83%94%E3%82%BF%E3%83%83%E3%81%A8%E3%81%AF%E3%81%8B%E3%82%8C%E3%82%8B/dp/B08L3RVWN4?_encoding=UTF8&psc=1
#24,"【Amazon.co.jp 限定】【2019年モデル】フィリップス ソニッケアー イージークリーン 電動歯ブラシ ホワイト センシティブブラシヘッド HX6554/07
        ",https://www.amazon.co.jp/%E3%80%90Amazon-co-jp-%E9%99%90%E5%AE%9A%E3%80%91%E3%80%902019%E5%B9%B4%E3%83%A2%E3%83%87%E3%83%AB%E3%80%91%E3%83%95%E3%82%A3%E3%83%AA%E3%83%83%E3%83%97%E3%82%B9-%E3%82%BB%E3%83%B3%E3%82%B7%E3%83%86%E3%82%A3%E3%83%96%E3%83%96%E3%83%A9%E3%82%B7%E3%83%98%E3%83%83%E3%83%89-HX6554-07/dp/B07ZGTL5DR?_encoding=UTF8&psc=1
#25,"mofua (モフア) 毛布 シングル(140×200cm) ブラウン あったか 冬用 ブランケット プレミアムマイクロファイバー モフモフ 静電気防止 洗える エコテックス認証 50000106
        ",https://www.amazon.co.jp/mofua-1%E5%B9%B4%E9%96%93%E5%93%81%E8%B3%AA%E4%BF%9D%E8%A8%BC-%E9%9D%99%E9%9B%BB%E6%B0%97%E9%98%B2%E6%AD%A2%E5%8A%A0%E5%B7%A5-%E3%83%97%E3%83%AC%E3%83%9F%E3%82%A2%E3%83%A0%E3%83%9E%E3%82%A4%E3%82%AF%E3%83%AD%E3%83%95%E3%82%A1%E3%82%A4%E3%83%90%E3%83%BC-50000106/dp/B00N3PQ9OU?_encoding=UTF8&psc=1
#26,"サーモス 真空断熱タンブラー 420ml スパークリングシャドウ JDE-420C SP-S
        ",https://www.amazon.co.jp/%E3%82%B5%E3%83%BC%E3%83%A2%E3%82%B9-%E7%9C%9F%E7%A9%BA%E6%96%AD%E7%86%B1%E3%82%BF%E3%83%B3%E3%83%96%E3%83%A9%E3%83%BC-%E3%82%B9%E3%83%91%E3%83%BC%E3%82%AF%E3%83%AA%E3%83%B3%E3%82%B0%E3%82%B7%E3%83%A3%E3%83%89%E3%82%A6-JDE-420C-SP-S/dp/B077CYHHQ7?_encoding=UTF8&psc=1
#27,"【Amazon.co.jp限定】 レック 激落ちくん マイクロファイバー クロス 20枚入 (20×30cm) ベージュ&ホワイト & 激落ち おそうじスリッパ ( Lサイズ ) ネイビー S-815【セット買い】
        ",https://www.amazon.co.jp/%E3%80%90Amazon-co-jp%E9%99%90%E5%AE%9A%E3%80%91-%E3%83%AC%E3%83%83%E3%82%AF-%E3%83%9E%E3%82%A4%E3%82%AF%E3%83%AD%E3%83%95%E3%82%A1%E3%82%A4%E3%83%90%E3%83%BC-%E3%81%8A%E3%81%9D%E3%81%86%E3%81%98%E3%82%B9%E3%83%AA%E3%83%83%E3%83%91-S-815%E3%80%90%E3%82%BB%E3%83%83%E3%83%88%E8%B2%B7%E3%81%84%E3%80%91/dp/B08D75XGBL?_encoding=UTF8&psc=1
#28,"ティファール 電気ケトル 0.8L オンライン限定デザイン パフォーマ ホワイト KO1531JP
        ",https://www.amazon.co.jp/%E3%83%86%E3%82%A3%E3%83%95%E3%82%A1%E3%83%BC%E3%83%AB-%E9%9B%BB%E6%B0%97%E3%82%B1%E3%83%88%E3%83%AB-0-8L-%E3%83%91%E3%83%95%E3%82%A9%E3%83%BC%E3%83%9E-KO1531JP/dp/B07G1282LH?_encoding=UTF8&psc=1
#29,"シャープ 加湿 空気清浄機 プラズマクラスター 7000 スタンダード 13畳 / 空気清浄 23畳 2018年モデル ホワイト KC-J50-W
        ",https://www.amazon.co.jp/%E3%82%B7%E3%83%A3%E3%83%BC%E3%83%97-%E3%83%97%E3%83%A9%E3%82%BA%E3%83%9E%E3%82%AF%E3%83%A9%E3%82%B9%E3%82%BF%E3%83%BC7000%E6%90%AD%E8%BC%89-%E3%82%B9%E3%82%BF%E3%83%B3%E3%83%80%E3%83%BC%E3%83%89%E5%8A%A0%E6%B9%BF%E7%A9%BA%E6%B0%97%E6%B8%85%E6%B5%84%E6%A9%9F-%E3%83%9B%E3%83%AF%E3%82%A4%E3%83%88-KC-J50-W/dp/B07JCPK9J4?_encoding=UTF8&psc=1
#30,"アイリスオーヤマ 衣類乾燥除湿機 スピード乾燥 サーキュレーター機能付 デシカント式 ホワイト IJD-I50
        ",https://www.amazon.co.jp/%E3%82%A2%E3%82%A4%E3%83%AA%E3%82%B9%E3%82%AA%E3%83%BC%E3%83%A4%E3%83%9E-%E8%A1%A3%E9%A1%9E%E4%B9%BE%E7%87%A5%E9%99%A4%E6%B9%BF%E6%A9%9F-%E3%82%B9%E3%83%94%E3%83%BC%E3%83%89%E4%B9%BE%E7%87%A5-%E3%82%B5%E3%83%BC%E3%82%AD%E3%83%A5%E3%83%AC%E3%83%BC%E3%82%BF%E3%83%BC%E6%A9%9F%E8%83%BD%E4%BB%98-IJD-I50/dp/B07RVT4BK3?_encoding=UTF8&psc=1
#31,"サーモス デュラブルシリーズ 玉子焼きフライパン 13cm レッド IH対応 KFF-013E R
        ",https://www.amazon.co.jp/%E3%82%B5%E3%83%BC%E3%83%A2%E3%82%B9-%E3%83%87%E3%83%A5%E3%83%A9%E3%83%96%E3%83%AB%E3%82%B7%E3%83%AA%E3%83%BC%E3%82%BA-%E7%8E%89%E5%AD%90%E7%84%BC%E3%81%8D%E3%83%95%E3%83%A9%E3%82%A4%E3%83%91%E3%83%B3-13cm-KFF-013E/dp/B08DS1SB7Q?_encoding=UTF8&psc=1
#32,"サーモス 真空断熱マグカップ ステンレス 350ml JDG-350 S
        ",https://www.amazon.co.jp/%E3%82%B5%E3%83%BC%E3%83%A2%E3%82%B9-%E7%9C%9F%E7%A9%BA%E6%96%AD%E7%86%B1%E3%83%9E%E3%82%B0%E3%82%AB%E3%83%83%E3%83%97-%E3%82%B9%E3%83%86%E3%83%B3%E3%83%AC%E3%82%B9-350ml-JDG-350/dp/B07VCCCPYJ?_encoding=UTF8&psc=1
#33,"アイリスオーヤマ 布団乾燥機 カラリエ あたため予約タイマー付き 温風機能付 マット不要 布団1組・靴1組対応 パールホワイト FK-C3-WP
        ",https://www.amazon.co.jp/%E3%80%90%E3%83%86%E3%83%AC%E3%83%93%E6%94%BE%E6%98%A0%E5%95%86%E5%93%81%E3%80%91-%E3%82%A2%E3%82%A4%E3%83%AA%E3%82%B9%E3%82%AA%E3%83%BC%E3%83%A4%E3%83%9E-%E5%B8%83%E5%9B%A31%E7%B5%84%E3%83%BB%E9%9D%B41%E7%B5%84%E5%AF%BE%E5%BF%9C-%E3%83%91%E3%83%BC%E3%83%AB%E3%83%9B%E3%83%AF%E3%82%A4%E3%83%88-FK-C3-WP/dp/B07HX141N2?_encoding=UTF8&psc=1
#34,"KLOUDIC セラミックヒーター ヒーター 小型 電気ファンヒーター 足元 首振り 電気ストーブ 3段階切替 1秒速暖 コンパクト 省エネ 過熱保護 転倒保護 暖房器具 脱衣所 オフィス PSE認証済 ブラック
        ",https://www.amazon.co.jp/KLOUDIC-%E3%82%BB%E3%83%A9%E3%83%9F%E3%83%83%E3%82%AF%E3%83%92%E3%83%BC%E3%82%BF%E3%83%BC-%E9%9B%BB%E6%B0%97%E3%83%95%E3%82%A1%E3%83%B3%E3%83%92%E3%83%BC%E3%82%BF%E3%83%BC-%E9%9B%BB%E6%B0%97%E3%82%B9%E3%83%88%E3%83%BC%E3%83%96-PSE%E8%AA%8D%E8%A8%BC%E6%B8%88/dp/B08CN9D3TH?_encoding=UTF8&psc=1
#35,"SALONIA サロニア スピーディーイオンドライヤー グレー ヘアドライヤー 大風量 速乾 マイナスイオン コンパクト 軽量 メーカー1年保証 SL-013GR
        ",https://www.amazon.co.jp/SALONIA-%E3%82%B5%E3%83%AD%E3%83%8B%E3%82%A2-%E3%82%B9%E3%83%94%E3%83%BC%E3%83%87%E3%82%A3%E3%83%BC%E3%82%A4%E3%82%AA%E3%83%B3%E3%83%89%E3%83%A9%E3%82%A4%E3%83%A4%E3%83%BC-%E3%83%A1%E3%83%BC%E3%82%AB%E3%83%BC1%E5%B9%B4%E4%BF%9D%E8%A8%BC-SL-013GR/dp/B08GLRXL8T?_encoding=UTF8&psc=1
#36,"クイックルワイパー ブラックカラー フロア用掃除道具 本体+シート1種類(STRONG) 軽い力でスイスイかんたん! 汚れをパワフル捕集!
        ",https://www.amazon.co.jp/%E3%82%AF%E3%82%A4%E3%83%83%E3%82%AF%E3%83%AB%E3%83%AF%E3%82%A4%E3%83%91%E3%83%BC-%E3%83%96%E3%83%A9%E3%83%83%E3%82%AF%E3%82%AB%E3%83%A9%E3%83%BC-%E3%83%95%E3%83%AD%E3%82%A2%E7%94%A8%E6%8E%83%E9%99%A4%E9%81%93%E5%85%B7-%E8%BB%BD%E3%81%84%E5%8A%9B%E3%81%A7%E3%82%B9%E3%82%A4%E3%82%B9%E3%82%A4%E3%81%8B%E3%82%93%E3%81%9F%E3%82%93-%E6%B1%9A%E3%82%8C%E3%82%92%E3%83%91%E3%83%AF%E3%83%95%E3%83%AB%E6%8D%95%E9%9B%86/dp/B086H34V2R?_encoding=UTF8&psc=1
#37,"ニトムズ コロコロ 本体 S フロアクリン フローリング・カーペット対応 30周 1巻入 C2560
        ",https://www.amazon.co.jp/%E3%83%8B%E3%83%88%E3%83%A0%E3%82%BA-C2560-%E3%82%B3%E3%83%AD%E3%82%B3%E3%83%AD-%E3%83%95%E3%83%AD%E3%82%A2%E3%82%AF%E3%83%AA%E3%83%B3S/dp/B001NA25QI?_encoding=UTF8&psc=1
#38,"iwaki(イワキ) 耐熱ガラス ボウル 丸型 5個セット メジャーカップ付き PS-BO-50N
        ",https://www.amazon.co.jp/iwaki-PS-BO-50N-%E3%83%9C%E3%82%A6%E3%83%AB5%E7%82%B9-%E3%83%A1%E3%82%B8%E3%83%A3%E3%83%BC%E3%82%AB%E3%83%83%E3%83%97%E3%82%BB%E3%83%83%E3%83%88/dp/B007CDBUU2?_encoding=UTF8&psc=1
#39,"マキタ コードレス掃除機CL108 カプセル式 標準25分稼働/充電22分 軽量定番モデル 10.8Vバッテリ充電器付 CL108FDSHW
        ",https://www.amazon.co.jp/%E3%83%9E%E3%82%AD%E3%82%BF-Makita-%E5%85%85%E9%9B%BB%E5%BC%8F%E3%82%AF%E3%83%AA%E3%83%BC%E3%83%8A%E3%83%BC-%E3%83%90%E3%83%83%E3%83%86%E3%83%AA%E3%83%BC%E3%83%BB%E5%85%85%E9%9B%BB%E5%99%A8%E4%BB%98-CL108FDSHW/dp/B07GWY3HYD?_encoding=UTF8&psc=1
#40,"AYO 枕 ホテル仕様 高反発枕 横向き対応 丸洗い可能 立体構造43x63cm 家族のプレゼント ホワイト
        ",https://www.amazon.co.jp/AYO-%E8%89%AF%E3%81%84%E9%80%9A%E6%B0%97%E6%80%A7-%E5%BF%AB%E7%9C%A0%E6%9E%95-%E9%AB%98%E7%B4%9A%E3%83%9B%E3%83%86%E3%83%AB%E4%BB%95%E6%A7%98-%E7%AB%8B%E4%BD%93%E6%A7%8B%E9%80%A043x63cm-%E5%AE%B6%E6%97%8F%E3%81%AE%E3%83%97%E3%83%AC%E3%82%BC%E3%83%B3%E3%83%88/dp/B078X97MZ9?_encoding=UTF8&psc=1
#41,"Bedsure カーテン 1級遮光 小窓 ドレープカーテン オレンジ 幅100cm丈110cm 2枚組 断熱 保温 省エネ おしゃれ 昼夜目隠し 遮光カーテン 高級感のある生地 リビングルーム
        ",https://www.amazon.co.jp/Bedsure-%E3%83%89%E3%83%AC%E3%83%BC%E3%83%97%E3%82%AB%E3%83%BC%E3%83%86%E3%83%B3-%E5%B9%85100cm%E4%B8%88110cm-%E9%AB%98%E7%B4%9A%E6%84%9F%E3%81%AE%E3%81%82%E3%82%8B%E7%94%9F%E5%9C%B0-%E3%83%AA%E3%83%93%E3%83%B3%E3%82%B0%E3%83%AB%E3%83%BC%E3%83%A0/dp/B08CXTG47H?_encoding=UTF8&psc=1
#42,"タニタ 体組成計 スマホ 50g 日本製 ゴールド RD-907 GD 医療分野の技術搭載/スマホでデータ管理 インナースキャンデュアル
        ",https://www.amazon.co.jp/%E3%82%BF%E3%83%8B%E3%82%BF-%E4%BD%93%E7%B5%84%E6%88%90%E8%A8%88-RD-907-%E3%82%A4%E3%83%B3%E3%83%8A%E3%83%BC%E3%82%B9%E3%82%AD%E3%83%A3%E3%83%B3%E3%83%87%E3%83%A5%E3%82%A2%E3%83%AB-%E3%82%B9%E3%83%9E%E3%83%9B%E3%81%A7%E3%83%87%E3%83%BC%E3%82%BF%E7%AE%A1%E7%90%86/dp/B01N2I3CKU?_encoding=UTF8&psc=1
#43,"イワタニ カセットフー 達人スリム 【うす型コンロ / 高さ74mm】 CB-AS-1
        ",https://www.amazon.co.jp/%E3%82%A4%E3%83%AF%E3%82%BF%E3%83%8B-%E3%82%AB%E3%82%BB%E3%83%83%E3%83%88%E3%83%95%E3%83%BC-%E3%80%90%E3%81%86%E3%81%99%E5%9E%8B%E3%82%B3%E3%83%B3%E3%83%AD-%E9%AB%98%E3%81%9574mm%E3%80%91-CB-AS-1/dp/B008R7OOJ6?_encoding=UTF8&psc=1
#44,"【キッチン2点セット】 アイリスオーヤマ フライパン 4点セット ガス火/IH対応 ダイヤモンドコート ブラック + アイリスプラザ キッチンワゴン 3段 キャスター付 ベージュ
        ",https://www.amazon.co.jp/%E3%80%90%E3%82%AD%E3%83%83%E3%83%81%E3%83%B32%E7%82%B9%E3%82%BB%E3%83%83%E3%83%88%E3%80%91-%E3%82%A2%E3%82%A4%E3%83%AA%E3%82%B9%E3%82%AA%E3%83%BC%E3%83%A4%E3%83%9E-%E3%83%80%E3%82%A4%E3%83%A4%E3%83%A2%E3%83%B3%E3%83%89%E3%82%B3%E3%83%BC%E3%83%88-%E3%82%A2%E3%82%A4%E3%83%AA%E3%82%B9%E3%83%97%E3%83%A9%E3%82%B6-%E3%82%AD%E3%83%83%E3%83%81%E3%83%B3%E3%83%AF%E3%82%B4%E3%83%B3/dp/B086XS6G8J?_encoding=UTF8&psc=1
#45,"デスクライト TaoTronics LED 目に優しい 電気スタンド 省エネ 学習机 テーブルスタンド 卓上ライト タッチセンサー調光 USBポート付け[国内正規品] TT-DL13 (ブラック)
        ",https://www.amazon.co.jp/TaoTronics-%E3%83%86%E3%83%BC%E3%83%96%E3%83%AB%E3%82%B9%E3%82%BF%E3%83%B3%E3%83%89-%E3%82%BF%E3%83%83%E3%83%81%E3%82%BB%E3%83%B3%E3%82%B5%E3%83%BC%E8%AA%BF%E5%85%89-USB%E3%83%9D%E3%83%BC%E3%83%88%E4%BB%98%E3%81%91-TT-DL13/dp/B07F9NWPKB?_encoding=UTF8&psc=1
#46,"Miriyon 遠赤外線デスクヒーター 省エネパネルヒーター 3時間タイマー付 冷え対策 踏み型 踏み心地良い
        ",https://www.amazon.co.jp/Miriyon-%E9%81%A0%E8%B5%A4%E5%A4%96%E7%B7%9A%E3%83%87%E3%82%B9%E3%82%AF%E3%83%92%E3%83%BC%E3%82%BF%E3%83%BC-%E7%9C%81%E3%82%A8%E3%83%8D%E3%83%91%E3%83%8D%E3%83%AB%E3%83%92%E3%83%BC%E3%82%BF%E3%83%BC-3%E6%99%82%E9%96%93%E3%82%BF%E3%82%A4%E3%83%9E%E3%83%BC%E4%BB%98-%E5%86%B7%E3%81%88%E5%AF%BE%E7%AD%96/dp/B07NDNGQ5H?_encoding=UTF8&psc=1
#47,"【カバー付き ゲルクッション】座布団 ハニカム 無重力デザイン 二重 高反発 クッション 通気性抜群 オフィス 椅子 車 自宅 デスクワーク用
        ",https://www.amazon.co.jp/%E3%80%90%E3%82%AB%E3%83%90%E3%83%BC%E4%BB%98%E3%81%8D-%E3%82%B2%E3%83%AB%E3%82%AF%E3%83%83%E3%82%B7%E3%83%A7%E3%83%B3%E3%80%91%E5%BA%A7%E5%B8%83%E5%9B%A3-%E7%84%A1%E9%87%8D%E5%8A%9B%E3%83%87%E3%82%B6%E3%82%A4%E3%83%B3-%E3%82%AF%E3%83%83%E3%82%B7%E3%83%A7%E3%83%B3-%E3%83%87%E3%82%B9%E3%82%AF%E3%83%AF%E3%83%BC%E3%82%AF%E7%94%A8/dp/B08CN2V55G?_encoding=UTF8&psc=1
#48,"ThermoPro温度計 湿度計室内 小さい温湿度計デジタル 見やすい ブラックTP49
        ",https://www.amazon.co.jp/ThermoPro%E6%B8%A9%E5%BA%A6%E8%A8%88-%E6%B9%BF%E5%BA%A6%E8%A8%88%E5%AE%A4%E5%86%85-%E5%B0%8F%E3%81%95%E3%81%84%E6%B8%A9%E6%B9%BF%E5%BA%A6%E8%A8%88%E3%83%87%E3%82%B8%E3%82%BF%E3%83%AB-%E8%A6%8B%E3%82%84%E3%81%99%E3%81%84-%E3%83%96%E3%83%A9%E3%83%83%E3%82%AFTP49/dp/B07TXP9LX7?_encoding=UTF8&psc=1
#49,"ハウスホールドジャパン レジ袋 とって付 ゴミ分別用ポリ袋 100枚入 白 TR25 約15×35×マチ10cm
        ",https://www.amazon.co.jp/%E3%83%8F%E3%82%A6%E3%82%B9%E3%83%9B%E3%83%BC%E3%83%AB%E3%83%89%E3%82%B8%E3%83%A3%E3%83%91%E3%83%B3-%E3%82%B4%E3%83%9F%E5%88%86%E5%88%A5%E7%94%A8%E3%83%9D%E3%83%AA%E8%A2%8B-100%E6%9E%9A%E5%85%A5-TR25-%E7%B4%8415%C3%9735%C3%97%E3%83%9E%E3%83%8110cm/dp/B08367PFL2?_encoding=UTF8&psc=1
#50,"クイックルハンディ替え 大容量パック 12枚
        ",https://www.amazon.co.jp/%E3%82%AF%E3%82%A4%E3%83%83%E3%82%AF%E3%83%AB-%E3%82%AF%E3%82%A4%E3%83%83%E3%82%AF%E3%83%AB%E3%83%8F%E3%83%B3%E3%83%87%E3%82%A3%E6%9B%BF%E3%81%88-%E5%A4%A7%E5%AE%B9%E9%87%8F%E3%83%91%E3%83%83%E3%82%AF-12%E6%9E%9A/dp/B07GQPQTJG?_encoding=UTF8&psc=1
