#1,"SwitchBot スイッチボット スマートホーム 学習リモコン Alexa - Google Home IFTTT イフト Siriに対応 SwitchBot Hub Mini
        ",https://www.amazon.co.jp/SwitchBot-%E3%82%B9%E3%82%A4%E3%83%83%E3%83%81%E3%83%9C%E3%83%83%E3%83%88-%E3%82%B9%E3%83%9E%E3%83%BC%E3%83%88%E3%83%9B%E3%83%BC%E3%83%A0-%E5%AD%A6%E7%BF%92%E3%83%AA%E3%83%A2%E3%82%B3%E3%83%B3-Alexa/dp/B07TTH5TMW?_encoding=UTF8&psc=1
#2,"チャオ (CIAO) 猫用おやつ ちゅ~る まぐろバラエティ 14g×20本入
        ",https://www.amazon.co.jp/%E3%83%81%E3%83%A3%E3%82%AA-CIAO-CIAO%E3%81%A1%E3%82%85%E3%83%BC%E3%82%8B-%E3%81%BE%E3%81%90%E3%82%8D%E3%83%90%E3%83%A9%E3%82%A8%E3%83%86%E3%82%A3-14g%C3%9720%E6%9C%AC%E5%85%A5/dp/B06XF9NSFK?_encoding=UTF8&psc=1
#3,"チャオ (CIAO) 猫用おやつ ちゅ~る シーフードバラエティ 14g×20本入
        ",https://www.amazon.co.jp/%E3%83%81%E3%83%A3%E3%82%AA-CIAO-CIAO%E3%81%A1%E3%82%85%E3%83%BC%E3%82%8B-%E3%82%B7%E3%83%BC%E3%83%95%E3%83%BC%E3%83%89%E3%83%90%E3%83%A9%E3%82%A8%E3%83%86%E3%82%A3-14g%C3%9720%E6%9C%AC%E5%85%A5/dp/B06XFTDH3Q?_encoding=UTF8&psc=1
#4,"【Amazon.co.jp限定】 ピュリナ ワン キャットフード 避妊・去勢した猫の体重ケア 避妊・去勢後から全ての年齢に ターキー 4.4kg(400g×11袋入)
        ",https://www.amazon.co.jp/%E3%80%90Amazon-co-jp%E9%99%90%E5%AE%9A%E3%80%91-%E3%83%94%E3%83%A5%E3%83%AA%E3%83%8A-%E3%83%AF%E3%83%B3-%E9%81%BF%E5%A6%8A%E3%83%BB%E5%8E%BB%E5%8B%A2%E3%81%97%E3%81%9F%E7%8C%AB%E3%81%AE%E4%BD%93%E9%87%8D%E3%82%B1%E3%82%A2-%E5%AD%90%E3%81%AD%E3%81%93%E3%81%8B%E3%82%89%E5%85%A8%E3%81%A6%E3%81%AE%E5%B9%B4%E9%BD%A2%E3%81%AB/dp/B07PTRRVD3?_encoding=UTF8&psc=1
#5,"【Amazon.co.jp限定】 ニオイをとる砂 猫砂 5.5Lx4袋 (ケース販売)
        ",https://www.amazon.co.jp/%E3%80%90Amazon-co-jp%E9%99%90%E5%AE%9A%E3%80%91-%E3%83%8B%E3%82%AA%E3%82%A4%E3%82%92%E3%81%A8%E3%82%8B%E7%A0%82-%E7%8C%AB%E7%A0%82-5-5L%C3%974%E8%A2%8B-%E3%82%B1%E3%83%BC%E3%82%B9%E8%B2%A9%E5%A3%B2/dp/B07YV55TNL?_encoding=UTF8&psc=1
#6,"ニャンとも清潔トイレ 脱臭・抗菌チップ 大容量 大きめ 4.4L [猫砂]
        ",https://www.amazon.co.jp/%E3%83%8B%E3%83%A3%E3%83%B3%E3%81%A8%E3%82%82%E6%B8%85%E6%BD%94%E3%83%88%E3%82%A4%E3%83%AC-%E8%84%B1%E8%87%AD%E3%83%BB%E6%8A%97%E8%8F%8C%E3%83%81%E3%83%83%E3%83%97%E5%A4%A7%E3%81%8D%E3%82%81-4-4L-%E7%8C%AB%E7%A0%82/dp/B07D4RZHDF?_encoding=UTF8&psc=1
#7,"チャオ (CIAO) 猫用おやつ ちゅ~る とりささみバラエティ 14g×20本入
        ",https://www.amazon.co.jp/%E3%83%81%E3%83%A3%E3%82%AA-CIAO-CIAO%E3%81%A1%E3%82%85%E3%83%BC%E3%82%8B-%E3%81%A8%E3%82%8A%E3%81%95%E3%81%95%E3%81%BF%E3%83%90%E3%83%A9%E3%82%A8%E3%83%86%E3%82%A3-14g%C3%9720%E6%9C%AC%E5%85%A5/dp/B06XFKQ561?_encoding=UTF8&psc=1
#8,"[Amazonブランド]Wag ペットシーツ 薄型 スーパーワイド 1回使い捨て 75枚
        ",https://www.amazon.co.jp/Amazon%E3%83%96%E3%83%A9%E3%83%B3%E3%83%89-Wag-%E3%83%9A%E3%83%83%E3%83%88%E3%82%B7%E3%83%BC%E3%83%84-%E3%82%B9%E3%83%BC%E3%83%91%E3%83%BC%E3%83%AF%E3%82%A4%E3%83%89-1%E5%9B%9E%E4%BD%BF%E3%81%84%E6%8D%A8%E3%81%A6/dp/B07JWMR57D?_encoding=UTF8&psc=1
#9,"いなば 猫用おやつ 焼かつお かつおミックス味 12本入
        ",https://www.amazon.co.jp/%E3%81%84%E3%81%AA%E3%81%B0%E3%83%9A%E3%83%83%E3%83%88%E3%83%95%E3%83%BC%E3%83%89-%E3%81%84%E3%81%AA%E3%81%B0-%E3%81%8B%E3%81%A4%E3%81%8A%E3%83%9F%E3%83%83%E3%82%AF%E3%82%B9%E5%91%B3-12%E6%9C%AC/dp/B01CRO34HW?_encoding=UTF8&psc=1
#10,"チャオ (CIAO) 猫用おやつ ちゅ~る まぐろ 海鮮ミックス味 14g×20本入
        ",https://www.amazon.co.jp/%E3%83%81%E3%83%A3%E3%82%AA-CIAO-CIAO%E3%81%A1%E3%82%85%E3%83%BC%E3%82%8B-%E6%B5%B7%E9%AE%AE%E3%83%9F%E3%83%83%E3%82%AF%E3%82%B9%E5%91%B3-14g%C3%9720%E6%9C%AC%E5%85%A5/dp/B00N4OD4WU?_encoding=UTF8&psc=1
#11,"サンテックオプト ペット用ウンチ処理袋ポイ太くん 200枚入り
        ",https://www.amazon.co.jp/%E3%82%B5%E3%83%B3%E3%83%86%E3%83%83%E3%82%AF%E3%82%AA%E3%83%97%E3%83%88-%E3%83%9A%E3%83%83%E3%83%88%E7%94%A8%E3%82%A6%E3%83%B3%E3%83%81%E5%87%A6%E7%90%86%E8%A2%8B%E3%83%9D%E3%82%A4%E5%A4%AA%E3%81%8F%E3%82%93-200%E6%9E%9A%E5%85%A5%E3%82%8A/dp/B001E55S7K?_encoding=UTF8&psc=1
#12,"花王 ニャンとも清潔トイレ 脱臭・抗菌チップ 大きめの粒 2.5L×3個 [システムトイレ用]
        ",https://www.amazon.co.jp/%E3%83%8B%E3%83%A3%E3%83%B3%E3%81%A8%E3%82%82%E6%B8%85%E6%BD%94%E3%83%88%E3%82%A4%E3%83%AC-%E8%84%B1%E8%87%AD%E3%83%BB%E6%8A%97%E8%8F%8C%E3%83%81%E3%83%83%E3%83%97-%E5%A4%A7%E3%81%8D%E3%82%81%E3%81%AE%E7%B2%92-2-5L%C3%973%E5%80%8B-%E3%82%B7%E3%82%B9%E3%83%86%E3%83%A0%E3%83%88%E3%82%A4%E3%83%AC%E7%94%A8/dp/B00EYXIQ1E?_encoding=UTF8&psc=1
#13,"【セット買い】いなば キャットフード 金のだし カップ まぐろバラエティパック 70g×12個パック & キャットフード 金のだし カップ かつおバラエティパック 70g×12個パック
        ",https://www.amazon.co.jp/%E3%80%90%E3%82%BB%E3%83%83%E3%83%88%E8%B2%B7%E3%81%84%E3%80%91%E3%81%84%E3%81%AA%E3%81%B0-%E3%82%AD%E3%83%A3%E3%83%83%E3%83%88%E3%83%95%E3%83%BC%E3%83%89-%E3%81%BE%E3%81%90%E3%82%8D%E3%83%90%E3%83%A9%E3%82%A8%E3%83%86%E3%82%A3%E3%83%91%E3%83%83%E3%82%AF-70g%C3%9712%E5%80%8B%E3%83%91%E3%83%83%E3%82%AF-%E3%81%8B%E3%81%A4%E3%81%8A%E3%83%90%E3%83%A9%E3%82%A8%E3%83%86%E3%82%A3%E3%83%91%E3%83%83%E3%82%AF/dp/B08514PRHL?_encoding=UTF8&psc=1
#14,"花王 ニャンとも清潔トイレ 脱臭・抗菌マット 6枚入り [猫用トイレ]
        ",https://www.amazon.co.jp/%E8%8A%B1%E7%8E%8B-%E3%83%8B%E3%83%A3%E3%83%B3%E3%81%A8%E3%82%82%E6%B8%85%E6%BD%94%E3%83%88%E3%82%A4%E3%83%AC-%E8%84%B1%E8%87%AD%E3%83%BB%E6%8A%97%E8%8F%8C%E3%83%9E%E3%83%83%E3%83%88-6%E6%9E%9A%E5%85%A5%E3%82%8A-%E7%8C%AB%E7%94%A8%E3%83%88%E3%82%A4%E3%83%AC/dp/B000T9666Y?_encoding=UTF8&psc=1
#15,"ふく福 可愛い ペット犬服 Tシャツ 秋冬衣装 柔らかい サンゴフリース 防寒 コート 人気 ファッション小型犬 中型犬 春秋冬服 お散歩お出かけウェアに (S, ウサギ)
        ",https://www.amazon.co.jp/%E3%81%B5%E3%81%8F%E7%A6%8F-%E3%83%9A%E3%83%83%E3%83%88%E7%8A%AC%E6%9C%8D-%E3%82%B5%E3%83%B3%E3%82%B4%E3%83%95%E3%83%AA%E3%83%BC%E3%82%B9-%E3%83%95%E3%82%A1%E3%83%83%E3%82%B7%E3%83%A7%E3%83%B3%E5%B0%8F%E5%9E%8B%E7%8A%AC-%E3%81%8A%E6%95%A3%E6%AD%A9%E3%81%8A%E5%87%BA%E3%81%8B%E3%81%91%E3%82%A6%E3%82%A7%E3%82%A2%E3%81%AB/dp/B0768B26LH?_encoding=UTF8&psc=1
#16,"ドギーマン 犬用おやつ 無添加良品アキレススティック チキン 100g
        ",https://www.amazon.co.jp/%E3%83%89%E3%82%AE%E3%83%BC%E3%83%9E%E3%83%B3-%E7%84%A1%E6%B7%BB%E5%8A%A0%E8%89%AF%E5%93%81%E3%82%A2%E3%82%AD%E3%83%AC%E3%82%B9%E3%82%B9%E3%83%86%E3%82%A3%E3%83%83%E3%82%AF100g/dp/B004PGZEMY?_encoding=UTF8&psc=1
#17,"ピュリナ ワン 1歳までの子ねこ用 妊娠・授乳期の母猫用 チキン 2.2kg(550g×4袋) [キャットフード]
        ",https://www.amazon.co.jp/%E3%83%94%E3%83%A5%E3%83%AA%E3%83%8A-%E3%83%AF%E3%83%B3-1%E6%AD%B3%E3%81%BE%E3%81%A7%E3%81%AE%E5%AD%90%E3%81%AD%E3%81%93%E7%94%A8-%E5%A6%8A%E5%A8%A0%E3%83%BB%E6%8E%88%E4%B9%B3%E6%9C%9F%E3%81%AE%E6%AF%8D%E7%8C%AB%E7%94%A8-550g%C3%974%E8%A2%8B/dp/B00EN6Q7HM?_encoding=UTF8&psc=1
#18,"カルカン パウチ お魚ミックス まぐろ・かつお・白身魚入り キャットフード 成猫用 70g×8袋 (まとめ買い)
        ",https://www.amazon.co.jp/%E3%82%AB%E3%83%AB%E3%82%AB%E3%83%B3-%E3%81%8A%E9%AD%9A%E3%83%9F%E3%83%83%E3%82%AF%E3%82%B9-%E3%81%BE%E3%81%90%E3%82%8D%E3%83%BB%E3%81%8B%E3%81%A4%E3%81%8A%E3%83%BB%E7%99%BD%E8%BA%AB%E9%AD%9A%E5%85%A5%E3%82%8A-70g%C3%978%E8%A2%8B-%E3%82%AD%E3%83%A3%E3%83%83%E3%83%88%E3%83%95%E3%83%BC%E3%83%89/dp/B07B68TDNX?_encoding=UTF8&psc=1
#19,"【セット買い】ペティオ (Petio) 猫用おもちゃ けりぐるみ エビ & (Petio) necoco つめみがきホルダー 猫用
        ",https://www.amazon.co.jp/%E3%80%90%E3%82%BB%E3%83%83%E3%83%88%E8%B2%B7%E3%81%84%E3%80%91%E3%83%9A%E3%83%86%E3%82%A3%E3%82%AA-Petio-%E7%8C%AB%E7%94%A8%E3%81%8A%E3%82%82%E3%81%A1%E3%82%83-necoco-%E3%81%A4%E3%82%81%E3%81%BF%E3%81%8C%E3%81%8D%E3%83%9B%E3%83%AB%E3%83%80%E3%83%BC/dp/B07ZVLL5DD?_encoding=UTF8&psc=1
#20,"ロイヤルカナン FHN キトン 子猫用 2kg
        ",https://www.amazon.co.jp/%E3%83%AD%E3%82%A4%E3%83%A4%E3%83%AB%E3%82%AB%E3%83%8A%E3%83%B3-FHN-%E3%82%AD%E3%83%88%E3%83%B3-%E5%AD%90%E7%8C%AB%E7%94%A8-2kg/dp/B000OLFXRU?_encoding=UTF8&psc=1
#21,"【返金キャンペーン中】【Amazon.co.jp限定】 花王 ニャンとも清潔トイレセット [約1か月分チップ・シート付] ビンテージネイビー オープンタイプ
        ",https://www.amazon.co.jp/%E3%80%90Amazon-co-jp%E9%99%90%E5%AE%9A%E3%80%91-%E3%83%8B%E3%83%A3%E3%83%B3%E3%81%A8%E3%82%82%E6%B8%85%E6%BD%94%E3%83%88%E3%82%A4%E3%83%AC%E3%82%BB%E3%83%83%E3%83%88-%E7%B4%841%E3%81%8B%E6%9C%88%E5%88%86%E3%83%81%E3%83%83%E3%83%97%E3%83%BB%E3%82%B7%E3%83%BC%E3%83%88%E4%BB%98-%E3%82%AA%E3%83%BC%E3%83%97%E3%83%B3%E3%82%BF%E3%82%A4%E3%83%97-%E3%83%93%E3%83%B3%E3%83%86%E3%83%BC%E3%82%B8%E3%83%8D%E3%82%A4%E3%83%93%E3%83%BC/dp/B07SLMP482?_encoding=UTF8&psc=1
#22,"チャオ (CIAO) 猫用おやつ ちゅ~る とりささみ 海鮮ミックス味 14g×20本入
        ",https://www.amazon.co.jp/%E3%83%81%E3%83%A3%E3%82%AA-CIAO-CIAO%E3%81%A1%E3%82%85%E3%83%BC%E3%82%8B-%E6%B5%B7%E9%AE%AE%E3%83%9F%E3%83%83%E3%82%AF%E3%82%B9%E5%91%B3-14g%C3%9720%E6%9C%AC%E5%85%A5/dp/B00N4OD7RW?_encoding=UTF8&psc=1
#23,"常陸化工 トイレに流せる木製猫砂 6L×6個 (ケース販売)
        ",https://www.amazon.co.jp/%E5%B8%B8%E9%99%B8%E5%8C%96%E5%B7%A5-%E3%83%88%E3%82%A4%E3%83%AC%E3%81%AB%E6%B5%81%E3%81%9B%E3%82%8B%E6%9C%A8%E8%A3%BD%E7%8C%AB%E7%A0%82-6L%C3%976%E5%80%8B-%E3%82%B1%E3%83%BC%E3%82%B9%E8%B2%A9%E5%A3%B2/dp/B00KIHYZUQ?_encoding=UTF8&psc=1
#24,"アイリスオーヤマ キャット ケージ ミニ 2段 ホワイト 幅69×高115cm
        ",https://www.amazon.co.jp/%E3%82%A2%E3%82%A4%E3%83%AA%E3%82%B9%E3%82%AA%E3%83%BC%E3%83%A4%E3%83%9E-%E3%82%AD%E3%83%A3%E3%83%83%E3%83%88-%E3%82%B1%E3%83%BC%E3%82%B8-%E3%83%9B%E3%83%AF%E3%82%A4%E3%83%88-W69%C3%97D54-5%C3%97H115cm/dp/B01J0NOXYG?_encoding=UTF8&psc=1
#25,"【Amazon.co.jp限定】 ニオイをとる砂 猫砂 フローラルソープ 1) 5.5Lx4袋 (ケース販売)
        ",https://www.amazon.co.jp/%E3%80%90Amazon-co-jp%E9%99%90%E5%AE%9A%E3%80%91-%E3%83%8B%E3%82%AA%E3%82%A4%E3%82%92%E3%81%A8%E3%82%8B%E7%A0%82-%E3%83%95%E3%83%AD%E3%83%BC%E3%83%A9%E3%83%AB%E3%82%BD%E3%83%BC%E3%83%97-5-5Lx4%E8%A2%8B-%E3%82%B1%E3%83%BC%E3%82%B9%E8%B2%A9%E5%A3%B2/dp/B086LR5R38?_encoding=UTF8&psc=1
#26,"【2020年最新改良型】 NPET ペット自動給水器 WF050TP 二年間保証 蛇口式 1.5Ｌ 猫/中小犬用
        ",https://www.amazon.co.jp/%E3%80%902020%E5%B9%B4%E6%9C%80%E6%96%B0%E6%94%B9%E8%89%AF%E5%9E%8B%E3%80%91-NPET-%E3%83%9A%E3%83%83%E3%83%88%E8%87%AA%E5%8B%95%E7%B5%A6%E6%B0%B4%E5%99%A8-WF050TP-%E4%BA%8C%E5%B9%B4%E9%96%93%E4%BF%9D%E8%A8%BC/dp/B0868KMNWJ?_encoding=UTF8&psc=1
#27,"【Amazon.co.jp限定】 ニオイをとる砂 猫砂 リラックスグリーンの香り 5.5L×4袋 (ケース販売)
        ",https://www.amazon.co.jp/%E3%80%90Amazon-co-jp%E9%99%90%E5%AE%9A%E3%80%91%E3%83%A9%E3%82%A4%E3%82%AA%E3%83%B3-%E3%83%8B%E3%82%AA%E3%82%A4%E3%82%92%E3%81%A8%E3%82%8B%E7%A0%82-%E3%83%AA%E3%83%A9%E3%83%83%E3%82%AF%E3%82%B9%E3%82%B0%E3%83%AA%E3%83%BC%E3%83%B3%E3%81%AE%E9%A6%99%E3%82%8A-5-5L%C3%974%E8%A2%8B-%E3%82%B1%E3%83%BC%E3%82%B9%E8%B2%A9%E5%A3%B2/dp/B081NSLTVM?_encoding=UTF8&psc=1
#28,"いなば キャットフード 金のだし カップ かつおバラエティパック 70g×12個パック
        ",https://www.amazon.co.jp/%E3%81%84%E3%81%AA%E3%81%B0-%E9%87%91%E3%81%AE%E3%81%A0%E3%81%97-%E3%82%AB%E3%83%83%E3%83%97-%E3%81%8B%E3%81%A4%E3%81%8A%E3%83%90%E3%83%A9%E3%82%A8%E3%83%86%E3%82%A3%E3%83%91%E3%83%83%E3%82%AF-70g%C3%9712%E5%80%8B%E3%83%91%E3%83%83%E3%82%AF/dp/B014R0G9GC?_encoding=UTF8&psc=1
#29,"[Amazonブランド]Wag ペットシーツ 厚型 スーパーワイド 20枚×2袋(40枚)
        ",https://www.amazon.co.jp/Amazon%E3%83%96%E3%83%A9%E3%83%B3%E3%83%89-Wag-%E3%83%9A%E3%83%83%E3%83%88%E3%82%B7%E3%83%BC%E3%83%84-%E3%82%B9%E3%83%BC%E3%83%91%E3%83%BC%E3%83%AF%E3%82%A4%E3%83%89-20%E6%9E%9A%C3%972%E8%A2%8B/dp/B085DVHBD3?_encoding=UTF8&psc=1
#30,"お茶でニオイをとる砂 猫砂 1) 7Lx4袋 (ケース販売)
        ",https://www.amazon.co.jp/%E3%83%8B%E3%82%AA%E3%82%A4%E3%82%92%E3%81%A8%E3%82%8B%E7%A0%82-%E3%81%8A%E8%8C%B6%E3%81%A7%E3%83%8B%E3%82%AA%E3%82%A4%E3%82%92%E3%81%A8%E3%82%8B%E7%A0%82-%E7%8C%AB%E7%A0%82-7L%C3%974-%E3%82%B1%E3%83%BC%E3%82%B9%E8%B2%A9%E5%A3%B2/dp/B012UO72VI?_encoding=UTF8&psc=1
#31,"ロイヤルカナン ドッグフード 消化器サポート(低脂肪) 3kg
        ",https://www.amazon.co.jp/%E3%83%AD%E3%82%A4%E3%83%A4%E3%83%AB%E3%82%AB%E3%83%8A%E3%83%B3-%E3%83%89%E3%83%83%E3%82%B0%E3%83%95%E3%83%BC%E3%83%89-%E6%B6%88%E5%8C%96%E5%99%A8%E3%82%B5%E3%83%9D%E3%83%BC%E3%83%88-%E4%BD%8E%E8%84%82%E8%82%AA-3kg/dp/B0011NFUKU?_encoding=UTF8&psc=1
#32,"ヒルズ サイエンス・ダイエット ドッグフード 成犬用 アダルト 1歳以上 小粒 チキン 1.4kg
        ",https://www.amazon.co.jp/%E3%83%92%E3%83%AB%E3%82%BA%E3%81%AE%E3%82%B5%E3%82%A4%E3%82%A8%E3%83%B3%E3%82%B9%E3%83%BB%E3%83%80%E3%82%A4%E3%82%A8%E3%83%83%E3%83%88-%E3%83%89%E3%83%83%E3%82%B0%E3%83%95%E3%83%BC%E3%83%89-%E3%82%A2%E3%83%80%E3%83%AB%E3%83%88-1%E6%AD%B3%E4%BB%A5%E4%B8%8A-1-4kg/dp/B06XBMZF5S?_encoding=UTF8&psc=1
#33,"ライオン (LION) ニオイをとる砂 ニオイをとる紙の猫砂 10L
        ",https://www.amazon.co.jp/%E3%83%8B%E3%82%AA%E3%82%A4%E3%82%92%E3%81%A8%E3%82%8B%E7%A0%82-4903351004436-%E3%83%8B%E3%82%AA%E3%82%A4%E3%82%92%E3%81%A8%E3%82%8B%E7%B4%99%E3%81%AE%E7%8C%AB%E7%A0%82-10L/dp/B079RTMPB2?_encoding=UTF8&psc=1
#34,"[Amazonブランド]SOLIMO ちゅ~る 猫用おやつ まぐろ・とりささみバラエティ 14g×30本
        ",https://www.amazon.co.jp/Amazon%E3%83%96%E3%83%A9%E3%83%B3%E3%83%89-SOLIMO-%E7%8C%AB%E7%94%A8%E3%81%8A%E3%82%84%E3%81%A4-%E3%81%BE%E3%81%90%E3%82%8D%E3%83%BB%E3%81%A8%E3%82%8A%E3%81%95%E3%81%95%E3%81%BF%E3%83%90%E3%83%A9%E3%82%A8%E3%83%86%E3%82%A3-14g%C3%9730%E6%9C%AC/dp/B08J4L3PBL?_encoding=UTF8&psc=1
#35,"モンプチ クリスピーキッス バラエティーパック 贅沢シリーズ 180g
        ",https://www.amazon.co.jp/%E3%83%A2%E3%83%B3%E3%83%97%E3%83%81-%E3%82%AF%E3%83%AA%E3%82%B9%E3%83%94%E3%83%BC%E3%82%AD%E3%83%83%E3%82%B9-%E3%83%90%E3%83%A9%E3%82%A8%E3%83%86%E3%82%A3%E3%83%BC%E3%83%91%E3%83%83%E3%82%AF-%E8%B4%85%E6%B2%A2%E3%82%B7%E3%83%AA%E3%83%BC%E3%82%BA-180g/dp/B07GPZQJQT?_encoding=UTF8&psc=1
#36,"ヒルズ サイエンス・ダイエット キャットフード インドアキャット アダルト 1歳~6歳 室内猫の体重・毛玉ケア チキン 成猫用 1.8kg
        ",https://www.amazon.co.jp/%E3%83%92%E3%83%AB%E3%82%BA%E3%81%AE%E3%82%B5%E3%82%A4%E3%82%A8%E3%83%B3%E3%82%B9%E3%83%BB%E3%83%80%E3%82%A4%E3%82%A8%E3%83%83%E3%83%88-%E3%82%AD%E3%83%A3%E3%83%83%E3%83%88%E3%83%95%E3%83%BC%E3%83%89-%E3%82%A4%E3%83%B3%E3%83%89%E3%82%A2%E3%82%AD%E3%83%A3%E3%83%83%E3%83%88-%E5%AE%A4%E5%86%85%E9%A3%BC%E3%81%84%E7%8C%AB%E7%94%A8-600g%C3%973%E8%A2%8B/dp/B00MGL2E0K?_encoding=UTF8&psc=1
#37,"【2袋セット】ロイヤルカナン 食事療法食 猫用 ユリナリーS/O オルファクトリー ライト 4kg (旧 pHコントロール オルファクトリー)
        ",https://www.amazon.co.jp/%E3%80%902%E8%A2%8B%E3%82%BB%E3%83%83%E3%83%88%E3%80%91%E3%83%AD%E3%82%A4%E3%83%A4%E3%83%AB%E3%82%AB%E3%83%8A%E3%83%B3-%E9%A3%9F%E4%BA%8B%E7%99%82%E6%B3%95%E9%A3%9F-%E3%83%A6%E3%83%AA%E3%83%8A%E3%83%AA%E3%83%BCS-%E3%82%AA%E3%83%AB%E3%83%95%E3%82%A1%E3%82%AF%E3%83%88%E3%83%AA%E3%83%BC-pH%E3%82%B3%E3%83%B3%E3%83%88%E3%83%AD%E3%83%BC%E3%83%AB/dp/B07TDHD7XM?_encoding=UTF8&psc=1
#38,"ピュリナ ワン ピュリナ ワン 成猫用(1歳以上) 室内飼い猫用 インドアキャット サーモン 2.2kg(550g×4袋) [キャットフード]
        ",https://www.amazon.co.jp/%E3%83%94%E3%83%A5%E3%83%AA%E3%83%8A-%E3%83%AF%E3%83%B3-%E3%82%A4%E3%83%B3%E3%83%89%E3%82%A2%E3%82%AD%E3%83%A3%E3%83%83%E3%83%88-550g%C3%974%E8%A2%8B-%E3%82%AD%E3%83%A3%E3%83%83%E3%83%88%E3%83%95%E3%83%BC%E3%83%89/dp/B00EN6QA2O?_encoding=UTF8&psc=1
#39,"ジェックス 活性炭スリムマット 6個入
        ",https://www.amazon.co.jp/%E3%82%B8%E3%82%A7%E3%83%83%E3%82%AF%E3%82%B9-18325-%E6%B4%BB%E6%80%A7%E7%82%AD%E3%82%B9%E3%83%AA%E3%83%A0%E3%83%9E%E3%83%83%E3%83%886%E5%80%8B%E5%85%A5-%E3%82%B9%E3%83%AA%E3%83%A0%E3%83%95%E3%82%A3%E3%83%AB%E3%82%BF%E3%83%BC%E7%94%A8%E4%BA%A4%E6%8F%9B%E3%82%8D%E9%81%8E%E6%9D%90/dp/B06XCFSSKY?_encoding=UTF8&psc=1
#40,"アイリスオーヤマ ウェットティッシュ 厚型 (抗菌・消臭効果のある銀イオン配合 国産) ペット用 (80枚入×3P)×3
        ",https://www.amazon.co.jp/%E3%82%A2%E3%82%A4%E3%83%AA%E3%82%B9%E3%82%AA%E3%83%BC%E3%83%A4%E3%83%9E-%E3%83%9A%E3%83%83%E3%83%88%E7%94%A8%E3%82%A6%E3%82%A7%E3%83%83%E3%83%88%E3%83%86%E3%82%A3%E3%83%83%E3%82%B7%E3%83%A5-%E5%8E%9A%E5%9E%8B-80%E6%9E%9A%E5%85%A5%C3%973P-%C3%973/dp/B01I4W3URK?_encoding=UTF8&psc=1
#41,"ニャンとも清潔トイレ 脱臭・抗菌チップ 大容量 小さめ4.4L [猫砂]
        ",https://www.amazon.co.jp/%E3%83%8B%E3%83%A3%E3%83%B3%E3%81%A8%E3%82%82%E6%B8%85%E6%BD%94%E3%83%88%E3%82%A4%E3%83%AC-%E8%84%B1%E8%87%AD%E3%83%BB%E6%8A%97%E8%8F%8C%E3%83%81%E3%83%83%E3%83%97%E5%B0%8F%E3%81%95%E3%82%814-4L-%E7%8C%AB%E7%A0%82/dp/B07D4QSZGT?_encoding=UTF8&psc=1
#42,"【セット買い】チャオ (CIAO) 猫用おやつ ちゅ~る 総合栄養食 まぐろ 海鮮ミックス味 14g×20本入 & (CIAO) 猫用おやつ ちゅ~る かつお かつお節ミックス味 14g×20本入
        ",https://www.amazon.co.jp/%E3%80%90%E3%82%BB%E3%83%83%E3%83%88%E8%B2%B7%E3%81%84%E3%80%91%E3%83%81%E3%83%A3%E3%82%AA-CIAO-%E6%B5%B7%E9%AE%AE%E3%83%9F%E3%83%83%E3%82%AF%E3%82%B9%E5%91%B3-14g%C3%9720%E6%9C%AC%E5%85%A5-%E3%81%8B%E3%81%A4%E3%81%8A%E7%AF%80%E3%83%9F%E3%83%83%E3%82%AF%E3%82%B9%E5%91%B3/dp/B085154SFM?_encoding=UTF8&psc=1
#43,"ジェックス ラビレット ヒノキア消臭砂6.5L トイレに流せるヒノキのトイレ砂 消臭成分配合
        ",https://www.amazon.co.jp/%E3%82%B8%E3%82%A7%E3%83%83%E3%82%AF%E3%82%B9-%E3%83%A9%E3%83%93%E3%83%AC%E3%83%83%E3%83%88-%E3%83%92%E3%83%8E%E3%82%AD%E3%82%A2%E6%B6%88%E8%87%AD%E7%A0%826-5L-%E3%83%88%E3%82%A4%E3%83%AC%E3%81%AB%E6%B5%81%E3%81%9B%E3%82%8B%E3%83%92%E3%83%8E%E3%82%AD%E3%81%AE%E3%83%88%E3%82%A4%E3%83%AC%E7%A0%82-%E6%B6%88%E8%87%AD%E6%88%90%E5%88%86%E9%85%8D%E5%90%88/dp/B07PGZN9C3?_encoding=UTF8&psc=1
#44,"ライオン (LION) ペットキレイ 除菌できるウェットティッシュ 80枚入り 4個パック
        ",https://www.amazon.co.jp/%E3%83%9A%E3%83%83%E3%83%88%E3%82%AD%E3%83%AC%E3%82%A4-%E9%99%A4%E8%8F%8C%E3%81%A7%E3%81%8D%E3%82%8B%E3%82%A6%E3%82%A7%E3%83%83%E3%83%88%E3%83%86%E3%82%A3%E3%83%83%E3%82%B7%E3%83%A5-80%E6%9E%9A%E5%85%A5%E3%82%8A-4%E5%80%8B%E3%83%91%E3%83%83%E3%82%AF/dp/B07B5B135T?_encoding=UTF8&psc=1
#45,"ヒルズ サイエンス・ダイエット ドッグフード 肥満傾向の高齢犬用 シニアライト 7歳以上 小粒 チキン 1.4kg
        ",https://www.amazon.co.jp/%E3%83%92%E3%83%AB%E3%82%BA%E3%81%AE%E3%82%B5%E3%82%A4%E3%82%A8%E3%83%B3%E3%82%B9%E3%83%BB%E3%83%80%E3%82%A4%E3%82%A8%E3%83%83%E3%83%88-%E3%83%89%E3%83%83%E3%82%B0%E3%83%95%E3%83%BC%E3%83%89-%E3%82%B7%E3%83%8B%E3%82%A2%E3%83%A9%E3%82%A4%E3%83%88-%E8%82%A5%E6%BA%80%E5%82%BE%E5%90%91%E3%81%AE%E9%AB%98%E9%BD%A2%E7%8A%AC%E7%94%A8-1-4kg/dp/B06XBWFSQJ?_encoding=UTF8&psc=1
#46,"ロイヤルカナン ベッツプラン Vets Plan セレクトスキンケア 犬 ドライ 3kg
        ",https://www.amazon.co.jp/%E3%83%AD%E3%82%A4%E3%83%A4%E3%83%AB%E3%82%AB%E3%83%8A%E3%83%B3-%E3%83%99%E3%83%83%E3%83%84%E3%83%97%E3%83%A9%E3%83%B3-Vets-Plan-%E3%82%BB%E3%83%AC%E3%82%AF%E3%83%88%E3%82%B9%E3%82%AD%E3%83%B3%E3%82%B1%E3%82%A2/dp/B0011Z2FFG?_encoding=UTF8&psc=1
#47,"ビューティープロ ビューティープロ キャット 猫下部尿路の健康維持 1歳から フィッシュ味 1.4kg
        ",https://www.amazon.co.jp/%E3%83%93%E3%83%A5%E3%83%BC%E3%83%86%E3%82%A3%E3%83%BC%E3%83%97%E3%83%AD-%E3%82%AD%E3%83%A3%E3%83%83%E3%83%88-%E7%8C%AB%E4%B8%8B%E9%83%A8%E5%B0%BF%E8%B7%AF%E3%81%AE%E5%81%A5%E5%BA%B7%E7%B6%AD%E6%8C%81-%E3%83%95%E3%82%A3%E3%83%83%E3%82%B7%E3%83%A5%E5%91%B3-1-4kg/dp/B007F45NX8?_encoding=UTF8&psc=1
#48,"[Amazon限定ブランド] アイリスオーヤマ ペットシーツ 超厚型 お徳用 ワイド 100枚入
        ",https://www.amazon.co.jp/%E3%80%90Amazon-co-jp%E9%99%90%E5%AE%9A%E3%80%91%E3%82%A2%E3%82%A4%E3%83%AA%E3%82%B9%E3%82%AA%E3%83%BC%E3%83%A4%E3%83%9E-%E3%83%9A%E3%83%83%E3%83%88%E3%82%B7%E3%83%BC%E3%83%84-%E8%B6%85%E5%8E%9A%E5%9E%8B-100%E6%9E%9A%E5%85%A5%E3%82%8A-%E3%82%B1%E3%83%BC%E3%82%B9%E8%B2%A9%E5%A3%B2/dp/B00GHJ0TRW?_encoding=UTF8&psc=1
#49,"花王 ニャンとも清潔トイレ 脱臭・抗菌シート 4枚入 [猫用システムトイレシート]
        ",https://www.amazon.co.jp/%E8%8A%B1%E7%8E%8B-%E3%83%8B%E3%83%A3%E3%83%B3%E3%81%A8%E3%82%82%E6%B8%85%E6%BD%94%E3%83%88%E3%82%A4%E3%83%AC-%E8%84%B1%E8%87%AD%E3%83%BB%E6%8A%97%E8%8F%8C%E3%82%B7%E3%83%BC%E3%83%88-4%E6%9E%9A%E5%85%A5-%E7%8C%AB%E7%94%A8%E3%82%B7%E3%82%B9%E3%83%86%E3%83%A0%E3%83%88%E3%82%A4%E3%83%AC%E3%82%B7%E3%83%BC%E3%83%88/dp/B06XDMT5F8?_encoding=UTF8&psc=1
#50,"いなば 猫用おやつ 焼ささみ チキンミックス味 12本入
        ",https://www.amazon.co.jp/%E3%81%84%E3%81%AA%E3%81%B0%E3%83%9A%E3%83%83%E3%83%88%E3%83%95%E3%83%BC%E3%83%89-%E3%81%84%E3%81%AA%E3%81%B0-%E7%84%BC%E3%81%95%E3%81%95%E3%81%BF-%E3%83%81%E3%82%AD%E3%83%B3%E3%83%9F%E3%83%83%E3%82%AF%E3%82%B9%E5%91%B3-12%E6%9C%AC/dp/B00N4OCZVG?_encoding=UTF8&psc=1
