#1,"コンフィデンスマンJP　プリンセス編
        ",https://www.amazon.co.jp/%E3%82%B3%E3%83%B3%E3%83%95%E3%82%A3%E3%83%87%E3%83%B3%E3%82%B9%E3%83%9E%E3%83%B3JP-%E3%83%97%E3%83%AA%E3%83%B3%E3%82%BB%E3%82%B9%E7%B7%A8-%E9%95%B7%E6%BE%A4%E3%81%BE%E3%81%95%E3%81%BF/dp/B08R32N64J?_encoding=UTF8&psc=1
#2,"２分の１の魔法 (吹替版)
        ",https://www.amazon.co.jp/%EF%BC%92%E5%88%86%E3%81%AE%EF%BC%91%E3%81%AE%E9%AD%94%E6%B3%95-%E5%90%B9%E6%9B%BF%E7%89%88-Tom-Holland/dp/B08LMY6GTV?_encoding=UTF8&psc=1
#3,"天気の子
        ",https://www.amazon.co.jp/%E5%A4%A9%E6%B0%97%E3%81%AE%E5%AD%90-%E9%86%8D%E9%86%90%E8%99%8E%E6%B1%B0%E6%9C%97/dp/B085DNL6GB?_encoding=UTF8&psc=1
#4,"新感染　ファイナル・エクスプレス(吹替版)
        ",https://www.amazon.co.jp/%E6%96%B0%E6%84%9F%E6%9F%93-%E3%83%95%E3%82%A1%E3%82%A4%E3%83%8A%E3%83%AB%E3%83%BB%E3%82%A8%E3%82%AF%E3%82%B9%E3%83%97%E3%83%AC%E3%82%B9-%E5%90%B9%E6%9B%BF%E7%89%88-%E3%82%B3%E3%83%B3%E3%83%BB%E3%83%A6/dp/B078HVZB71?_encoding=UTF8&psc=1
#5,"アナと雪の女王２ (吹替版)
        ",https://www.amazon.co.jp/%E3%82%A2%E3%83%8A%E3%81%A8%E9%9B%AA%E3%81%AE%E5%A5%B3%E7%8E%8B%EF%BC%92-%E5%90%B9%E6%9B%BF%E7%89%88-%E3%80%90%E3%83%AC%E3%83%B3%E3%82%BF%E3%83%AB%E3%81%A7%E3%81%8D%E3%82%8B%E3%81%AE%E3%81%AF%E3%83%87%E3%82%B8%E3%82%BF%E3%83%AB%E3%81%A0%E3%81%91%EF%BC%81%E3%80%91-%E6%9D%BE%E3%81%9F%E3%81%8B%E5%AD%90/dp/B085DR152N?_encoding=UTF8&psc=1
#6,"トイ・ストーリー4 (吹替版)
        ",https://www.amazon.co.jp/%E3%83%88%E3%82%A4%E3%83%BB%E3%82%B9%E3%83%88%E3%83%BC%E3%83%AA%E3%83%BC4-%E5%90%B9%E6%9B%BF%E7%89%88-%E5%94%90%E6%B2%A2%E5%AF%BF%E6%98%8E/dp/B07YCDD6WJ?_encoding=UTF8&psc=1
#7,"ホーム・アローン (吹替版)
        ",https://www.amazon.co.jp/%E3%83%9B%E3%83%BC%E3%83%A0%E3%83%BB%E3%82%A2%E3%83%AD%E3%83%BC%E3%83%B3-%E5%90%B9%E6%9B%BF%E7%89%88-Macaulay-Culkin/dp/B00Z9VW7RE?_encoding=UTF8&psc=1
#8,"ジュマンジ／ネクスト・レベル (吹替版)
        ",https://www.amazon.co.jp/%E3%82%B8%E3%83%A5%E3%83%9E%E3%83%B3%E3%82%B8%EF%BC%8F%E3%83%8D%E3%82%AF%E3%82%B9%E3%83%88%E3%83%BB%E3%83%AC%E3%83%99%E3%83%AB-%E5%90%B9%E6%9B%BF%E7%89%88-%E3%83%89%E3%82%A6%E3%82%A7%E3%82%A4%E3%83%B3%E3%83%BB%E3%82%B8%E3%83%A7%E3%83%B3%E3%82%BD%E3%83%B3/dp/B0845T3S94?_encoding=UTF8&psc=1
#9,"Fukushima 50
        ",https://www.amazon.co.jp/Fukushima-50-%E5%90%89%E5%B2%A1%E7%A7%80%E9%9A%86/dp/B0874TDJQJ?_encoding=UTF8&psc=1
#10,"工作　黒金星（ブラック・ヴィーナス） と呼ばれた男 (字幕版)
        ",https://www.amazon.co.jp/%E5%B7%A5%E4%BD%9C-%E9%BB%92%E9%87%91%E6%98%9F%EF%BC%88%E3%83%96%E3%83%A9%E3%83%83%E3%82%AF%E3%83%BB%E3%83%B4%E3%82%A3%E3%83%BC%E3%83%8A%E3%82%B9%EF%BC%89-%E3%81%A8%E5%91%BC%E3%81%B0%E3%82%8C%E3%81%9F%E7%94%B7-%E5%AD%97%E5%B9%95%E7%89%88-%E3%83%95%E3%82%A1%E3%83%B3%E3%83%BB%E3%82%B8%E3%83%A7%E3%83%B3%E3%83%9F%E3%83%B3/dp/B083G8VBB2?_encoding=UTF8&psc=1
#11,"ストーリー・オブ・マイライフ／わたしの若草物語 (字幕版)
        ",https://www.amazon.co.jp/%E3%82%B9%E3%83%88%E3%83%BC%E3%83%AA%E3%83%BC%E3%83%BB%E3%82%AA%E3%83%96%E3%83%BB%E3%83%9E%E3%82%A4%E3%83%A9%E3%82%A4%E3%83%95%EF%BC%8F%E3%82%8F%E3%81%9F%E3%81%97%E3%81%AE%E8%8B%A5%E8%8D%89%E7%89%A9%E8%AA%9E-%E5%AD%97%E5%B9%95%E7%89%88-%E3%82%B7%E3%82%A2%E3%83%BC%E3%82%B7%E3%83%A3%E3%83%BB%E3%83%AD%E3%83%BC%E3%83%8A%E3%83%B3/dp/B08GL3LDL4?_encoding=UTF8&psc=1
#12,"スター・ウォーズ／スカイウォーカーの夜明け (通常版) (字幕版)
        ",https://www.amazon.co.jp/%E3%82%B9%E3%82%BF%E3%83%BC%E3%83%BB%E3%82%A6%E3%82%A9%E3%83%BC%E3%82%BA%EF%BC%8F%E3%82%B9%E3%82%AB%E3%82%A4%E3%82%A6%E3%82%A9%E3%83%BC%E3%82%AB%E3%83%BC%E3%81%AE%E5%A4%9C%E6%98%8E%E3%81%91-%E9%80%9A%E5%B8%B8%E7%89%88-%E3%80%90%E3%83%AC%E3%83%B3%E3%82%BF%E3%83%AB%E3%81%A7%E3%81%8D%E3%82%8B%E3%81%AE%E3%81%AF%E3%83%87%E3%82%B8%E3%82%BF%E3%83%AB%E3%81%A0%E3%81%91%EF%BC%81%E3%80%91-Adam-Driver/dp/B085R9P5Q8?_encoding=UTF8&psc=1
#13,"スター・ウォーズ／スカイウォーカーの夜明け (通常版) (吹替版)
        ",https://www.amazon.co.jp/%E3%82%B9%E3%82%BF%E3%83%BC%E3%83%BB%E3%82%A6%E3%82%A9%E3%83%BC%E3%82%BA%EF%BC%8F%E3%82%B9%E3%82%AB%E3%82%A4%E3%82%A6%E3%82%A9%E3%83%BC%E3%82%AB%E3%83%BC%E3%81%AE%E5%A4%9C%E6%98%8E%E3%81%91-%E9%80%9A%E5%B8%B8%E7%89%88-%E3%80%90%E3%83%AC%E3%83%B3%E3%82%BF%E3%83%AB%E3%81%A7%E3%81%8D%E3%82%8B%E3%81%AE%E3%81%AF%E3%83%87%E3%82%B8%E3%82%BF%E3%83%AB%E3%81%A0%E3%81%91%EF%BC%81%E3%80%91-Adam-Driver/dp/B085R9KSB4?_encoding=UTF8&psc=1
#14,"新感染　ファイナル・エクスプレス(字幕版)
        ",https://www.amazon.co.jp/%E6%96%B0%E6%84%9F%E6%9F%93-%E3%83%95%E3%82%A1%E3%82%A4%E3%83%8A%E3%83%AB%E3%83%BB%E3%82%A8%E3%82%AF%E3%82%B9%E3%83%97%E3%83%AC%E3%82%B9-%E5%AD%97%E5%B9%95%E7%89%88-%E3%82%B3%E3%83%B3%E3%83%BB%E3%83%A6/dp/B078HHL74B?_encoding=UTF8&psc=1
#15,"ワンス・アポン・ア・タイム・イン・ハリウッド (字幕版)
        ",https://www.amazon.co.jp/%E3%83%AF%E3%83%B3%E3%82%B9%E3%83%BB%E3%82%A2%E3%83%9D%E3%83%B3%E3%83%BB%E3%82%A2%E3%83%BB%E3%82%BF%E3%82%A4%E3%83%A0%E3%83%BB%E3%82%A4%E3%83%B3%E3%83%BB%E3%83%8F%E3%83%AA%E3%82%A6%E3%83%83%E3%83%89-%E5%AD%97%E5%B9%95%E7%89%88-%E3%83%AC%E3%82%AA%E3%83%8A%E3%83%AB%E3%83%89%E3%83%BB%E3%83%87%E3%82%A3%E3%82%AB%E3%83%97%E3%83%AA%E3%82%AA/dp/B081B3P5Z9?_encoding=UTF8&psc=1
#16,"僕のヒーローアカデミア THE MOVIE ヒーローズ：ライジング
        ",https://www.amazon.co.jp/%E5%83%95%E3%81%AE%E3%83%92%E3%83%BC%E3%83%AD%E3%83%BC%E3%82%A2%E3%82%AB%E3%83%87%E3%83%9F%E3%82%A2-MOVIE-%E3%83%92%E3%83%BC%E3%83%AD%E3%83%BC%E3%82%BA%EF%BC%9A%E3%83%A9%E3%82%A4%E3%82%B8%E3%83%B3%E3%82%B0-%E5%B1%B1%E4%B8%8B%E5%A4%A7%E8%BC%9D/dp/B08B8QSLDP?_encoding=UTF8&psc=1
#17,"ザ・ネゴシエーション (字幕版)
        ",https://www.amazon.co.jp/%E3%82%B6%E3%83%BB%E3%83%8D%E3%82%B4%E3%82%B7%E3%82%A8%E3%83%BC%E3%82%B7%E3%83%A7%E3%83%B3-%E5%AD%97%E5%B9%95%E7%89%88-%E3%83%92%E3%83%A7%E3%83%B3%E3%83%93%E3%83%B3/dp/B0844KWQWF?_encoding=UTF8&psc=1
#18,"シティーハンター THE MOVIE 史上最香のミッション　デラックス吹替版
        ",https://www.amazon.co.jp/%E3%82%B7%E3%83%86%E3%82%A3%E3%83%BC%E3%83%8F%E3%83%B3%E3%82%BF%E3%83%BC-MOVIE-%E5%8F%B2%E4%B8%8A%E6%9C%80%E9%A6%99%E3%81%AE%E3%83%9F%E3%83%83%E3%82%B7%E3%83%A7%E3%83%B3-%E3%83%87%E3%83%A9%E3%83%83%E3%82%AF%E3%82%B9%E5%90%B9%E6%9B%BF%E7%89%88-%E3%83%95%E3%82%A3%E3%83%AA%E3%83%83%E3%83%97%EF%BD%A5%E3%83%A9%E3%82%B7%E3%83%A7%E3%83%BC/dp/B084L5M9KY?_encoding=UTF8&psc=1
#19,"アベンジャーズ／エンドゲーム(吹替版)
        ",https://www.amazon.co.jp/%E3%82%A2%E3%83%99%E3%83%B3%E3%82%B8%E3%83%A3%E3%83%BC%E3%82%BA%EF%BC%8F%E3%82%A8%E3%83%B3%E3%83%89%E3%82%B2%E3%83%BC%E3%83%A0-%E5%90%B9%E6%9B%BF%E7%89%88-%E3%83%AD%E3%83%90%E3%83%BC%E3%83%88%E3%83%BB%E3%83%80%E3%82%A6%E3%83%8B%E3%83%BC/dp/B07WZLY1RB?_encoding=UTF8&psc=1
#20,"映画 それいけ！アンパンマン ばいきんまんの逆襲
        ",https://www.amazon.co.jp/%E6%98%A0%E7%94%BB-%E3%81%9D%E3%82%8C%E3%81%84%E3%81%91%EF%BC%81%E3%82%A2%E3%83%B3%E3%83%91%E3%83%B3%E3%83%9E%E3%83%B3-%E3%81%B0%E3%81%84%E3%81%8D%E3%82%93%E3%81%BE%E3%82%93%E3%81%AE%E9%80%86%E8%A5%B2-%E6%88%B8%E7%94%B0%E6%81%B5%E5%AD%90/dp/B019MNJ54W?_encoding=UTF8&psc=1
#21,"メン・イン・ブラック ： インターナショナル (吹替版)
        ",https://www.amazon.co.jp/%E3%83%A1%E3%83%B3%E3%83%BB%E3%82%A4%E3%83%B3%E3%83%BB%E3%83%96%E3%83%A9%E3%83%83%E3%82%AF-%EF%BC%9A-%E3%82%A4%E3%83%B3%E3%82%BF%E3%83%BC%E3%83%8A%E3%82%B7%E3%83%A7%E3%83%8A%E3%83%AB-%E5%90%B9%E6%9B%BF%E7%89%88-%E3%82%AF%E3%83%AA%E3%82%B9%E3%83%BB%E3%83%98%E3%83%A0%E3%82%BA%E3%83%AF%E3%83%BC%E3%82%B9/dp/B07WG3Q8X3?_encoding=UTF8&psc=1
#22,"透明人間 (字幕版)
        ",https://www.amazon.co.jp/%E9%80%8F%E6%98%8E%E4%BA%BA%E9%96%93-%E5%AD%97%E5%B9%95%E7%89%88-%E3%82%A8%E3%83%AA%E3%82%B6%E3%83%99%E3%82%B9%E3%83%BB%E3%83%A2%E3%82%B9/dp/B08PSL12V7?_encoding=UTF8&psc=1
#23,"インクレディブル・ファミリー (吹替版)
        ",https://www.amazon.co.jp/%E3%82%A4%E3%83%B3%E3%82%AF%E3%83%AC%E3%83%87%E3%82%A3%E3%83%96%E3%83%AB%E3%83%BB%E3%83%95%E3%82%A1%E3%83%9F%E3%83%AA%E3%83%BC-%E5%90%B9%E6%9B%BF%E7%89%88-%E3%82%AF%E3%83%AC%E3%82%A4%E3%82%B0%E3%83%BBT%E3%83%BB%E3%83%8D%E3%83%AB%E3%82%BD%E3%83%B3/dp/B07JHVKL7M?_encoding=UTF8&psc=1
#24,"ジュマンジ／ネクスト・レベル (字幕版)
        ",https://www.amazon.co.jp/%E3%82%B8%E3%83%A5%E3%83%9E%E3%83%B3%E3%82%B8%EF%BC%8F%E3%83%8D%E3%82%AF%E3%82%B9%E3%83%88%E3%83%BB%E3%83%AC%E3%83%99%E3%83%AB-%E5%AD%97%E5%B9%95%E7%89%88-%E3%83%89%E3%82%A6%E3%82%A7%E3%82%A4%E3%83%B3%E3%83%BB%E3%82%B8%E3%83%A7%E3%83%B3%E3%82%BD%E3%83%B3/dp/B08461NZPG?_encoding=UTF8&psc=1
#25,"図夢歌舞伎「弥次喜多」
        ",https://www.amazon.co.jp/%E5%9B%B3%E5%A4%A2%E6%AD%8C%E8%88%9E%E4%BC%8E%E3%80%8C%E5%BC%A5%E6%AC%A1%E5%96%9C%E5%A4%9A%E3%80%8D-%E6%9D%BE%E6%9C%AC%E5%B9%B8%E5%9B%9B%E9%83%8E/dp/B08QRB6KJP?_encoding=UTF8&psc=1
#26,"国家が破産する日 (字幕版)
        ",https://www.amazon.co.jp/%E5%9B%BD%E5%AE%B6%E3%81%8C%E7%A0%B4%E7%94%A3%E3%81%99%E3%82%8B%E6%97%A5-%E5%AD%97%E5%B9%95%E7%89%88-%E3%82%AD%E3%83%A0%E3%83%BB%E3%83%98%E3%82%B9/dp/B086R8Q794?_encoding=UTF8&psc=1
#27,"ワンダーウーマン(字幕版)
        ",https://www.amazon.co.jp/%E3%83%AF%E3%83%B3%E3%83%80%E3%83%BC%E3%82%A6%E3%83%BC%E3%83%9E%E3%83%B3-%E5%AD%97%E5%B9%95%E7%89%88-%E3%82%AC%E3%83%AB%E3%83%BB%E3%82%AC%E3%83%89%E3%83%83%E3%83%88/dp/B0778XWG7D?_encoding=UTF8&psc=1
#28,"コンフィデンスマンJP　プリンセス編
        ",https://www.amazon.co.jp/%E3%82%B3%E3%83%B3%E3%83%95%E3%82%A3%E3%83%87%E3%83%B3%E3%82%B9%E3%83%9E%E3%83%B3JP-%E3%83%97%E3%83%AA%E3%83%B3%E3%82%BB%E3%82%B9%E7%B7%A8-%E9%95%B7%E6%BE%A4%E3%81%BE%E3%81%95%E3%81%BF/dp/B08R3141YP?_encoding=UTF8&psc=1
#29,"ＯＮＥ ＰＩＥＣＥ ＳＴＡＭＰＥＤＥ
        ",https://www.amazon.co.jp/%EF%BC%AF%EF%BC%AE%EF%BC%A5-%EF%BC%B0%EF%BC%A9%EF%BC%A5%EF%BC%A3%EF%BC%A5-%EF%BC%B3%EF%BC%B4%EF%BC%A1%EF%BC%AD%EF%BC%B0%EF%BC%A5%EF%BC%A4%EF%BC%A5-%E5%B1%B1%E5%8F%A3%E5%8B%9D%E5%B9%B3/dp/B084WXTD1Y?_encoding=UTF8&psc=1
#30,"ドクター・ドリトル (吹替版)
        ",https://www.amazon.co.jp/%E3%83%89%E3%82%AF%E3%82%BF%E3%83%BC%E3%83%BB%E3%83%89%E3%83%AA%E3%83%88%E3%83%AB-%E5%90%B9%E6%9B%BF%E7%89%88-%E3%83%AD%E3%83%90%E3%83%BC%E3%83%88%E3%83%BB%E3%83%80%E3%82%A6%E3%83%8B%E3%83%BC%E3%83%BB%EF%BC%AA%EF%BD%92/dp/B08N3X8DQT?_encoding=UTF8&psc=1
#31,"君の名は。
        ",https://www.amazon.co.jp/%E5%90%9B%E3%81%AE%E5%90%8D%E3%81%AF%E3%80%82-%E7%A5%9E%E6%9C%A8%E9%9A%86%E4%B9%8B%E4%BB%8B/dp/B07196HJVW?_encoding=UTF8&psc=1
#32,"ワールド・ウォーZ(吹替版)
        ",https://www.amazon.co.jp/%E3%83%AF%E3%83%BC%E3%83%AB%E3%83%89%E3%83%BB%E3%82%A6%E3%82%A9%E3%83%BCZ-%E5%90%B9%E6%9B%BF%E7%89%88-%E3%83%96%E3%83%A9%E3%83%83%E3%83%89%E3%83%BB%E3%83%94%E3%83%83%E3%83%88/dp/B00HY3PUME?_encoding=UTF8&psc=1
#33,"思い、思われ、ふり、ふられ
        ",https://www.amazon.co.jp/%E6%80%9D%E3%81%84%E3%80%81%E6%80%9D%E3%82%8F%E3%82%8C%E3%80%81%E3%81%B5%E3%82%8A%E3%80%81%E3%81%B5%E3%82%89%E3%82%8C-%E6%B5%9C%E8%BE%BA%E7%BE%8E%E6%B3%A2/dp/B08R2K4418?_encoding=UTF8&psc=1
#34,"ジョン・ウィック：パラベラム(吹替版)
        ",https://www.amazon.co.jp/%E3%82%B8%E3%83%A7%E3%83%B3%E3%83%BB%E3%82%A6%E3%82%A3%E3%83%83%E3%82%AF%EF%BC%9A%E3%83%91%E3%83%A9%E3%83%99%E3%83%A9%E3%83%A0-%E5%90%B9%E6%9B%BF%E7%89%88-%E3%82%AD%E3%82%A2%E3%83%8C%E3%83%BB%E3%83%AA%E3%83%BC%E3%83%96%E3%82%B9/dp/B084H9W8SX?_encoding=UTF8&psc=1
#35,"パラサイト 半地下の家族(字幕版)
        ",https://www.amazon.co.jp/%E3%83%91%E3%83%A9%E3%82%B5%E3%82%A4%E3%83%88-%E5%8D%8A%E5%9C%B0%E4%B8%8B%E3%81%AE%E5%AE%B6%E6%97%8F-%E5%AD%97%E5%B9%95%E7%89%88-%E3%82%BD%E3%83%B3%E3%83%BB%E3%82%AC%E3%83%B3%E3%83%9B/dp/B0897YH6Z4?_encoding=UTF8&psc=1
#36,"映画 それいけ！アンパンマン とばせ！希望のハンカチ
        ",https://www.amazon.co.jp/%E6%98%A0%E7%94%BB-%E3%81%9D%E3%82%8C%E3%81%84%E3%81%91%EF%BC%81%E3%82%A2%E3%83%B3%E3%83%91%E3%83%B3%E3%83%9E%E3%83%B3-%E3%81%A8%E3%81%B0%E3%81%9B%EF%BC%81%E5%B8%8C%E6%9C%9B%E3%81%AE%E3%83%8F%E3%83%B3%E3%82%AB%E3%83%81-%E6%88%B8%E7%94%B0%E6%81%B5%E5%AD%90/dp/B00ZRT6378?_encoding=UTF8&psc=1
#37,"リメンバー・ミー (吹替版)
        ",https://www.amazon.co.jp/%E3%83%AA%E3%83%A1%E3%83%B3%E3%83%90%E3%83%BC%E3%83%BB%E3%83%9F%E3%83%BC-%E5%90%B9%E6%9B%BF%E7%89%88-%E7%9F%B3%E6%A9%8B%E9%99%BD%E5%BD%A9/dp/B07DNPR3VV?_encoding=UTF8&psc=1
#38,"TENET テネット(字幕版)
        ",https://www.amazon.co.jp/TENET-%E3%83%86%E3%83%8D%E3%83%83%E3%83%88-%E5%AD%97%E5%B9%95%E7%89%88-%E3%82%B8%E3%83%A7%E3%83%B3%E3%83%BB%E3%83%87%E3%82%A4%E3%83%93%E3%83%83%E3%83%89%E3%83%BB%E3%83%AF%E3%82%B7%E3%83%B3%E3%83%88%E3%83%B3/dp/B08NZYD4DC?_encoding=UTF8&psc=1
#39,"ハリー・ポッターと死の秘宝 PART 2 (吹替版)
        ",https://www.amazon.co.jp/%E3%83%8F%E3%83%AA%E3%83%BC%E3%83%BB%E3%83%9D%E3%83%83%E3%82%BF%E3%83%BC%E3%81%A8%E6%AD%BB%E3%81%AE%E7%A7%98%E5%AE%9D-PART-2-%E5%90%B9%E6%9B%BF%E7%89%88-%E3%83%80%E3%83%8B%E3%82%A8%E3%83%AB%E3%83%BB%E3%83%A9%E3%83%89%E3%82%AF%E3%83%AA%E3%83%95/dp/B00LHQGMWG?_encoding=UTF8&psc=1
#40,"ＳＰＯＯＫＳスプークス／ＭＩ-５ (字幕版)
        ",https://www.amazon.co.jp/%EF%BC%B3%EF%BC%B0%EF%BC%AF%EF%BC%AF%EF%BC%AB%EF%BC%B3%E3%82%B9%E3%83%97%E3%83%BC%E3%82%AF%E3%82%B9%EF%BC%8F%EF%BC%AD%EF%BC%A9-%EF%BC%95-%E5%AD%97%E5%B9%95%E7%89%88-%E3%82%AD%E3%83%83%E3%83%88%E3%83%BB%E3%83%8F%E3%83%AA%E3%83%B3%E3%83%88%E3%83%B3/dp/B01GZMB9P6?_encoding=UTF8&psc=1
#41,"ワンダーウーマン(吹替版)
        ",https://www.amazon.co.jp/%E3%83%AF%E3%83%B3%E3%83%80%E3%83%BC%E3%82%A6%E3%83%BC%E3%83%9E%E3%83%B3-%E5%90%B9%E6%9B%BF%E7%89%88-%E3%82%AC%E3%83%AB%E3%83%BB%E3%82%AC%E3%83%89%E3%83%83%E3%83%88/dp/B07795S637?_encoding=UTF8&psc=1
#42,"ジョン・ウィック：パラベラム(字幕版)
        ",https://www.amazon.co.jp/%E3%82%B8%E3%83%A7%E3%83%B3%E3%83%BB%E3%82%A6%E3%82%A3%E3%83%83%E3%82%AF%EF%BC%9A%E3%83%91%E3%83%A9%E3%83%99%E3%83%A9%E3%83%A0-%E5%AD%97%E5%B9%95%E7%89%88-%E3%82%AD%E3%82%A2%E3%83%8C%E3%83%BB%E3%83%AA%E3%83%BC%E3%83%96%E3%82%B9/dp/B084H9QVQJ?_encoding=UTF8&psc=1
#43,"劇場版 おいしい給食　Final Battle
        ",https://www.amazon.co.jp/%E5%8A%87%E5%A0%B4%E7%89%88-%E3%81%8A%E3%81%84%E3%81%97%E3%81%84%E7%B5%A6%E9%A3%9F-Final-Battle-%E5%B8%82%E5%8E%9F%E9%9A%BC%E4%BA%BA/dp/B087NZ65N5?_encoding=UTF8&psc=1
#44,"ゼイリブ (字幕版)
        ",https://www.amazon.co.jp/%E3%82%BC%E3%82%A4%E3%83%AA%E3%83%96-%E5%AD%97%E5%B9%95%E7%89%88-%E3%83%AD%E3%83%87%E3%82%A3%E3%83%BB%E3%83%91%E3%82%A4%E3%83%91%E3%83%BC/dp/B08KBSSBPT?_encoding=UTF8&psc=1
#45,"ランボー　ラスト・ブラッド(吹替版)
        ",https://www.amazon.co.jp/%E3%83%A9%E3%83%B3%E3%83%9C%E3%83%BC-%E3%83%A9%E3%82%B9%E3%83%88%E3%83%BB%E3%83%96%E3%83%A9%E3%83%83%E3%83%89-%E5%90%B9%E6%9B%BF%E7%89%88-%E3%82%B7%E3%83%AB%E3%83%B4%E3%82%A7%E3%82%B9%E3%82%BF%E3%83%BC%E3%83%BB%E3%82%B9%E3%82%BF%E3%83%AD%E3%83%BC%E3%83%B3/dp/B08H7ZP41N?_encoding=UTF8&psc=1
#46,"ランボー　ラスト・ブラッド(字幕版)
        ",https://www.amazon.co.jp/%E3%83%A9%E3%83%B3%E3%83%9C%E3%83%BC-%E3%83%A9%E3%82%B9%E3%83%88%E3%83%BB%E3%83%96%E3%83%A9%E3%83%83%E3%83%89-%E5%AD%97%E5%B9%95%E7%89%88-%E3%82%B7%E3%83%AB%E3%83%B4%E3%82%A7%E3%82%B9%E3%82%BF%E3%83%BC%E3%83%BB%E3%82%B9%E3%82%BF%E3%83%AD%E3%83%BC%E3%83%B3/dp/B08H85BJ4R?_encoding=UTF8&psc=1
#47,"ハリー・ポッターと謎のプリンス (吹替版)
        ",https://www.amazon.co.jp/%E3%83%8F%E3%83%AA%E3%83%BC%E3%83%BB%E3%83%9D%E3%83%83%E3%82%BF%E3%83%BC%E3%81%A8%E8%AC%8E%E3%81%AE%E3%83%97%E3%83%AA%E3%83%B3%E3%82%B9-%E5%90%B9%E6%9B%BF%E7%89%88-%E3%83%80%E3%83%8B%E3%82%A8%E3%83%AB%E3%83%BB%E3%83%A9%E3%83%89%E3%82%AF%E3%83%AA%E3%83%95/dp/B00LHPT6OI?_encoding=UTF8&psc=1
#48,"ハリー・ポッターと死の秘宝 PART 1 (吹替版)
        ",https://www.amazon.co.jp/%E3%83%8F%E3%83%AA%E3%83%BC%E3%83%BB%E3%83%9D%E3%83%83%E3%82%BF%E3%83%BC%E3%81%A8%E6%AD%BB%E3%81%AE%E7%A7%98%E5%AE%9D-PART-1-%E5%90%B9%E6%9B%BF%E7%89%88-%E3%83%80%E3%83%8B%E3%82%A8%E3%83%AB%E3%83%BB%E3%83%A9%E3%83%89%E3%82%AF%E3%83%AA%E3%83%95/dp/B00LHQGHKS?_encoding=UTF8&psc=1
#49,"ハリー･ポッターと炎のゴブレット (吹替版)
        ",https://www.amazon.co.jp/%E3%83%8F%E3%83%AA%E3%83%BC%EF%BD%A5%E3%83%9D%E3%83%83%E3%82%BF%E3%83%BC%E3%81%A8%E7%82%8E%E3%81%AE%E3%82%B4%E3%83%96%E3%83%AC%E3%83%83%E3%83%88-%E5%90%B9%E6%9B%BF%E7%89%88-%E3%83%80%E3%83%8B%E3%82%A8%E3%83%AB%E3%83%BB%E3%83%A9%E3%83%89%E3%82%AF%E3%83%AA%E3%83%95/dp/B00FIWNNMW?_encoding=UTF8&psc=1
#50,"カーズ (吹替版)
        ",https://www.amazon.co.jp/%E3%82%AB%E3%83%BC%E3%82%BA-%E5%90%B9%E6%9B%BF%E7%89%88-%E5%B1%B1%E5%8F%A3%E6%99%BA%E5%85%85/dp/B00FW67CSA?_encoding=UTF8&psc=1
