#1,"【Amazon限定ブランド】プリマソーレ(primasole) ヨガマット 折りたたみ フィットネス ピラティス
        ",https://www.amazon.co.jp/%E3%80%90Amazon%E9%99%90%E5%AE%9A%E3%83%96%E3%83%A9%E3%83%B3%E3%83%89%E3%80%91%E3%83%97%E3%83%AA%E3%83%9E%E3%82%BD%E3%83%BC%E3%83%AC-primasole-%E3%82%A2%E3%82%B6%E3%83%AC%E3%82%A2%E3%83%94%E3%83%B3%E3%82%AF-%E5%8F%8E%E7%B4%8D%E3%82%B1%E3%83%BC%E3%82%B9%E4%BB%98%E3%81%8D-PSS91NH043/dp/B081Z31B81?_encoding=UTF8&psc=1
#2,"KOOLSEN フォームローラー 筋膜リリース グリッドフォームローラー ヨガポール トレーニング スポーツ フィットネス ストレッチ器具 日本語説明書付 収納バッグ
        ",https://www.amazon.co.jp/%E3%83%95%E3%82%A9%E3%83%BC%E3%83%A0%E3%83%AD%E3%83%BC%E3%83%A9%E3%83%BC-%E7%AD%8B%E8%86%9C%E3%83%AA%E3%83%AA%E3%83%BC%E3%82%B9-KOOLSEN-%E3%82%B0%E3%83%AA%E3%83%83%E3%83%89%E3%83%95%E3%82%A9%E3%83%BC%E3%83%A0%E3%83%AD%E3%83%BC%E3%83%A9%E3%83%BC-%E3%82%B9%E3%83%88%E3%83%AC%E3%83%83%E3%83%81%E5%99%A8%E5%85%B7/dp/B07GZFHFVV?_encoding=UTF8&psc=1
#3,"スマートウォッチ 2020 最新版 活動量計 万歩計 心拍計 腕時計 ストップウォッチ 長い待機時間 睡眠検測 ins/Line/Twitter/Eメール/着信通知 画面の明るさ調節 消費カロリー 音楽再生 目覚まし時計 長座注意 日本語アプリiphone Android対応
        ",https://www.amazon.co.jp/%E3%82%B9%E3%83%9E%E3%83%BC%E3%83%88%E3%82%A6%E3%82%A9%E3%83%83%E3%83%81-Twitter-%E7%94%BB%E9%9D%A2%E3%81%AE%E6%98%8E%E3%82%8B%E3%81%95%E8%AA%BF%E7%AF%80-%E6%97%A5%E6%9C%AC%E8%AA%9E%E3%82%A2%E3%83%97%E3%83%AAiphone-Android%E5%AF%BE%E5%BF%9C/dp/B085GDXH1W?_encoding=UTF8&psc=1
#4,"【日本正規品 1年保証】 トリガーポイント(TRIGGERPOINT) グリッド フォームローラー 筋膜リリース 【日本語ガイドブック付】
        ",https://www.amazon.co.jp/%E3%83%88%E3%83%AA%E3%82%AC%E3%83%BC%E3%83%9D%E3%82%A4%E3%83%B3%E3%83%88-TRIGGERPOINT-%E3%83%95%E3%82%A9%E3%83%BC%E3%83%A0%E3%83%AD%E3%83%BC%E3%83%A9%E3%83%BC-%E3%80%90%E6%97%A5%E6%9C%AC%E8%AA%9E%E3%82%AC%E3%82%A4%E3%83%89%E3%83%96%E3%83%83%E3%82%AF%E4%BB%98%E3%80%91-04402/dp/B01A8DSRYO?_encoding=UTF8&psc=1
#5,"【Amazon限定ブランド】ボディテック(Bodytech) 腹筋ローラー 膝保護マット付き 耐荷重200kg 超静音 ダブルローラー エクササイズ アブホイール BTS91NH001
        ",https://www.amazon.co.jp/%E3%80%90Amazon%E9%99%90%E5%AE%9A%E3%83%96%E3%83%A9%E3%83%B3%E3%83%89%E3%80%91%E3%83%9C%E3%83%87%E3%82%A3%E3%83%86%E3%83%83%E3%82%AF-Bodytech-%E8%86%9D%E4%BF%9D%E8%AD%B7%E3%83%9E%E3%83%83%E3%83%88%E4%BB%98%E3%81%8D-%E8%80%90%E8%8D%B7%E9%87%8D200kg-BTS91NH001/dp/B07SNP54DB?_encoding=UTF8&psc=1
#6,"本間ゴルフ HONMA ゴルフボール D1
        ",https://www.amazon.co.jp/%E6%9C%AC%E9%96%93%E3%82%B4%E3%83%AB%E3%83%95-D1%E3%83%9C%E3%83%BC%E3%83%AB-%E3%82%A4%E3%82%A8%E3%83%AD%E3%83%BC/dp/B08J7YHWZ7?_encoding=UTF8&psc=1
#7,"crer 自転車カバー 防水 厚手 2020年 雨避け UV加工 盗難防止 210D ロックホール/収納袋付
        ",https://www.amazon.co.jp/cr%C3%A9er-%E8%87%AA%E8%BB%A2%E8%BB%8A%E3%82%AB%E3%83%90%E3%83%BC-%E5%AD%90%E4%BE%9B%E4%B9%97%E3%81%9B-UV%E5%8A%A0%E5%B7%A5-%E3%83%AD%E3%83%83%E3%82%AF%E3%83%9B%E3%83%BC%E3%83%AB%E4%BB%98/dp/B07T9PM82K?_encoding=UTF8&psc=1
#8,"【Amazon限定ブランド】プリマソーレ(primasole) フォームローラー 耐荷重200kg
        ",https://www.amazon.co.jp/%E3%80%90Amazon%E9%99%90%E5%AE%9A%E3%83%96%E3%83%A9%E3%83%B3%E3%83%89%E3%80%91%E3%83%97%E3%83%AA%E3%83%9E%E3%82%BD%E3%83%BC%E3%83%AC-primasole-%E3%83%95%E3%82%A9%E3%83%BC%E3%83%A0%E3%83%AD%E3%83%BC%E3%83%A9%E3%83%BC%E3%80%90%E3%82%A2%E3%83%BC%E3%82%B9%E3%83%96%E3%83%A9%E3%82%A6%E3%83%B3%E3%80%91%E8%80%90%E8%8D%B7%E9%87%8D200kg-%E3%80%90Amazon%E9%99%90%E5%AE%9A%E3%83%96%E3%83%A9%E3%83%B3%E3%83%89%E3%80%91-PSS91NH005%E3%80%90%E3%82%BB%E3%83%83%E3%83%88%E8%B2%B7%E3%81%84%E3%80%91/dp/B08MVGHR8J?_encoding=UTF8&psc=1
#9,"【Amazon限定ブランド】ボディテック(Bodytech) プッシュアップバー 2個セット 耐荷重100kg 傾斜グリップ 筋肉トレーニング 大胸筋 上腕筋 腹筋 BTS91NH002
        ",https://www.amazon.co.jp/%E3%80%90Amazon%E9%99%90%E5%AE%9A%E3%83%96%E3%83%A9%E3%83%B3%E3%83%89%E3%80%91%E3%83%9C%E3%83%87%E3%82%A3%E3%83%86%E3%83%83%E3%82%AF-Bodytech-%E3%83%97%E3%83%83%E3%82%B7%E3%83%A5%E3%82%A2%E3%83%83%E3%83%97%E3%83%90%E3%83%BC-%E8%80%90%E8%8D%B7%E9%87%8D100kg-BTS91NH002/dp/B07SMNHFPT?_encoding=UTF8&psc=1
#10,"トリガーポイント(TRIGGERPOINT) グリッド フォームローラー 筋膜リリース 【日本語ガイドブックなし】 [並行輸入品]
        ",https://www.amazon.co.jp/%E3%83%88%E3%83%AA%E3%82%AC%E3%83%BC%E3%83%9D%E3%82%A4%E3%83%B3%E3%83%88-TRIGGERPOINT-%E3%83%95%E3%82%A9%E3%83%BC%E3%83%A0%E3%83%AD%E3%83%BC%E3%83%A9%E3%83%BC-%E3%80%90%E6%97%A5%E6%9C%AC%E8%AA%9E%E3%82%AC%E3%82%A4%E3%83%89%E3%83%96%E3%83%83%E3%82%AF%E3%81%AA%E3%81%97%E3%80%91-03313%E3%80%90%E3%82%BB%E3%83%83%E3%83%88%E8%B2%B7%E3%81%84%E3%80%91/dp/B08BPRG4QF?_encoding=UTF8&psc=1
#11,"【Amazon限定ブランド】プリマソーレ(primasole) フィットネスボール 空気入れ付き バランスボール フィットネス
        ",https://www.amazon.co.jp/%E3%80%90Amazon%E9%99%90%E5%AE%9A%E3%83%96%E3%83%A9%E3%83%B3%E3%83%89%E3%80%91%E3%83%97%E3%83%AA%E3%83%9E%E3%82%BD%E3%83%BC%E3%83%AC-primasole-%E3%83%95%E3%82%A3%E3%83%83%E3%83%88%E3%83%8D%E3%82%B9%E3%83%9C%E3%83%BC%E3%83%AB-%E3%82%A4%E3%83%B3%E3%83%87%E3%82%A3%E3%82%B4%E3%83%96%E3%83%AB%E3%83%BC-PSS91NH055/dp/B0822X5YP1?_encoding=UTF8&psc=1
#12,"ブリヂストン(BRIDGESTONE) 空気入れ スマートポンプ 英式バルブ専用 PM-501 SG規格 自転車
        ",https://www.amazon.co.jp/%E3%83%96%E3%83%AA%E3%83%82%E3%82%B9%E3%83%88%E3%83%B3-BRIDGESTONE-%E3%82%B9%E3%83%9E%E3%83%BC%E3%83%88%E3%83%9D%E3%83%B3%E3%83%97-PM-501-A402223YE/dp/B01JG26RCM?_encoding=UTF8&psc=1
#13,"Wout バーベルにもなる ダンベル 5kg 10kg 20kg ２個セット
        ",https://www.amazon.co.jp/Wout-%E3%83%90%E3%83%BC%E3%83%99%E3%83%AB%E3%81%AB%E3%82%82%E3%81%AA%E3%82%8B-%E3%83%80%E3%83%B3%E3%83%99%E3%83%AB-10kg-2%E5%80%8B%E3%82%BB%E3%83%83%E3%83%88/dp/B077M681Y1?_encoding=UTF8&psc=1
#14,"【日本正規代理店品】Xiaomi Mi Smart Band 4 スマートバンド 活動量計
        ",https://www.amazon.co.jp/Xiaomi-Smart-Band-%E3%80%90%E6%97%A5%E6%9C%AC%E6%AD%A3%E8%A6%8F%E4%BB%A3%E7%90%86%E5%BA%97%E5%93%81%E3%80%91%E3%82%B9%E3%83%9E%E3%83%BC%E3%83%88%E3%83%90%E3%83%B3%E3%83%89-%E9%AB%98%E7%B2%BE%E7%B4%B0%E3%82%AB%E3%83%A9%E3%83%BC%E6%9C%89%E6%A9%9FEL%E3%83%91%E3%83%8D%E3%83%AB/dp/B0828P3HXK?_encoding=UTF8&psc=1
#15,"【公式】Pin-Eagle(ピンイーグル) ゴルフ 距離計 660yd対応 安心国内ブランド 3年保証付き 光学6倍望遠 IPX5防水 高低差機能 ゴルフ 距離計測器レーザー 距離測定器
        ",https://www.amazon.co.jp/%E3%80%90%E5%85%AC%E5%BC%8F%E3%80%91Pin-Eagle-%E3%83%94%E3%83%B3%E3%82%A4%E3%83%BC%E3%82%B0%E3%83%AB-660yd%E5%AF%BE%E5%BF%9C-%E5%AE%89%E5%BF%83%E5%9B%BD%E5%86%85%E3%83%96%E3%83%A9%E3%83%B3%E3%83%89-3%E5%B9%B4%E4%BF%9D%E8%A8%BC%E4%BB%98%E3%81%8D/dp/B08112RSRX?_encoding=UTF8&psc=1
#16,"EXIO(エクシオ) 防寒 ネックウォーマー フェイスマスク 男女兼用 フリーサイズ バイク 冬
        ",https://www.amazon.co.jp/EXIO-%E3%82%A8%E3%82%AF%E3%82%B7%E3%82%AA-%E3%83%8D%E3%83%83%E3%82%AF%E3%82%A6%E3%82%A9%E3%83%BC%E3%83%9E%E3%83%BC-%E3%83%95%E3%82%A7%E3%82%A4%E3%82%B9%E3%83%9E%E3%82%B9%E3%82%AF-%E3%83%95%E3%83%AA%E3%83%BC%E3%82%B5%E3%82%A4%E3%82%BA/dp/B08KTFJBWR?_encoding=UTF8&psc=1
#17,"LEEPWEI [2020 新世代] 寝袋 封筒型 軽量 保温 210T防水シュラフ コンパクト アウトドア キャンプ 登山 車中泊 防災用 丸洗い可能 快適温度-5℃-25℃ 900g 1.4kg 1.8kg 春夏秋冬の使用可能
        ",https://www.amazon.co.jp/LEEPWEI-2019%E6%9C%80%E6%96%B0%E7%89%88-210T%E9%98%B2%E6%B0%B4%E3%82%B7%E3%83%A5%E3%83%A9%E3%83%95-%E5%BF%AB%E9%81%A9%E6%B8%A9%E5%BA%A6-5%E2%84%83-25%E2%84%83-%E6%98%A5%E5%A4%8F%E7%A7%8B%E5%86%AC%E3%81%AE%E4%BD%BF%E7%94%A8%E5%8F%AF%E8%83%BD/dp/B07VB397SR?_encoding=UTF8&psc=1
#18,"AthleX マスク スポーツマスク 【水着メーカーが開発した立体マスク】ランニング ジム 洗える 苦しくない メッシュ
        ",https://www.amazon.co.jp/AthleX-%E3%82%B9%E3%83%9D%E3%83%BC%E3%83%84%E3%83%9E%E3%82%B9%E3%82%AF-%E3%80%90%E6%B0%B4%E7%9D%80%E3%83%A1%E3%83%BC%E3%82%AB%E3%83%BC%E3%81%8C%E9%96%8B%E7%99%BA%E3%81%97%E3%81%9F%E7%AB%8B%E4%BD%93%E3%83%9E%E3%82%B9%E3%82%AF%E3%80%91%E3%83%A9%E3%83%B3%E3%83%8B%E3%83%B3%E3%82%B0-%E8%8B%A6%E3%81%97%E3%81%8F%E3%81%AA%E3%81%84-%E3%83%A1%E3%83%83%E3%82%B7%E3%83%A5/dp/B08NZQJC9C?_encoding=UTF8&psc=1
#19,"キャプテンスタッグ(CAPTAIN STAG) アルミ ロールテーブル ケース付 M-3713 アウトドア用 折りたたみ式
        ",https://www.amazon.co.jp/%E3%82%AD%E3%83%A3%E3%83%97%E3%83%86%E3%83%B3%E3%82%B9%E3%82%BF%E3%83%83%E3%82%B0-CAPTAIN-STAG-%E3%83%90%E3%83%BC%E3%83%99%E3%82%AD%E3%83%A5%E3%83%BC%E7%94%A8-%E3%83%96%E3%83%A9%E3%83%83%E3%82%AFUC-520/dp/B01ANXOUA4?_encoding=UTF8&psc=1
#20,"【Amazon限定ブランド】プリマソーレ(primasole) エクササイズポール 【アイボリー】 長さ98cmのロングサイズ 耐荷重100kg ヨガ ストレッチ エクササイズ 筋膜セルフケアポール
        ",https://www.amazon.co.jp/%E3%80%90Amazon%E9%99%90%E5%AE%9A%E3%83%96%E3%83%A9%E3%83%B3%E3%83%89%E3%80%91%E3%83%97%E3%83%AA%E3%83%9E%E3%82%BD%E3%83%BC%E3%83%AC-primasole-%E9%95%B7%E3%81%9598cm%E3%81%AE%E3%83%AD%E3%83%B3%E3%82%B0%E3%82%B5%E3%82%A4%E3%82%BA-%E3%80%90Amazon%E9%99%90%E5%AE%9A%E3%83%96%E3%83%A9%E3%83%B3%E3%83%89%E3%80%91-PSS91NH009%E3%80%90%E3%82%BB%E3%83%83%E3%83%88%E8%B2%B7%E3%81%84%E3%80%91/dp/B08L1KM5HC?_encoding=UTF8&psc=1
#21,"ラングスジャパン(RANGS) リップスティックデラックスミニ プリズム
        ",https://www.amazon.co.jp/%E3%83%A9%E3%83%B3%E3%82%B0%E3%82%B9%E3%82%B8%E3%83%A3%E3%83%91%E3%83%B3-%E3%80%90Amazon-co-jp%E9%99%90%E5%AE%9A%E3%80%91%E3%83%A9%E3%83%B3%E3%82%B0%E3%82%B9%E3%82%B8%E3%83%A3%E3%83%91%E3%83%B3-RANGS-%E3%83%AA%E3%83%83%E3%83%97%E3%82%B9%E3%83%86%E3%82%A3%E3%83%83%E3%82%AF%E3%83%87%E3%83%A9%E3%83%83%E3%82%AF%E3%82%B9%E3%83%9F%E3%83%8B-%E3%83%97%E3%83%AA%E3%82%BA%E3%83%A0/dp/B087Z6PP3Z?_encoding=UTF8&psc=1
#22,"TokyoCamp 焚火台 焚き火台 折りたたみ焚火台 コンパクト 軽量 キャンプ 焚火
        ",https://www.amazon.co.jp/TokyoCamp-%E7%84%9A%E3%81%8D%E7%81%AB%E5%8F%B0-%E6%8A%98%E3%82%8A%E3%81%9F%E3%81%9F%E3%81%BF%E7%84%9A%E7%81%AB%E5%8F%B0-%E3%82%B3%E3%83%B3%E3%83%91%E3%82%AF%E3%83%88-%E3%82%AD%E3%83%A3%E3%83%B3%E3%83%97/dp/B08CZWJ7P8?_encoding=UTF8&psc=1
#23,"【2021年度版】ヨガマット トレーニングマット ピラティスマット エクササイズマット NBR素材 高密度 厚さ10mm クッション性抜群 肌に優しい 床の保護 防音対策 ピラティス ストレッチ 体幹トレーニング 筋トレ フィットネス 持ち運び 収納簡単 水洗い可能 男女兼用 収納ケース付 yoga mat
        ",https://www.amazon.co.jp/%E3%80%902020%E9%80%B2%E5%8C%96%E7%89%88%E3%80%91%E3%83%A8%E3%82%AC%E3%83%9E%E3%83%83%E3%83%88-%E3%83%88%E3%83%AC%E3%83%BC%E3%83%8B%E3%83%B3%E3%82%B0%E3%83%9E%E3%83%83%E3%83%88-%E3%83%94%E3%83%A9%E3%83%86%E3%82%A3%E3%82%B9%E3%83%9E%E3%83%83%E3%83%88-%E3%82%A8%E3%82%AF%E3%82%B5%E3%82%B5%E3%82%A4%E3%82%BA%E3%83%9E%E3%83%83%E3%83%88-%E3%82%AF%E3%83%83%E3%82%B7%E3%83%A7%E3%83%B3%E6%80%A7%E6%8A%9C%E7%BE%A4/dp/B08C2WYFCC?_encoding=UTF8&psc=1
#24,"Tiakia 自転車 スマホ ホルダー スタンド オートバイ バイク スマートフォン振れ止め 脱落防止 GPSナビ 携帯 固定用 に適用 ロードバイク クロス バイク すまほ ホルダー サイクリング バイク用 スマホ固定 に適用 iPhone 11 11Pro Max X XS Max 8 7 6S 6plus プロ マックス 10 galaxy s8 s9 HUWEI Mate P20 Pro P10 lite Sony Xperia Nexus android 3.5-6.4インチ 多機種対応 角度調整 360度回転 脱着簡単 強力な保護
        ",https://www.amazon.co.jp/%E3%82%B9%E3%83%9E%E3%83%BC%E3%83%88%E3%83%95%E3%82%A9%E3%83%B3-%E3%81%AB%E9%81%A9%E7%94%A8iphone7-xperia-HUAWEI-android/dp/B0725XHND1?_encoding=UTF8&psc=1
#25,"YOLER 大型風除板 ウインドスクリーン 折り畳み式 風よけ 亜鉛メッキ鋼板 8枚連結 専用収納ケース付き
        ",https://www.amazon.co.jp/YOLER-%E3%82%A6%E3%82%A4%E3%83%B3%E3%83%89%E3%82%B9%E3%82%AF%E3%83%AA%E3%83%BC%E3%83%B3-%E4%BA%9C%E9%89%9B%E3%83%A1%E3%83%83%E3%82%AD%E9%8B%BC%E6%9D%BF-%E9%95%B7%E3%81%95120cm%C3%97%E9%AB%98%E3%81%9530cm-%E5%B0%82%E7%94%A8%E5%8F%8E%E7%B4%8D%E3%82%B1%E3%83%BC%E3%82%B9%E4%BB%98%E3%81%8D/dp/B089N9DWGV?_encoding=UTF8&psc=1
#26,"耐火 防炎 スパッタシート 瞬間耐火温度1500度 たき火台 キャンプ ストーブシート 溶接 薪ストーブ用 アウトドア ストーブ 芝生保護 焚火台 バーベキューコンロ用
        ",https://www.amazon.co.jp/%E3%82%B9%E3%83%91%E3%83%83%E3%82%BF%E3%82%B7%E3%83%BC%E3%83%88-%E7%9E%AC%E9%96%93%E8%80%90%E7%81%AB%E6%B8%A9%E5%BA%A61500%E5%BA%A6-%E3%82%B9%E3%83%88%E3%83%BC%E3%83%96%E3%82%B7%E3%83%BC%E3%83%88-%E8%96%AA%E3%82%B9%E3%83%88%E3%83%BC%E3%83%96%E7%94%A8-%E3%83%90%E3%83%BC%E3%83%99%E3%82%AD%E3%83%A5%E3%83%BC%E3%82%B3%E3%83%B3%E3%83%AD%E7%94%A8/dp/B08DMJP1BW?_encoding=UTF8&psc=1
#27,"防火シート 焚き火 マット 耐熱 耐火 キャンプ バーベキュー 防炎 アウトドア 芝生保護 極厚 縁取り加工 BBQ321
        ",https://www.amazon.co.jp/%E9%98%B2%E7%81%AB%E3%82%B7%E3%83%BC%E3%83%88-%E3%83%90%E3%83%BC%E3%83%99%E3%82%AD%E3%83%A5%E3%83%BC-%E3%82%A2%E3%82%A6%E3%83%88%E3%83%89%E3%82%A2-%E7%B8%81%E5%8F%96%E3%82%8A%E5%8A%A0%E5%B7%A5-BBQ321/dp/B088NC1VL9?_encoding=UTF8&psc=1
#28,"GALLIUM(ガリウム) スキー&スノーボード GENERAL・F・Set
        ",https://www.amazon.co.jp/%E3%82%AC%E3%83%AA%E3%82%A6%E3%83%A0-GALLIUM-GENERAL%E3%83%BBF-Set-SW2205/dp/B07SC9T2KJ?_encoding=UTF8&psc=1
#29,"ALLOUT パワーグリップ プロ 正規品 3サイズ 2カラー
        ",https://www.amazon.co.jp/ALLOUT-%E3%83%91%E3%83%AF%E3%83%BC%E3%82%B0%E3%83%AA%E3%83%83%E3%83%97-2%E3%82%B5%E3%82%A4%E3%82%BA-2%E3%82%AB%E3%83%A9%E3%83%BC-%E3%82%AA%E3%83%AC%E3%83%B3%E3%82%B8/dp/B07QYRF17Z?_encoding=UTF8&psc=1
#30,"自転車 ライト 大容量2600mAh USB充電式 LEDヘッドライト「3in1機能搭載」 自転車ヘッドライト 高輝度IPX5防水 防振 アルミ合金製 PSE認証済 懐中電灯兼用 停電対応 地震対策 登山 夜釣り 日本語説明書付き
        ",https://www.amazon.co.jp/%E5%A4%A7%E5%AE%B9%E9%87%8F2600mAh-LED%E3%83%98%E3%83%83%E3%83%89%E3%83%A9%E3%82%A4%E3%83%88%E3%80%8C3in1%E6%A9%9F%E8%83%BD%E6%90%AD%E8%BC%89%E3%80%8D-%E8%87%AA%E8%BB%A2%E8%BB%8A%E3%83%98%E3%83%83%E3%83%89%E3%83%A9%E3%82%A4%E3%83%88-%E9%AB%98%E8%BC%9D%E5%BA%A6IPX5%E9%98%B2%E6%B0%B4-%E6%97%A5%E6%9C%AC%E8%AA%9E%E8%AA%AC%E6%98%8E%E6%9B%B8%E4%BB%98%E3%81%8D/dp/B083SF37JC?_encoding=UTF8&psc=1
#31,"ALINCO(アルインコ) エクササイズフロアマット mini EXP100 床面保護 衝撃吸収 滑り止め
        ",https://www.amazon.co.jp/ALINCO-%E3%82%A2%E3%83%AB%E3%82%A4%E3%83%B3%E3%82%B3-%E3%82%A8%E3%82%AF%E3%82%B5%E3%82%B5%E3%82%A4%E3%82%BA%E3%83%95%E3%83%AD%E3%82%A2%E3%83%9E%E3%83%83%E3%83%88-mini-EXP100/dp/B000L22QMM?_encoding=UTF8&psc=1
#32,"固形燃料 カエンニューエースE 25g 1パック 20個 エレクトロニクス ニイタカ
        ",https://www.amazon.co.jp/%E5%9B%BA%E5%BD%A2%E7%87%83%E6%96%99-%E3%82%AB%E3%82%A8%E3%83%B3%E3%83%8B%E3%83%A5%E3%83%BC%E3%82%A8%E3%83%BC%E3%82%B9E-1%E3%83%91%E3%83%83%E3%82%AF-%E3%82%A8%E3%83%AC%E3%82%AF%E3%83%88%E3%83%AD%E3%83%8B%E3%82%AF%E3%82%B9-%E3%83%8B%E3%82%A4%E3%82%BF%E3%82%AB/dp/B00Z52MFI8?_encoding=UTF8&psc=1
#33,"O.M.C TOKYO インソール 人間工学に基づいた衝撃吸収中敷き
        ",https://www.amazon.co.jp/M-C-TOKYO-%E3%82%A4%E3%83%B3%E3%82%BD%E3%83%BC%E3%83%AB-%E4%BA%BA%E9%96%93%E5%B7%A5%E5%AD%A6%E3%81%AB%E5%9F%BA%E3%81%A5%E3%81%84%E3%81%9F%E8%A1%9D%E6%92%83%E5%90%B8%E5%8F%8E%E4%B8%AD%E6%95%B7%E3%81%8D-19-5cm%EF%BD%9E23cm/dp/B071YMQQRP?_encoding=UTF8&psc=1
#34,"【最新Bluetooth5.0 IP68完全防水】 スマートウォッチ 活動量計 心拍計 歩数計 明度調整＆天気予報 誕生日/父 母 ギフト 1.54インチ大画面 smart watch 消費カロリー 睡眠検測 超長い待機時間 着信電話通知/SMS/Twitter/Line/アプリ通知 健康サポート機器 24時間自動計測 カラースクリーン GPS運動記録 iPhone/Android対応
        ",https://www.amazon.co.jp/%E3%80%90%E6%9C%80%E6%96%B0Bluetooth5-0-IP68%E5%AE%8C%E5%85%A8%E9%98%B2%E6%B0%B4%E3%80%91-%E6%98%8E%E5%BA%A6%E8%AA%BF%E6%95%B4%EF%BC%86%E5%A4%A9%E6%B0%97%E4%BA%88%E5%A0%B1-1-54%E3%82%A4%E3%83%B3%E3%83%81%E5%A4%A7%E7%94%BB%E9%9D%A2-Android%E5%AF%BE%E5%BF%9C/dp/B08KRJ67XG?_encoding=UTF8&psc=1
#35,"BUNDOK(バンドック) フォールディング ジャグ 7L (リットル) BD-347 ウォーターバッグ マチ付 コック付 防災 折りたたみ コンパクト 軽量
        ",https://www.amazon.co.jp/BUNDOK-%E3%83%90%E3%83%B3%E3%83%89%E3%83%83%E3%82%AF-%E3%83%95%E3%82%A9%E3%83%BC%E3%83%AB%E3%83%87%E3%82%A3%E3%83%B3%E3%82%B0-BD-347-%E3%82%A6%E3%82%A9%E3%83%BC%E3%82%BF%E3%83%BC%E3%83%90%E3%83%83%E3%82%B0/dp/B083KKJ84C?_encoding=UTF8&psc=1
#36,"【Amazon.co.jp 限定カラー】 ミカサ ボール用 空気入れ オリジナルハンドポンプ APHL-AZ
        ",https://www.amazon.co.jp/%E3%80%90Amazon-co-jp-%E9%99%90%E5%AE%9A%E3%82%AB%E3%83%A9%E3%83%BC%E3%80%91-%E3%83%9F%E3%82%AB%E3%82%B5-%E3%82%AA%E3%83%AA%E3%82%B8%E3%83%8A%E3%83%AB%E3%83%8F%E3%83%B3%E3%83%89%E3%83%9D%E3%83%B3%E3%83%97-APHL-AZ/dp/B01M10ZSR6?_encoding=UTF8&psc=1
#37,"Amazonベーシック ヨガマット トレーニングマット エクササイズマット キャリーストラップ付 極厚 188×61×1cm
        ",https://www.amazon.co.jp/Amazon%E3%83%99%E3%83%BC%E3%82%B7%E3%83%83%E3%82%AF-2%E3%82%A4%E3%83%B3%E3%83%81-1-3%E3%82%BB%E3%83%B3%E3%83%81-%E6%A5%B5%E5%8E%9A%E3%83%A8%E3%82%AC%E3%83%9E%E3%83%83%E3%83%88-%E3%82%AD%E3%83%A3%E3%83%AA%E3%83%BC%E3%82%B9%E3%83%88%E3%83%A9%E3%83%83%E3%83%97%E4%BB%98%E3%81%8D/dp/B01LP0UQX4?_encoding=UTF8&psc=1
#38,"ナイキ(NIKE) アクセサリー スウッシュ ヘッドバンド NNN07
        ",https://www.amazon.co.jp/%E3%83%8A%E3%82%A4%E3%82%AD-%E3%82%B9%E3%82%A6%E3%83%83%E3%82%B7%E3%83%A5-%E3%83%98%E3%83%83%E3%83%89%E3%83%90%E3%83%B3%E3%83%89-%E3%82%B0%E3%83%AC%E3%83%BC%E3%83%98%E3%82%B6%E3%83%BC-N-NN-07-051-OS/dp/B008C27ZD8?_encoding=UTF8&psc=1
#39,"Etpark風除板 ウインドスクリーン 折り畳み式 防風板 アルミ製 10枚 延長版 軽量 収納袋 付き (風除板)
        ",https://www.amazon.co.jp/Etpark-%E9%A2%A8%E9%99%A4%E6%9D%BF-%E3%82%A6%E3%82%A4%E3%83%B3%E3%83%89%E3%82%B9%E3%82%AF%E3%83%AA%E3%83%BC%E3%83%B3-%E6%8A%98%E3%82%8A%E7%95%B3%E3%81%BF%E5%BC%8F-%E9%98%B2%E9%A2%A8%E6%9D%BF-%E3%82%A2%E3%83%AB%E3%83%9F%E8%A3%BD/dp/B075JKBRLG?_encoding=UTF8&psc=1
#40,"STAR(スター) スターパラフィンオイル (高純度石油系燃料)
        ",https://www.amazon.co.jp/STAR-%E3%82%B9%E3%82%BF%E3%83%BC-%E3%82%B9%E3%82%BF%E3%83%BC%E3%83%91%E3%83%A9%E3%83%95%E3%82%A3%E3%83%B3%E3%82%AA%E3%82%A4%E3%83%AB-%E9%AB%98%E7%B4%94%E5%BA%A6%E7%9F%B3%E6%B2%B9%E7%B3%BB%E7%87%83%E6%96%99-7007/dp/B015CGH644?_encoding=UTF8&psc=1
#41,"フィリップス ブリーズマスク マスクフィルター 高機能 花粉対応 FY0086/00
        ",https://www.amazon.co.jp/%E3%83%95%E3%82%A3%E3%83%AA%E3%83%83%E3%83%97%E3%82%B9-%E3%83%96%E3%83%AA%E3%83%BC%E3%82%BA%E3%83%9E%E3%82%B9%E3%82%AF-%E3%83%9E%E3%82%B9%E3%82%AF%E3%83%95%E3%82%A3%E3%83%AB%E3%82%BF%E3%83%BC-FY0086-00/dp/B08LFWNCSV?_encoding=UTF8&psc=1
#42,"Overmont DS-300 アルミ クッカーセット アウトドア鍋 アウトドアケトル キャンピング 調理器具 収納袋付き 23人に適応
        ",https://www.amazon.co.jp/Overmont-DS-300-%E3%82%AF%E3%83%83%E3%82%AB%E3%83%BC%E3%82%BB%E3%83%83%E3%83%88-%E3%82%A2%E3%82%A6%E3%83%88%E3%83%89%E3%82%A2%E9%8D%8B-%E3%82%A2%E3%82%A6%E3%83%88%E3%83%89%E3%82%A2%E3%82%B1%E3%83%88%E3%83%AB/dp/B07DD7QG4R?_encoding=UTF8&psc=1
#43,"本間ゴルフ ゴルフボール TW-X BT1908 1ダース 12個入り
        ",https://www.amazon.co.jp/%E6%9C%AC%E9%96%93%E3%82%B4%E3%83%AB%E3%83%95-%E3%82%B4%E3%83%AB%E3%83%95%E3%83%9C%E3%83%BC%E3%83%AB-TW-X-BT1908-%E3%82%A4%E3%82%A8%E3%83%AD%E3%83%BC/dp/B07ZVJR4HL?_encoding=UTF8&psc=1
#44,"[ JOYme ] キャンプマット アウトドアマット (187cm×56cm / 選べる6カラー) 収納袋 ゴムバンド 付き/防水/超軽量/断熱
        ",https://www.amazon.co.jp/JOYme-%E3%82%AD%E3%83%A3%E3%83%B3%E3%83%97%E3%83%9E%E3%83%83%E3%83%88-%E7%B8%A6187cm%C3%97%E6%A8%AA56cm%C3%97%E5%8E%9A%E3%81%952cm-%E3%82%A2%E3%82%A6%E3%83%88%E3%83%89%E3%82%A2-%E6%96%AD%E7%86%B1%E3%83%9E%E3%83%83%E3%83%88/dp/B08KXM6KW6?_encoding=UTF8&psc=1
#45,"adidas(アディダス) hardware アブホイール adac-11404-1
        ",https://www.amazon.co.jp/adidas-%E3%82%A2%E3%83%87%E3%82%A3%E3%83%80%E3%82%B9-%E3%83%88%E3%83%AC%E3%83%BC%E3%83%8B%E3%83%B3%E3%82%B0-%E8%85%B9%E7%AD%8B%E3%83%AD%E3%83%BC%E3%83%A9%E3%83%BC-ADAC-11404/dp/B00EVNXN6K?_encoding=UTF8&psc=1
#46,"[ JOYme ] ヨガマット 厚さ 10mm (選べる８カラー) ピラティス/トレーニング/ストレッチ [ 収納 バック付き/防音/水洗い ]
        ",https://www.amazon.co.jp/JOYme-%E3%83%A8%E3%82%AC%E3%83%9E%E3%83%83%E3%83%88-%E5%8E%9A%E3%81%9510mm-%E5%8F%8E%E7%B4%8D%E3%83%90%E3%83%83%E3%82%AF-%E3%83%88%E3%83%AC%E3%83%BC%E3%83%8B%E3%83%B3%E3%82%B0/dp/B08BP52N5R?_encoding=UTF8&psc=1
#47,"MOSSY OAK シースナイフ フルタング構造 天然ウッドハンドル 全長275mm 【ケース付き】
        ",https://www.amazon.co.jp/MOSSY-OAK-%E3%82%B5%E3%83%90%E3%82%A4%E3%83%90%E3%83%AB%E3%83%8A%E3%82%A4%E3%83%95-%E5%A4%A9%E7%84%B6%E3%82%A6%E3%83%83%E3%83%89%E3%83%8F%E3%83%B3%E3%83%89%E3%83%AB-%E3%80%90%E7%9A%AE%E3%82%B1%E3%83%BC%E3%82%B9%E4%BB%98%E3%81%8D%E3%80%91/dp/B07MQ8ZZYR?_encoding=UTF8&psc=1
#48,"STEADY 最新UXモデル ぶら下がり健康器 2020年安定強化版 耐荷重130kg [1年保証] ステディ ST118 懸垂マシン 懸垂バー チンニングスタンド
        ",https://www.amazon.co.jp/STEADY-%E3%81%B6%E3%82%89%E4%B8%8B%E3%81%8C%E3%82%8A%E5%81%A5%E5%BA%B7%E5%99%A8-2020%E5%B9%B4%E5%AE%89%E5%AE%9A%E5%BC%B7%E5%8C%96%E7%89%88-%E8%80%90%E8%8D%B7%E9%87%8D130kg-%E3%83%81%E3%83%B3%E3%83%8B%E3%83%B3%E3%82%B0%E3%82%B9%E3%82%BF%E3%83%B3%E3%83%89/dp/B08BKPMGC2?_encoding=UTF8&psc=1
#49,"【日本正規品 1年保証】 トリガーポイント(TRIGGERPOINT) グリッド フォームローラー STKシリーズ 筋膜リリース 持ち運び便利
        ",https://www.amazon.co.jp/%E3%80%90%E6%97%A5%E6%9C%AC%E6%AD%A3%E8%A6%8F%E5%93%81-%E3%83%88%E3%83%AA%E3%82%AC%E3%83%BC%E3%83%9D%E3%82%A4%E3%83%B3%E3%83%88-TRIGGERPOINT-%E3%83%95%E3%82%A9%E3%83%BC%E3%83%A0%E3%83%AD%E3%83%BC%E3%83%A9%E3%83%BC-04415/dp/B01AW1V01Y?_encoding=UTF8&psc=1
#50,"Dr.Assist 腰用固定ベルト サポートベルト 姿勢補助 腰楽コルセット 男女兼用
        ",https://www.amazon.co.jp/Dr-Assist-%E8%85%B0%E7%94%A8%E5%9B%BA%E5%AE%9A%E3%83%99%E3%83%AB%E3%83%88-%E3%82%B5%E3%83%9D%E3%83%BC%E3%83%88%E3%83%99%E3%83%AB%E3%83%88-%E5%A7%BF%E5%8B%A2%E8%A3%9C%E5%8A%A9-%E8%85%B0%E6%A5%BD%E3%82%B3%E3%83%AB%E3%82%BB%E3%83%83%E3%83%88/dp/B08CGPPZBW?_encoding=UTF8&psc=1
