フェイクピアス メンズ レディース フープイヤリング イヤーカフ 黒銀4個セット,\300,送料込み(出品者負担),'8月8日,'14:33,★エリカ　9/29出金済み
フェイクピアス メンズ レディース フープイヤリング イヤーカフ 黒銀4個セット,\300,送料込み(出品者負担),'11月24日,'12:35,モナカ
アンチャーテッド　２本セット　エルドラドの秘宝　黄金刀と消えた船団　PS3,\540,送料込み(出品者負担),'10月25日,'15:45,タピオカ
応用情報技術者合格教本 平成29年度〈春期〉〈秋期〉,"\1,200",送料込み(出品者負担),'10月23日,'14:32,柚木
イヤーカフ ◇シルバー2個◇フェイクピアス イヤリング  男 女 学生にも好評！,\300,送料込み(出品者負担),'8月24日,'22:21,ママP ★ 新春大SALE中 ★
PS3 専 ザ ラストオブアス the last of us,\450,送料込み(出品者負担),'6月13日,'20:14,チト
JSTQB Foundation (ファンデーション),"\2,300",送料込み(出品者負担),'4月6日,'19:01,あやこ
PS3ソフト セット,\600,送料込み(出品者負担),'2月26日,'11:28,kkkwkm34
キタミ式イラストIT塾 基本情報技術者 平成30年度,"\1,350",送料込み(出品者負担),'2月26日,'11:21,みかん
【特価】PUBG 荒野行動 フォートナイト lr コントローラー 黒　ブラック,\649,送料込み(出品者負担),'12月2日,'23:57,このユーザーは退会済みです
